id,f126,f138,f144,f168,f186
1,19707.88,52024.75,7718.837,0,4319.369
2,17154.88672,58252.47852,0,6286.957397,0
3,51250.18,61795.54,15122.37,24924.11,16761.61
4,15414.25,28618.05,7217.242,18405.15,22058.53
5,16773.88,45485.55,10999.59,15703.44,16325.72
6,19791.92,43975.09,9557.073,12486.07,8497.444
7,19489.96,46042.93,7749.659,16962.34,9976.037
8,18637.25,42742.29,0,12184.91,6581.612
9,12664.1,35267.24,0,14039.25,6937.991
10,33282.24,50227.6,18309.19,15279.07,0
11,27762.43,33914.83,6076,13411.8,10672.43
12,26728.69,43405.23,0,0,0
13,19170.94238,38047.32227,10982.28638,9338.850342,0
14,23184.15674,24049.21631,26087.02832,10195.22656,32682.93652
15,26142.09863,37559.73828,30517.28076,16475.70557,89029.96875
16,12941.32,40962.87,0,11616.93,16051.41
17,15139.31,14974.93,5378.416,0,11673.97
18,25697.81,30726.96,6911.919,11626.34,13773.76
19,33653.44141,55363.39063,8265.768555,7585.567627,6539.766357
20,36004.77,58189.72,8866.504,0,12771.91
21,38151.54,34234.24,5497.314,17482.78,11760.57
22,26520.09,38226.38,0,6609.297,6397.145
23,15713.49,22721.79,0,13441.83,9368.718
24,16476.16,15226.54,0,11320.83,5098.635
25,16835.67,33690.11,7297.563,8097.209,0
26,21044.2,24272.93,0,7001.257,13307.58
27,29840.43,37176.02,0,15282.43,9179.262
28,29951.06592,43540.50098,7328.890381,0,6107.821533
29,27153.69678,35387.1748,10782.51318,7436.069092,0
30,16065.88,48851.7,0,15009.63,0
31,18265.72,18282.79,0,9816.633,9349.522
32,15143.08,42320,0,16042.75,13138.21
33,29686.24121,42513.71973,6272.174927,0,4676.093018
34,12781.72,22627.93,0,9551.942,11143.8
35,27858.79,36218.39,9662.259,11264.9,9009.842
36,22213.0498,44122.50586,8341.497559,10427.63989,0
37,17910.62,35572.69,8378.323,13031.93,9001.604
38,18540.0874,42401.90039,8329.871338,26663.82129,30066.96875
39,13854.72925,15731.85791,0,6767.911499,11905.82715
40,36954.23047,22897.94336,6464.753052,24641.34033,27079.01172
41,22455.00146,45938.12207,0,0,6471.982788
42,26078.83,41412.61,0,7313.22,8393.733
43,25176.98267,58297.63281,15374.43799,9883.654541,9031.669922
44,31760.19,52892.81,5345.788,12822.97,8585.636
45,14540.36,46354.51,7911.813,13438.69,9881.811
46,44363.37,53630.88,9408.158,11354.43,13248.35
47,14962.38,21284.13,0,8176.166,6292.934
48,31678.69,51426.62,13362.82,0,0
49,25786.96,46174.37,6855.422,13702.02,9043.586
50,26945.72,18311.14,0,11360.37,9625.955
51,8723.965,14725.53,0,0,10435.76
52,24046.65405,64772.19922,13803.22119,0,4621.981445
53,36921.01,43716.85,14924.77,9000.792,6941.126
54,57658.49,61818.95,14104.34,6017.028,8634.387
55,33570.875,62244.55859,12196.95337,0,0
56,34169.50293,60443.49805,8889.673828,7764.355957,0
57,16949.1,17317.04,5309.493,6238.49,8313.764
58,19013.65,45984.35,7675.664,18730.45,12660.74
59,14133.48,23213.36,0,8565.815,7733.803
60,43007.14,38516.58,0,12581.84,10936.48
61,22343.75,25509.18,0,8714.049,0
62,28888.21973,41355.33398,8114.107544,9229.463379,6040.648926
63,26986.02,43622.56,5885.343,11300.33,7562.581
64,7731.957764,0,0,0,19073.26465
65,12599.28,22801.38,5593.533,7022.891,9208.294
66,25612.4,62519.96,13206.15,12324.86,6131.789
67,0,29459.8,0,9464.545,10288.42
68,22762.58203,54855.51172,11400.75708,7927.269043,6365.803223
69,20874.9,43888.37,10476.63,13214.53,11286.5
70,61889.68,58437.54,13350.64,12203.88,0
71,31446.84668,31993.73047,0,0,0
72,27012.1,63166.49,7480.354,9581.15,0
73,16412.58496,31236.86719,6821.76709,0,5530.234375
74,20408.53,37337.61,0,9301.914,0
75,18412.11,39835.71,0,0,0
76,19019.61,31756.16,10500.09,10011.37,0
77,56089.06543,16235.16797,11808.69458,45789.12305,11870.76563
78,13328.63916,42765.03613,11451.68481,0,4563.473389
79,38104.49609,31708,23227.11963,9851.083252,55582.66309
80,10073.76,10569.97,0,0,5326.097
81,23560.58398,0,0,0,19760.78223
82,23706.90576,58386.81445,10695.06104,0,7173.677002
83,70692.94336,25892.64014,31132.61426,13929.25244,120816.7344
84,7675.714,22019.1,0,8715.75,0
85,17777.13,36136.56,8647.2,8893.864,14582.71
86,30358.74365,49556.5127,9729.17749,12487.14404,5159.767334
87,33317.67,48528.85,11071.1,8672.281,8348.107
88,12011.73804,25905.46973,0,0,0
89,23570.20508,37467.22266,5872.384888,9815.983398,4047.468018
90,0,31400.26,7234.623,0,5171.449
91,11524.40137,22057.88281,0,0,0
92,14375.95,47816.92,8096.711,17847.25,19621.31
93,23549.01,29256.88,0,7631.416,5114.437
94,30306.89,47559.42,9487.319,11710.63,17324.97
95,20438.35376,35350.35059,0,0,0
96,18485.32,42263.73,10391.54,6689.267,0
97,17274.59,38665.96,5786.729,9484.327,5316.844
98,9737.076,7822.143,0,7251.353,0
99,15405.60962,31385.72852,10260.33374,9329.499023,0
100,18874.01,62989,8323.239,11893.97,6653.923
101,12969.01,22834.07,0,0,7263.934
102,18446.99414,40682.87207,10380.37427,10854.30786,0
103,22242.34,46269.92,8548.833,19340.28,11808.86
104,28277.99951,60554.42578,11130.65234,14528.57373,6619.660156
105,11465.33,37185.04,12770.51,11408.42,0
106,19552.2832,22189.1333,0,8460.984375,0
107,26127.99,50311.18,7794.306,15430.98,23582.42
108,21272.3,29264.54,0,12400.69,12362.12
109,10674.87,23530.98,5780.61,0,0
110,15867.09,42930.14,0,14387.96,14835.36
111,15354.53,39262.64,0,13331.87,22816.27
112,13999.8,8941.073,0,0,0
113,33140.94,51807.09,10635.15,24177.47,25808.24
114,17725.48535,55357.54297,13067.37695,12532.85181,0
115,12316.82,13042.17,0,0,0
116,47639.09,61416.85,0,24240.32,29190.16
117,27782.07178,37564.84863,11262.27002,7748.75,5773.749512
118,34301.28,36965.59,7340.088,22078.27,25052.2
119,26274.54639,54841.6582,9895.344482,0,0
120,26644.24,38475.15,7095.816,17000.95,14334.59
121,18881.38,24297.78,0,0,0
122,91976.6,25373.31,0,76632.68,5099.122
123,24083.8,60846.4,7644.746,14852.08,11207.83
124,36197.99,43625.21,13456.85,14319.04,7845.212
125,43730.97,52579.62,7290.07,17785.04,19482.2
126,8748.151,20004.2,0,7586.629,0
127,22372.56226,28062.86426,5832.433838,0,0
128,41485.68,61138.07,11553.49,23886.44,17748.74
129,18824.76074,49930.69141,10635.61304,20357.67383,32023.87891
130,12574.32764,13747.36475,5980.056641,9824.110107,6044.75
131,48503.82,50292.02,6325.721,19586.63,19353.01
132,33439.61,37068.79,13730.44,11427.8,13633.7
133,16681.67285,49831.52441,9686.5896,0,6651.328003
134,31298.01,59252.88,10070.66,7002.733,6597.703
135,24962.36377,8175.002197,0,33546.37988,0
136,16214.36963,48795.85059,10671.29565,0,5198.876709
137,43072.17871,62799.11328,47652.4834,22793.41504,183683.1836
138,16280.36,24379.58,0,11847.84,0
139,27610.4,39477.37,0,6692.892,8391.786
140,15783.49023,6152.072388,0,0,23078.31445
141,19613.18,39729.63,0,9183.011,0
142,39779.53,47019.47,6366.114,16554.49,13000.41
143,25381.91748,0,0,25008.2002,0
144,139107.293,29539.87891,24592.08398,130481.0859,91580.41211
145,12338.146,31353.16016,0,28154.9541,29167.68652
146,18861.03,51161.12,11245.65,13050.84,10099.43
147,39739.62158,62560.60156,0,13272.83008,0
148,6804.103516,0,0,0,8968.994629
149,22031.02,22993.66,9583.464,9009.027,0
150,50376.83301,44770.62109,42961.39746,14051.90112,101662.293
151,8577.420654,5983.938477,4974.900696,0,14800.52197
152,46040.3,60971.5,7303.895,17079.13,10539.52
153,19396.55957,8620.694824,13740.23145,0,38984.24414
154,14403.55713,34475.0918,11115.51221,6170.7052,0
155,13877.11133,20439.59033,0,9902.496338,14013.73145
156,12450.79858,5686.208008,11744.79468,0,26523.9624
157,21362.82,55921.1,10104.31,14866.05,12006.78
158,27793.23145,65283.67578,8356.970459,9660.147949,0
159,17251.33618,34190.41406,0,0,0
160,10093.61,13160.13,0,0,0
161,10808,16589.53,0,0,0
162,278581.918,46964.12695,14267.23315,30050.63574,45916.94336
163,38041.29,46221.41,6858.625,16303.23,9948.475
164,14467.99,19277.26,0,0,0
165,12113.66,33568.45,0,15515.47,14043.2
166,10334.31,19071.36,0,0,0
167,16753.71,33901.58,5917.126,21371.57,11855.64
168,30062.3,53490.71,0,16233.92,0
169,37802.26,51196.1,14463.18,0,5817.058
170,14795.53,34373.11,6322.202,7881.527,6445.781
171,9340.034,14335.89,0,0,4809.399
172,24058.81,42930.03,10458.49,0,0
173,15603.39,39703.13,7240.487,8799.81,10247.35
174,24231.74194,40931.05078,0,9402.19873,7431.38916
175,6745.38,13906.81,0,0,7593.891
176,7965.022,33607.1,0,16376.77,16733.54
177,12418.57,37258.33,5749.438,12018.35,13880.75
178,23282.37671,47468.4502,6347.739014,10672.34717,6883.276367
179,14283.32,46594.13,0,6894.533,9139.422
180,11119.27,17904.44,0,0,5952.495
181,7601.439,18794.26,7123.765,6469.374,4369.007
182,12887.24,36059.75,6827.867,15885.5,7283.811
183,21547.42,38901.45,0,0,10208.03
184,21423.13281,44882.7627,13047.5061,11548.7876,9004.849609
185,16865.79,23787.48,0,0,7586.797
186,19452.95605,54687.00488,6275.049805,0,0
187,71570.08691,23686.17627,0,25256.79834,0
188,17891.8291,40647.01563,7445.597168,0,12003.36035
189,19651.28271,50909.64453,7058.197388,14842.60352,9645.694824
190,17032.60645,25800.35352,8588.111084,8010.023193,6242.45166
191,7828.912,23231.17,0,0,5922.676
192,27359.64,36009.61,0,21767.69,9446.667
193,18031.65234,54463.82227,15265.7876,7761.362305,5546.388916
194,25495.25,23945.36,0,10254.81,15953.83
195,41633.36,54391.57,6435.317,10032.19,5387.787
196,52761.11,25775.7,0,0,7071.853
197,10208.4,10905.98,0,0,0
198,7808.786,15861.8,0,0,0
199,23871.99219,25680.1167,0,0,5971.704102
200,25272.23,53362.33,9747.403,11221.51,0
201,5726.636,22637.22,0,5527.896,0
202,23065.59,34756.4,0,12277.46,4807.908
203,38122.22,55822.34,6671.584,16097.11,19883.45
204,17612.9,14359.59,0,0,5726.809
205,42328.1001,27635.7959,7701.443604,0,0
206,63945.76,56151.77,0,20264.85,9884.04
207,32884.95,48364.91,15972.45,10809,9775.592
208,18071.35,43838.09,8700.233,10503.32,5101.15
209,19862.52295,37612.55371,8592.222412,0,0
210,20650.54932,28530.2168,0,0,0
211,31187.97559,44652.0498,7882.277344,11375.56396,0
212,28340.05,32431.99,0,19524.3,17558.47
213,23739.44336,45763.43066,10539.46362,0,6432.087402
214,8777.443,17235.77,0,9701.229,0
215,26738.81152,25221.0835,8553.273438,5523.936157,0
216,42857.5,21724.93,5834.966,8816.35,5516.261
217,16470.39,64772.9,11638.32,20748.75,18041.96
218,19997.4,30726.36,0,0,7473.016
219,38691.70459,27982.16211,10001.94604,0,0
220,62692.3,22556.27,0,0,4347.842
221,19476.11,28054.26,0,15611.34,13513.1
222,159850.6,46201.69,0,23496.25,27884.54
223,21824.76,53852.77,12511.49,11388.72,11744.35
224,10158.4,19577.73,0,12225.17,0
225,13576.80957,46761.00781,6403.82959,8390.430054,5050.978516
226,12684.49768,26494.86572,0,14795.95825,4399.287842
227,29406.78,24896.56,0,8154.784,0
228,9405.574,13706.34,0,7040.974,0
229,70255.59,17648.84,0,0,7712.694
230,42811.38,46288.4,10167.51,22131.52,19330.28
231,43434.33,22192.22,8063.373,10895.81,0
232,17992.71338,29701.48633,0,6792.9375,0
233,6283.01,12562.37,0,0,0
234,22038.05,24234.45,0,9720.509,9937.193
235,19268.39111,43751.24805,8310.824219,8933.546875,0
236,33151.66,27985.29,0,12873.05,12393.97
237,55891.25684,32845.08984,0,0,7384.773926
238,37681.65,18828.13,0,0,11310.61
239,16192.98,32029.68,0,7089.926,5432.131
240,0,16579.79,0,0,9357.783
241,20282.17,52760.5,14048.56,9450.166,8599.818
242,18793.14,24560.32,0,15982.65,18400.15
243,63224.28,29051.56,0,10535.22,11186.17
244,20012.39,37381.41,7366.963,12638.15,10596.88
245,75787.11,37154.65,7005.888,15663.76,0
246,29599.08,47021.03,6299.518,16697.37,11758.24
247,80378.31,30466.89,0,15713.46,6206.234
248,18374.47,39073.35,0,10635.94,6060.187
249,123257.7,53965.78,12164.25,18758.33,19566.54
250,0,9262.87,0,8754.542,0
251,39801.37402,26733.45166,0,0,8959.953125
252,20256.64,42631.6,8591.406,19372.81,9354.456
253,35735.99,52468.61,0,25073.33,21260.84
254,37437.99512,0,6546.778442,16402.60498,10863.39575
255,18392.9,24824.63,0,7058.93,5904.9
256,40765.50391,26134.83105,29601.89941,13161.3877,61199.09863
257,86552.05469,43564.40137,9051.25,6847.559326,12122.75732
258,19508.21143,57746.93359,10416.18262,12473.66895,8368.203369
259,7111.427979,0,7182.328369,0,14503.62378
260,78429.65625,65152.01172,11862.69287,7673.887939,8177.733154
261,99028.18,37665.87,0,12915.98,13068.24
262,22932.87939,57665.30957,13555.5127,9263.126465,6595.938232
263,21296.54346,7599.092041,5680.824463,0,21124.87354
264,23172.0437,58009.50391,0,14828.95337,8079.711914
265,5459.869507,45714.00391,0,65831.44922,7829.744385
266,33445.67,37568.23,6124.611,15484.08,12109.96
267,12167.73584,0,0,7628.335449,17328.48584
268,27450.02,60533.13,9933.084,29806.58,26607.31
269,10638.81909,15209.38037,6007.956055,14723.26807,35568.95703
270,31023.22607,6910.644775,13834.7854,7586.564453,43691.44434
271,116757.7,44860.35,8397.729,19278.82,14713.19
272,24590.66,45452.05,0,25477.88,23817.46
273,79067.21289,42335.89941,38657.71875,26903.89307,153979.3359
274,143494.1,64388.32,10253.05,19435,19546.19
275,69332.10352,39208.98828,43736.96973,25920.2041,173546.9727
276,42889.17676,13321.15576,14907.28345,13234.07104,81146.8125
277,36518.19336,13419.85645,17795.79053,8327.732422,87512.99805
278,43035.78,22214.69,0,9336.136,6868.134
279,29188.07959,6344.637207,13347.63477,15898.16455,32151.09766
280,12066.82178,9594.030518,8557.509521,0,34101.04395
281,15401.21313,6895.15918,6944.078979,8027.489868,28903.06104
282,52181.17236,57709.41992,7970.980469,8718.731201,8035.033447
283,55227.60352,59650.34961,7565.809814,15046.00879,8905.527832
284,66946.32422,36505.81641,33390.96094,27076.00439,159417.4805
285,65768.58,29923.96,7452.364,11396.72,16042.36
286,26231.33887,14427.41357,15683.86719,10054.54321,61933.33594
287,5544.64978,6945.962036,8042.077393,0,17068.24072
288,52165.5,52983.48,11060.97,18541.3,27297.54
289,36912.16797,0,0,34557.61621,0
290,15272.63,30987.61,10257.35,10285.78,5512.963
291,26360.01,31736.23,0,13473.53,13201.73
292,27149.30371,38221.4707,11056.64526,0,0
293,30084.03125,24329.15918,26873.79688,9624.376465,56273.30957
294,40983.875,25612.99121,6723.3396,7135.720215,5622.027344
295,54605.29,57169.27,9013.153,25878.87,8636.284
296,10438.54175,0,0,0,17066.70166
297,45733.25,32467.79,0,26594.73,19984.6
298,27595.52246,14699.5874,14737.17505,6396.581055,54929.0127
299,0,14814.71,5916.82,0,9752.677
300,32207.27,48900.21,18227.17,12768.72,17229.57
301,11104.51465,5229.73291,0,0,10362.46948
302,56373.44,24456.49,0,0,9400.331
303,49761.41943,52532.05664,5601.790283,7313.090942,0
304,40570.12402,40774.22949,8791.686523,0,0
305,34493.01,29906.91,6077.725,7982.513,6140.805
306,7143.810791,6679.049194,0,0,15278.14551
307,26337.86,17419.53,5621.535,0,6101.91
308,21983.12915,64703.21289,11647.05688,15499.06152,7368.943604
309,12154.21,29928.19,0,0,0
310,24402.31641,10411.1604,14476.57886,12215.90649,44966.77832
311,18407.73,37072.46,11965.75,8771.611,0
312,12280.59668,5372.468506,6342.667236,0,8905.297607
313,79126.34,21743.61,0,14308.26,14361.99
314,73772.26,32885.74,7330.505,19031.27,5719.044
315,23278.7,51301.19,5428.018,19522.84,11066.86
316,30161.17,55408.9,9760.147,21744.4,25291.62
317,48879.31,48724.91,12018.99,22697.48,23980.05
318,31552.34,61145.84,10908.94,24679.47,27791.27
319,0,15379.04,0,0,5459.502
320,61872.99902,50332.28906,9944.861572,10369.50073,8133.268555
321,35817.43896,43914.25488,8393.378906,7113.75415,5209.020752
322,15349.75,44800.35,7685.272,23083.78,29639.89
323,67420.4082,49101.46289,15028.06543,0,10459.8999
324,19041.81079,58873.4082,7013.668457,10998.84644,0
325,14028.34,28938.11,4657.559,0,4939.392
326,16716.12,40401.12,7805.568,15912.8,19689.6
327,14677.06,24627.54,0,11960.82,5637.22
328,17519.69,15761.35,0,11316.1,4762.872
329,23336.65,36181.82,7454.858,14870.57,7826.679
330,0,15378.39,0,6697.257,0
331,38949.66,52636.12,5477.94,15551.52,13105.32
332,13217.7,32167.1,7953.589,11584.7,11830.88
333,7546.846,26908.77,0,8558.226,5093.763
334,34843.4,45075.23,14210.75,22621.38,20390.18
335,51484.49,58730.57,10957.38,22465.16,18027.43
336,32347.57,34467.64,0,18142.92,11806.3
337,46166.46533,58549.8418,11944.34473,12257.94629,5927.675781
338,13671.98755,33264.65039,13144.29126,10149.09961,0
339,62111.56,61392.12,9028.681,20647.63,23916.15
340,37092.4,48425.47,10519.26,13901.54,7725.115
341,43363.88,53206.31,8272.454,15720.79,11083.39
342,39076.35,47754.52,9935.748,17713.45,25327.57
343,48262.0415,59831.94336,6169.571899,13564.70801,5608.558594
344,39417.16,51627.45,6825.996,18356.03,12916.63
345,18203.29,15512.25,0,0,8351.54
346,28858.53,47172.53,10751.77,18737.2,16601.63
347,33200.77,20107.38,0,11902.87,4697.037
348,8386.478,9994.429,0,0,6266.147
349,39625.46,8869.246,0,6425.976,7837.521
350,71428.68,56233.17,10008.32,21458.82,11165.65
351,0,7390.232,0,7906.454,0
352,19975.67871,54623.00391,9612.080566,0,6672.513428
353,10593.6,7642.588,0,7631.077,0
354,28710.26,38983.1,7020.901,9144.471,9440.949
355,37908.37,59855.19,14170.06,23571.12,13971.56
356,26355.1,20792.61,0,14120.02,15581.12
357,30861.2417,25822.34375,0,10425.85791,0
358,0,23867.95,0,0,3968.519
359,24045.91455,22871.63672,0,0,0
360,9151.251,10895.15,0,0,0
361,31107.41,43752.51,5400.155,16172.21,20745.55
362,35327.45,57861.6,13476.12,13843.95,15418.67
363,37170.88916,57749.74609,14272.10449,6073.328369,4747.502441
364,22690.00195,58908.47461,15610.74316,8347.639404,9212.223145
365,14111.37,21933.13,0,0,0
366,18999.79,19359.98,7701.981,5741.936,6564.012
367,9018.46,22267,0,5965.077,4792.086
368,19102.51,52855.08,10455.28,28472.8,24509.61
369,39531.03,24165.43,5582.694,12224.69,4863.74
370,18360.4,24431.65,0,0,5468.657
371,24735.09,19831.85,0,0,4257.019
372,48484.93,28068.88,8054.603,0,6602.51
373,23956.22,57534.49,7953.922,0,7051.267
374,38113.2,54023.82,15212.73,18148.82,8513.638
375,0,13555.32,0,9101.521,4554.103
376,5928.185,7268.132,0,0,0
377,41708.75,59530.5,9931.771,28879.57,17207.58
378,24299.42969,38084.9043,0,10517.37061,0
379,29456.54,17695.45,0,0,4503.314
380,34915.62,40024.3,0,11821.57,11280.46
381,29040.6,35353.73,7731.217,8885.158,0
382,36933.64,55107.36,13906.53,8138.106,5665.359
383,17093.27,59072.09,16072.21,22777.67,19360.45
384,58283.46,60810.14,10054.74,26769.29,11384.72
385,25821.89,50594.65,9620.162,23238.05,26984.73
386,58803.13,35651.12,0,12772.5,0
387,23161,36892.65,8267.068,14628.74,11800.97
388,52016.96,52159.01,9604.326,11767.84,13112.05
389,26797.98,34786.89,6214.068,13008.97,12182.77
390,18295.83,37723.44,0,16282.05,14738.32
391,18812.55,41726.47,5397.361,8717.417,14829.02
392,0,20180.28,0,8114.282,0
393,19101.29,30073.5,4605.534,10602.12,5430.509
394,11822.7627,8758.61792,9096.129883,0,22004.38818
395,6529.469,9143.748,0,0,0
396,38638.57324,12576.96021,5345.462891,48272.03418,16497.46216
397,70687.9082,64394.17578,7747.308594,12397.25171,6877.85376
398,54745.68457,22179.98389,11212.86377,58606.78711,49923.11133
399,24526.86,58982.14,13265.6,23543.17,14776.83
400,18846.69141,12919.49243,11132.79614,11108.81982,22780.81836
401,16564.75879,59006.49023,0,0,8005.662842
402,57285.16113,13775.61084,15942.03369,14680.03027,28063.7915
403,13881.87695,7074.397461,0,0,7649.766846
404,14777.54,11713.95,0,0,7863.897
405,6520.521,21272.14,0,7512.441,0
406,122200.248,18417.45703,0,111688.6738,16643.61133
407,11253.13159,0,0,13524.06201,10488.80933
408,56345.69043,36156.40332,26444.18701,16380.31592,84104.88867
409,17559.08,34144.64,6449.232,6551.153,4707.487
410,32992.74609,8230.87085,0,10290.2583,15229.18066
411,17366.5,30578.34,0,12693.06,9967.745
412,18629.59082,0,5833.526855,11440.6123,22953.0708
413,67645.87207,28483.61328,22821.73389,41535.77051,74818.76172
414,42654.67188,24301.59814,28989.21094,28985.60059,84191.95117
415,36476.00195,19064.39746,11441.61084,31286.44385,25316.04736
416,7208.472,20025.96,6906.755,0,0
417,32055.62793,14234.27051,0,21408.05225,20061.33594
418,109351.7793,65240.86523,62445.45703,37519.8457,203211.2305
419,8423.777,12501.53,0,0,0
420,34695.38477,14636.25195,0,6671.87207,35914.05371
421,29541.17,24168.95,0,15934.97,13009.43
422,29714.13,34284.1,0,19626.65,8739.445
423,15423.41846,10946.69214,0,11470.0105,18771.81396
424,27023.19971,21973.68359,12615.08057,18709.0249,25060.0376
425,31378.30811,7709.955322,38548.62695,19208.77441,11328.99976
426,13940.35,14681.07,0,0,5841.591
427,18898.89282,14580.17261,8649.494873,16176.4707,19116.76465
428,0,15371.23,0,6061.477,0
429,27785.82227,6910.387573,8623.996338,7191.308838,25726.51074
430,31086.18164,12395.52881,11284.69849,13989.56641,41775.61133
431,260867.7656,72380.74414,63031.02051,189719.2813,255144.8203
432,25974.72,56015.59,13538.69,10355.55,7084.877
433,62631.5127,19089.55957,10040.29639,72798.86523,30178.13916
434,16778.14648,9811.378174,6086.143555,15496.31885,46953.87305
435,34689.06348,7180.226318,12163.22314,14512.52393,48352.81055
436,58291.37793,39334.06152,39660.9248,25135.25439,183830.0586
437,38062.33496,10323.47583,13747.49487,7018.984375,40969.66211
438,16627.38,42531.04,0,11943.31,11901.36
439,43989.99121,28741.73975,24506.83252,28651.59766,96808.96289
440,26768.85645,14569.15625,6989.993408,8996.674072,43932.26367
441,135033.5,44209.71,0,160201.9,25835.51
442,22640.65,45978.72,7634.94,8800.949,10411.45
443,16687.76465,8671.169189,8625.21167,6541.270752,32896.99805
444,9945.188,13983.24,0,0,0
445,29695.97363,40365.48926,7421.596191,12677.73071,7552.927246
446,13299.14111,0,0,6883.020386,0
447,20105.79,39225.15,10264.86,14394,8020.995
448,43062.2832,31232.67578,31153.87354,33626.7207,72522.11719
449,22044.51953,18392.08887,18041.75391,15401.83154,41309.70898
450,38422.7,47562.67,9477.21,12266.02,16396.33
451,11828.09546,5064.213501,6082.595459,6676.318848,17460.71875
452,37103.78516,32088.31006,25901.26953,14957.38477,86360.45703
453,12610.84668,14686.60205,7019.569214,18920.46143,12706.7583
454,20339.85791,10778.18848,0,15024.92871,23011.67871
455,27391.08398,9689.164551,9500.351807,13831.48877,45025.32324
456,17745.88013,19327.70654,0,8894.22998,9522.562012
457,19934.8335,15581.49463,0,28742.50977,0
458,12731.18262,0,8386.349365,30573.24316,9875.682861
459,46619.90527,56284.90918,0,26712.49512,22673.01953
460,32895.34473,60476.16211,14376.0813,7642.139648,0
461,32637.05811,56501.01074,14242.96631,58278.27539,63849.51758
462,39390.68896,54568.59668,7947.397827,17240.67969,18532.32617
463,40585.97,59205.78,16086.1,17422.54,7786.203
464,39114.73633,14566.91211,15248.38232,30637.33105,66139.69727
465,26833.11,41160.8,5822.298,13672.72,13836.19
466,27381.75,14379.66,0,0,0
467,7506.545,22088.8,0,6985.653,0
468,48652.9541,93961.3125,0,151260.1328,26348.46924
469,7545.229492,32068.67188,0,0,17435.50684
470,42410.83,33200.59,7920.952,13593.4,8627.282
471,19443.98,29151.27,0,7964.056,8660.748
472,53016.9502,56348.84766,5054.009033,41062.85547,33969.51855
473,23526.19092,64644.67188,19278.76367,0,6915.552002
474,22821.84961,20165.97852,6381.339966,0,0
475,16472.32,26976.9,8886.177,11969.02,0
476,8391.565,14829.11,0,6063.376,5791.842
477,9064.683,27654.64,0,0,0
478,5155.159,8005.542,0,0,0
479,19141.73,26567.64,0,12922.83,10513.87
480,25510.71,14054.3,0,0,0
481,20989.47,46433.64,0,17550.15,14606.51
482,36095.99609,60552.68945,15420.38623,11132.53516,7976.087158
483,25126.43,23624.51,0,8718.652,10310.66
484,15844.79,14216.51,0,6756.857,8398.572
485,38167.8457,60894.99414,9114.002197,33680.26855,38469.54688
486,11986.84,14753.56,0,0,0
487,8298.922,19699.31,0,7311.517,6178.122
488,48099.22,21755.52,0,12752.93,10850.6
489,17742.79,9818.313,0,9082.834,0
490,18079.4668,29396.29102,7480.491577,21238.10352,20707.64551
491,27263.35791,52466.86816,10767.74023,0,6260.185303
492,17004.24,50766.25,0,12721.5,10210.53
493,18263.09,26096.19,0,10248.62,0
494,17523.06152,17113.1709,0,17805.72803,10092.27197
495,34285.12891,20251.44873,0,17915.90186,16829.83691
496,12360.43,42293.65,6854.861,16771.16,15191.01
497,23830.71,44161.7,8981.303,9777.798,7797.296
498,0,25911,7323.851,7733.677,0
499,16058.71362,30356.9375,6897.955688,17725.75439,19375.56641
500,28763.86,58448.81,8468.749,16614.61,18679.13
501,8318.769531,6812.829468,0,0,0
502,23680.92,32923.27,8145.816,13445.56,0
503,0,14628.11621,0,9144.373535,16737.74854
504,12822.84,26180.44,0,9985.056,6407.677
505,34561.74,57885.54,12833.19,22487.37,21438.81
506,12665.95,19390.36,0,0,6148.755
507,10546.46,11941.28,0,0,0
508,0,26126.0835,0,15506.17725,16781.40576
509,8475.993,26252.72,0,17694.55,15764.68
510,0,14543.13,0,0,8291.768
511,7735.493286,14697.61963,0,0,0
512,14470.77,20489.57,0,12917.59,9039.854
513,18469.98,35505.87,9003.156,17779.42,11970.38
514,26327.63,10855.48,0,11926.73,4819.156
515,41681.75781,49068.48242,7684.605469,36413.65527,34900.8916
516,10738.28,8173.541,0,0,4612.992
517,28895.45,47582.83,9630.74,0,4564.597
518,246102,57603.76,9848.59,145932.8,12775.92
519,0,14389.25,0,9587.398,0
520,0,19020.92773,0,11120.00977,10926.4707
521,6681.136,25752.27,0,0,0
522,20780.77,45731.45,8055.3,19379.99,25454.72
523,0,8797.950928,10246.02197,0,0
524,21366.03247,29007.54492,0,22585.61377,20426.44043
525,6095.166,19529.35,0,6656.559,11418.68
526,21888.58862,28798.49463,0,16980.40527,27569.39258
527,20230.52,39762.19,6844.168,18395.12,22682.64
528,32910,41262.78,8483.002,14056.71,13159.5
529,41367.70117,56823.44629,0,47664.52637,44804.52148
530,11663.37,28604.77,0,14236.66,8740.87
531,26967.05,47902.79,10063.84,13913.82,13057.46
532,11938.16138,13817.27637,0,14053.81348,7166.968018
533,35089.11,34892.09,0,9149.299,12494.68
534,45310.65039,53463.14355,0,28793.62695,36900.75586
535,16505.23,34132.36,10868.06,18942.41,15646.41
536,0,15316.1,0,6356.088,0
537,80491.47,53684.77,7917.197,12767.16,9522.729
538,24146.81641,35989.94824,5098.881226,5813.441162,0
539,24022.92,27326.39,0,7944.531,0
540,30450.32,63000.69,9408.596,29700.22,22180.97
541,25927.24,46895.24,10070.06,13489.25,9447.277
542,9550.059,21520.54,0,5962.207,0
543,14254.22461,42037.56543,8047.617676,6893.060059,0
544,0,16525.4,0,8368.249,5172.549
545,24475.18701,36116.58789,0,76598.125,15685.41992
546,13834.98291,59953.07031,5308.960205,10257.99097,0
547,31646.92871,36055.19922,5880.010498,19193.89063,23467.9043
548,200320.2,39032.75,7447.512,100853.7,4345.564
549,9950.03,30308.33,6510.577,11281.85,0
550,27859.45,20741.72,0,6071.651,0
551,24831.01,32737.82,0,12634.1,9195.547
552,17397.8,13907.53,0,0,7707.88
553,28839.19,20629.82,0,13976.44,0
554,41361.95,26000.33,0,19363.64,0
555,0,19278.36,9438.706,12361.74,0
556,8539.066,13843.82,0,0,0
557,13181.73,22065.69,0,7356.042,8425.794
558,28752.96,55183.54,8439.432,11662.64,14385.83
559,22084.22,44036.63,0,21832.2,26938.38
560,11999.21,37890.54,7316.531,14886.53,10196.83
561,0,12688.04,0,0,4108.95
562,14960.42,42035.63,7307.496,12486.05,5250.104
563,26705.37549,17520.46338,0,12611.24902,0
564,24157.54,54399.64,7510.961,23977.49,18366.4
565,14404.94,10940.72,0,0,5243.367
566,27027.81,49758.45,7903.268,11396.26,5691.596
567,30349.17,48237.79,15001.48,9687.699,15072.61
568,19501.33984,41100.38965,0,21658.16357,26930.56348
569,37527.06,42795.6,0,15121.19,12303.64
570,14127.01,12042.5,0,0,0
571,12794.07,18494.1,0,7077.061,0
572,30383.02,54395.48,13135.01,20137.38,15200.94
573,13244.06,43694.33,0,7374.4,7753.853
574,25843.27,60633.41,12003.89,26394.04,22742.67
575,24658.81,44075.8,7610.565,0,9474.408
576,10858.43,50991.04,0,16067.47,14289.84
577,109639.6,64361.88,11951.26,19649.83,23382.51
578,0,12639.71,0,7605.978,6130.5
579,12640.91,16168.77,0,0,7072.395
580,14963.94,29044.12,5072.99,0,4933.468
581,15822.35742,50798.04395,8726.706055,7995.411621,0
582,32907.35,50295.71,0,21581.9,21930.54
583,18351.97,51232.34,9630.831,15768.84,9270.268
584,8812.585,14494.16,0,0,7765.159
585,18589.28,20627.34,0,8215.914,5689.488
586,6803.056,13077.82,0,9285.702,0
587,30172.82,12933.89,0,20108.55,0
588,23650.29395,47472.86719,8527.872559,8739.989746,6301.957275
589,48392.66,31545.62,0,8202.273,6166.385
590,152917.2,51885.47,0,131348.3,17745.85
591,10175.17,10097.85,0,0,0
592,9904.649,13349.53,0,6312.986,5987.99
593,10346.54663,0,7559.074219,0,0
594,12710.09,30483.33,0,0,0
595,145960.5977,13704.64453,8256.018311,144840.6211,12970.35889
596,13989.12939,8722.037598,8923.672119,0,7958.609131
597,403317.2266,56127.74414,46044.30859,303422.9141,147763.9453
598,98913.625,72345.80273,17643.74219,140753.0586,66732.70117
599,28190.3,52271.41,9986.716,13848.72,11247.34
600,76376.5957,10794.53833,13756.09863,25270.85205,15288.55322
601,59289.74316,47890.09473,46436.01172,18086.05713,69440.72852
602,15647.19,15307.26,6075.478,14853.13,8748.798
603,18833.85,33206.13,0,7272.906,8566.179
604,99831.76367,73752.97461,78908.86523,33255.89453,126006.9727
605,27524.57373,32923.23047,0,46172.90234,15774.46582
606,80960.41016,14746.17773,15342.2312,63891.64453,27652.4873
607,9068.671,21403.41,5616.462,0,0
608,557488.1875,73120.44727,53999.88477,463064.625,132862.9883
609,35320.42285,31036.98779,28881.11133,16601.3916,52550.74414
610,18971.03,31847.87,5531.471,8405.575,5311.554
611,12408.37,16688.32,0,7744.083,11052.08
612,113374.5,58245.81,9888.838,23442.52,16027.01
613,14292.08398,26152.90723,13720.95752,0,0
614,13800.88,24311.24,0,12650.03,7196.631
615,18819.2373,42797.87598,9782.467285,0,10176.20068
616,159448.8,55386.32,11427.2,116143.2,13164.56
617,20358.72,44760.56,0,11135.91,10022.07
618,10355.99,8277.83,0,7474.532,0
619,30322.89,50890.85,12305.89,22817.53,9818.194
620,7261.399,19616.25,0,11642.03,0
621,10336.05,23660.86,0,0,0
622,17677.03,47608.55,8879.365,6923.418,12885.83
623,0,12125.29,4769.617,0,0
624,39084.54,62782.09,0,28627.21,15924.99
625,20107.73047,53370.00781,13911.04639,0,0
626,6959.49,12537.74,0,0,0
627,23783.13,51678.22,11812.37,6685.029,9276.193
628,17339.54,32887.94,5663.529,15723.4,11354.99
629,16565.12,53010.57,0,14013.23,7646.321
630,47147.19,64951.46,5574.903,9928.281,20873.01
631,27448.49,54408.38,5708.931,23268.5,14747.38
632,70082.99,39536.41,8364.402,11385.72,7047.426
633,15489.69,30483,6178.054,0,4537.447
634,12128.69,32928.41,0,7492.439,0
635,11661.6272,39299.77148,5854.012451,0,6242.248047
636,10137.57,16620.81,0,0,0
637,16059.22,9483.978,0,0,0
638,10224.58,35434.75,6795.893,9168.943,11231.35
639,26150.22803,36141.59961,8496.680908,14248.30859,0
640,38233.85,13446.64,0,9844.093,5231.709
641,6951.93,15500.32,7500.151,0,0
642,42841.34082,55059.37891,10110.55713,9147.552002,0
643,22129.08,25327.54,5931.904,12937.92,6542.591
644,23437.98,34319.6,6404.79,6986.134,7032.617
645,25329.14,38884.76,7544.173,18755.7,10755.07
646,0,19242.13,7701.509,6483.578,4552.747
647,11804.68,17944.67,0,0,0
648,10936.8,8899.633,0,0,0
649,45098.73,60076.8,12215.29,9148.161,9152.096
650,7505.906494,37955.18945,6583.406982,6911.43335,0
651,17998.03,46435.83,7887.914,15174.81,7940.925
652,10117.01,14145.84,0,6790.444,7122.156
653,33105.91,7859.086,0,37074.43,0
654,24238.42,48862.91,10627.28,17611.21,14291.81
655,23358.54,59013.53,0,14651.93,5468.512
656,30019.28,40979.73,6331.044,15627.96,20302.62
657,16809.26,22095.52,0,6795.587,11109.5
658,17879.54,27318.58,0,8637.784,0
659,30704.15,21145.66,0,33085.5,6117.489
660,8947.617,31938.62,7664.694,9866.545,0
661,18526.2,44190.02,9645.031,18789.12,11100.57
662,40044.0542,48943.88672,0,11249.42847,0
663,12881.52,16071.31,0,14910.75,0
664,10970.78,23918.64,6333.154,6211.933,0
665,29063.69,60560.18,11680.62,19263.81,8213.101
666,19124.87,26757.66,11845.98,14000.59,5502.528
667,19730.18262,45515.16895,11255.66968,0,0
668,10352.96,11288.54,0,7757.971,0
669,8642.461,12225.9,0,5893.279,4211.853
670,18996.34,15255.52,0,7737.93,6440.87
671,14662.18,14824.79,0,12046.54,5643.977
672,11930.48,29422.21,0,14024.66,14512.23
673,22124.67,16951.78,0,14504.5,6076.732
674,12316.41,20284.98,0,9733.555,13832.08
675,44615.64,13170.36,0,28006.96,0
676,15048.7,30988.31,9077.028,0,0
677,8114.007,20113.49,0,0,5094.023
678,27870.6,26669.24,0,7573.25,8326.473
679,27981.02,30073.34,0,7952.321,8288.175
680,20424.49,37641.13,0,8985.472,8401.335
681,14119.34,28099.64,0,7504.817,0
682,21595.15,30975.29,8288.367,10793.71,4542.115
683,75916.32,43408.2,7432.013,22204.4,13372.51
684,81654.93,19787.62,0,65475.39,0
685,38202.34,38407.05,6279.429,6547.108,0
686,27033.92627,62190.58398,16696.23975,10569.65503,0
687,14211.09,20459.34,0,6599.589,7271.869
688,25480.30664,47021.79102,11483.40674,6396.337769,0
689,14395.54,35708.89,0,11341.73,12869.56
690,16000.97,36428.87,5909.741,0,0
691,17283.06,23217.38,6948.884,12566.27,0
692,8277.941,19871.52,5780.316,0,0
693,17188.46,15417.34,0,11251.89,12103.4
694,22514.99,17474.3,0,11581.88,0
695,16264.1,11859.98,0,7060.968,5398.993
696,13085.83,21042.66,0,14473.77,9454.441
697,15153.07,7809.241,0,0,7221.934
698,10170.78,15555.74,0,0,0
699,14108.39,30308.54,7008.051,6625.888,0
700,8844.386,15828.86,0,0,0
701,19685.12,55450.66,13573.83,15150.19,6229.3
702,13933.8,24941.67,6367.177,18381.32,9480.175
703,15585.18,22989.62,0,8367.112,0
704,16865.54,27911.13,0,16906.91,10281.34
705,39801.22,58126.22,11831.5,10508.97,6022.378
706,16929.37,24178.89,5709.148,9731.386,6238.385
707,20247.65,16690.12,0,7670.819,5291.499
708,15802.43,22280.67,0,19113.51,14737.55
709,17977.27,22080.93,0,14993.59,8557.505
710,29340.89,43484.04,9935.682,10976.92,6219.089
711,20893.78,32734.09,0,4951.18,6769.029
712,35247.72119,50443.3877,5789.927734,0,0
713,23337.35,31335.83,5690.695,8960.681,6481.516
714,21857.05,44963.81,7376.549,6829.696,0
715,21968.98486,48528.89453,10923.84058,6680.953369,7769.388306
716,9343.212,16706.91,0,11441.87,0
717,25760.31006,37696.33496,0,10789.51636,0
718,13532,30346.84,7850.919,9075.705,0
719,15816.69,34034.38,8366.184,10832.9,8923.478
720,21815.88,31488.03,5693.418,0,7973.993
721,14054.85,27725.62,5802.737,6519.543,0
722,8557.491,21371.32,0,10369.51,7200.989
723,35974.26,43733.55,6442.88,27291.54,17969.15
724,69297.46,50249.23,11642.93,37745.97,8291.034
725,10778.46,43188.72,11662.6,13932.46,8909.369
726,32009.42,47318.12,9317.532,22749.43,19468.37
727,22905.1,58154.43,6219.651,38560.77,29026.52
728,15922.45,37098.27,0,13873.69,8527.461
729,30701.46,25319.54,7299.371,21488.11,0
730,27053.53,57949.71,9434.054,25419.47,24009.59
731,16556.9,23286.78,0,12978.78,6873.532
732,26604.35,41541.01,7399.435,21378.39,18296.93
733,25876.01,25652.96,0,28621.37,9257.064
734,7432.335,13622.51,0,11475.28,9979.708
735,13648.06,28356.66,0,0,0
736,5464.773,8811.567,0,0,4233.424
737,60960.45,22727.27,0,46572.31,13895.68
738,16602.65,28479.38,0,14893.07,7210.313
739,40043.39746,40806.50195,9855.599121,20880.89014,11631.61694
740,7120.007,18366.24,0,8531.025,0
741,16944.79,22299.76,7148.533,15970.99,5872.296
742,29142.78,40447.63,0,31686.59,17895.02
743,91792.78,43963.48,0,72697.29,13477.06
744,41491.27,64593.49,7570.286,42270.35,16938.08
745,32578.24,28069.23,0,17396.12,10940.01
746,51187.39,29726.61,0,37897.62,8097.532
747,0,16195.19,0,9067.479,3921.786
748,34727.79,50042.55,10747.35,21026.73,11441.66
749,26786.65,51413.78,7360.933,10790.89,7616.321
750,32132.07,44793.84,8997.988,20563.3,7743.789
751,20663.75,33430.66,0,12656.99,7508.161
752,67775.25,38633.96,0,45105.59,10803.54
753,31551.58,60838.37,7576.803,14424.72,16875.81
754,67840.28,30612.15,0,47338.73,5764.365
755,117594.3,27890.71,8058.3,62665.36,6494.659
756,86275.92,27336.54,0,51067.3,7923.639
757,72325.09,35887.68,0,41595.46,6541.012
758,13351.12,36300.62,0,15137.4,11207.4
759,47197.39,37541.86,0,17970.36,9141.86
760,43712.59,39956.06,10060.13,26830.91,11560.27
761,80357.02,36724.07,0,69027.85,9082.645
762,89896.57,33959.57,4863.628,78547.8,16316.35
763,37432.99,23208.93,9069.217,13183.81,0
764,70553.19,18575.76,0,42868.87,5134.29
765,36564.91,53345.14,8245.429,14527.43,13624.88
766,38844.1,60095.93,6828.837,36592.75,29741.66
767,82125.37,41971.86,9953.895,65237.53,14290.49
768,27193.93,34290.51,12691.61,8142.702,4560.276
769,12229.65,32183.02,0,14515.6,0
770,0,17428.97,0,7188.815,0
771,27251.27,43017.88,7955.604,19825.82,16832.9
772,36406.56,62336.67,12769.58,12788.52,9643.864
773,36419.11,59153.66,6763.029,16709.04,9859.698
774,38215.11914,64476.01367,8412.713623,13816.91846,8036.064941
775,6143.082,10806.27,0,5575.059,0
776,68771.65,35329.19,7025.715,22180.6,19036.53
777,84535.4,49376.5,9658.493,56389.34,9890.603
778,26270.59326,59898.98828,11393.30469,14708.5686,5904.681885
779,11501.07,21724.39,0,10625.04,6698.543
780,22713.89,54598.62,8604.292,13818.15,0
781,27118.34,31349.53,0,0,0
782,41483.58,38817.04,7144.187,22042.5,16329.57
783,31135.52,61195.9,9067.531,20509.42,34156.41
784,30389.35,25696.97,0,21128.49,10495.76
785,19524.39,23805.92,0,0,0
786,41406.73,31838.64,6617.207,19683.43,8219.834
787,49592.04,64687.93,11996.4,30807.72,27153.56
788,71822.64453,35456.41504,14634.38916,53344.50488,0
789,16999.71,39542.33,9107.664,16913.13,19548.1
790,19877.74,61604.63,12220.36,40705.69,34774.83
791,23019.87,35092.29,0,18425.37,19336.69
792,20759.36,33248.57,9424.968,14807.09,6767.103
793,28470.02,33219.55,0,9982.634,10605.51
794,44388.87,62481,14411.63,34361.99,27429.35
795,50061.31,38515.3,0,42493.16,18824.15
796,27491.25,47730.52,0,34749.76,19141.22
797,23436.73,27592.76,0,14444.34,12410.39
798,104282.2,54036.3,15417.95,85085.39,16182.58
799,52041.22,50886.33,0,56704.31,18724.4
800,98559.97,43675.6,0,71514.64,13615.46
801,22053.51,24813.14,8139.102,15901.9,7515.798
802,26355.66,53334.76,0,22339.27,8696.377
803,7919.409,10973.39,0,0,4667.659
804,19241.14,20202.9,0,8546.695,6514.695
805,22133.41,23973.64,5102.085,21203.21,0
806,17867.55,47539.84,0,19115.25,8281.764
807,26589.37,40742.37,7772.641,14006.96,9422.022
808,11810.42236,15826.11963,0,12846.45557,0
809,117813.6,45483.38,13240.19,90246.49,13407.93
810,25991.39,62400.24,14685.8,10111.71,11176.15
811,48693.14,64610.32,0,24890.26,18354.2
812,26141.76,38330.33,10965.72,19786.69,13122.89
813,28894.06006,44796.71191,9143.798584,105148.8145,10742.46338
814,17171.97,29547.01,0,0,0
815,15144.45,30640.15,4560.973,15230.81,10523.99
816,35798.3,59082,8214.972,18378.44,32508.43
817,26413.25,38361.82,5779.219,23706.27,15284.32
818,22797.97754,59968.97656,11058.85889,6932.921143,7421.47937
819,37146.28,32168.93,0,24292.52,13101.13
820,6853.714,20650.29,0,7925.733,0
821,71663.07,23724.39,0,37501.44,7282.033
822,32594.17,55369.42,14772.04,9286.776,12187.84
823,20267.09,42777.44,5554.227,17165.71,11676.97
824,42832.33496,64909.0332,13624.35156,15644.4209,0
825,32423.05,33360.84,8700.36,4777.176,0
826,40932.08,57290.72,9260.948,40268.59,15082.76
827,15819.88,17751.93,7954.022,0,0
828,31243.76,50712.2,8374.374,28582.24,22450.3
829,21940.92212,40237.06738,0,8015.81543,0
830,21933.23,39570.26,11529.27,11025.05,6365.916
831,24715.45752,61648.61523,15704.10938,10863.4585,11714.4563
832,136945.9,57991.21,6824.758,93866.74,20485.91
833,19072.74,63382.23,11340.44,20355.51,9407.634
834,29301.72,36833.36,0,12928.23,6900.233
835,19810.96,39578.93,6480.44,7033.357,5425.833
836,14896.14,29643.97,0,11542.77,9434.14
837,27011.91455,64797.24609,13997.94873,12319.16187,0
838,31552.23828,42353.28711,8599.520996,14027.54224,0
839,25093.18,44880.22,8518.976,12474.95,5386.576
840,27791.37842,42031.76758,6979.601929,16317.54248,7450.77002
841,42170.1,50314.74,10064.22,25450.69,14525.74
842,23099.86,32188.59,6296.773,20861.45,9613.463
843,30835.94141,53365.16406,9771.869141,6954.931519,0
844,32348.3125,33343.28418,0,14312.53101,25591.35254
845,30771.22,46150.81,7197.473,20216.42,24662.88
846,33479.88,29562.16,6024.903,16631.36,7925.956
847,40130.35,57552.38,12294.67,13453.97,10659.69
848,54022.17,61796,9198.83,27752.85,13359.5
849,135610.3,53362.12,6794.834,103645.7,6517.634
850,34594.66309,53134.58496,9988.537842,24223.6543,16786.65527
851,39238.27002,42939.49707,0,48482.09375,15519.29004
852,29181.78,34066.2,9965.459,11738.87,8782.702
853,17678.01,39234.95,8626.223,0,6629.637
854,23136.05,57619.1,13865.2,12568.34,10324.71
855,34640.79,25753.54,0,29789.97,8777.178
856,13312.99951,36617.75391,6094.836792,7026.624146,6368.887085
857,24747.52,28922.36,8339.329,10801.12,10064.55
858,8168.762,18081.67,0,10614.57,0
859,239075.6,51831.6,0,209420.9,13718.57
860,10442.98,16256.95,0,13244.32,8162.657
861,44409.17,59593.44,11831.35,16747.96,11427.07
862,14797.57495,41573.6748,10200.97534,11235.22339,0
863,15754.79,22264,0,6244.448,4374.212
864,34358.91,44256.71,7031.693,14226.9,0
865,32629.38,42734.4,11149.12,13525.12,7245.893
866,17992.45264,45015.05762,0,29786.96924,29090.28125
867,31579.05713,16706.47998,0,29156.39258,9090.395996
868,18120.52979,25398.77295,0,15620.65527,7432.587402
869,43396.75,29500.21,8233.146,16617.29,5981.86
870,13286.28125,32873.46484,0,12572.11621,20632.62793
871,39042.53,52993.73,10641.67,19439.13,10858.08
872,53011.17,57622.91,0,62470.86,21407.61
873,17837.97,16778.87,0,13958.68,13541.05
874,18140.26,30355.51,0,14646.37,7230.35
875,32476.55,50455.32,8727.145,35767.51,19749.08
876,16389.27,30134.02,0,11079.76,0
877,30281.02,35995.38,5651.42,18772.8,13840.45
878,13229.38,42899.11,0,14689.22,12913.89
879,7498.629517,10288.67554,0,0,4947.533447
880,27654.44,45210.7,12846.27,14464.67,8475.265
881,28772.8,51946.21,8606.563,12415.44,7236.009
882,15658.72,28686.43,0,16753.31,6464.542
883,36951.3,56962.07,7968.136,23441.52,13829.72
884,0,6510.616821,0,0,5162.569092
885,40494.61,31340.88,6654.765,33350,6485.359
886,0,7659.691895,0,8765.472656,0
887,159618.1,52228.37,0,163492.7,31469.09
888,21936.49,24768.47,0,18539.24,9615.936
889,12531.49,21903.3,0,15390.87,4791.097
890,10644.32,34898.3,0,15809.75,7597.726
891,17629.61963,27247.46826,0,24944.97021,26925.53125
892,22938.33,38440.61,6160.779,19100.91,16904.36
893,58313.85,47128.21,0,56567.23,19695.57
894,39391.44,52385.19,5629.283,16235.66,8765.048
895,57316.26,62179.82,14274.7,28143.15,23147.35
896,38027.62,49152.73,7620.369,23028.37,11058.42
897,37834.39,64231.77,9159.597,21122.7,17778.81
898,41871.88,47864.75,8896.801,8223.666,0
899,7698.117,21732.11,0,9594.805,0
900,25425.80811,43304.31348,7875.645508,14331.85156,0
901,40857.38,55032.01,8768.092,18994.29,0
902,31626.61,55757.96,10500.45,17553.98,14611.05
903,10173.18,21538.46,0,14194.86,0
904,45240.37,46134.79,6418.893,34754.96,18118.6
905,41439.92,29380.65,8046.087,60389.13,12823.06
906,92903.6,30951.33,0,80178.63,17333.29
907,34662.75,44579.93,6331.496,15316.52,11087.4
908,46231.87,23084.56,10811.51,32775.08,9171.089
909,16460.98,18038.3,0,8617.845,6258.375
910,33615.37,34606.09,0,11327.47,6626.582
911,19232.43,24211.08,5732.325,25815.01,12757.65
912,18869.74194,19612.87451,0,11664.30322,14616.83447
913,49972.68,59228.55,11526.12,22202.89,22404.1
914,49007.93,53471.21,15679.38,21609.79,18650.78
915,26152.1,42966.69,0,25176.16,10444.27
916,91354.94,49935.15,8437.779,76739.04,12072.49
917,37201.7,61144.68,13015.03,32648.75,15245.41
918,48151.49902,48547.7666,0,143879.0742,22041.84863
919,44766.38,62326.93,11697.23,28255.61,11088.09
920,39925.07,50077.88,0,16619.02,14671.36
921,37311.94,53459.84,12312.06,26556.17,13255.64
922,42887.82,48264.81,7667.437,19577.97,7323.413
923,50105.31836,51422.11035,12661.04834,28573.99756,0
924,0,10872.38232,0,0,8636.169922
925,57167.9,52563.07,28911.81,21718.23,16760.1
926,33297.62,46044.91,0,18764.59,11812.38
927,15540.73,28232.93,0,10442.8,9585.118
928,33947.28,55613.03,0,29496.85,20082.87
929,24984.89,23595.54,6172.941,20819.35,8445.628
930,27106.9,33274.35,0,29726.21,9278.512
931,11419.37549,28658.94385,0,0,0
932,35384.9,63423.13,7026.896,21359.33,17586.71
933,19498.06,37109.09,8468.327,10094.31,12384.07
934,22126.76,31032.9,0,12488.93,7608.236
935,20824.51,57274.87,11181.79,10728.35,0
936,6104.432,9499.888,0,6718.899,7416.629
937,32564.9,64695.2,19712.55,22136.54,12964.66
938,0,13798.86,0,6269.189,8131.331
939,13964.17,31529.34,7574.317,20481.75,9953.024
940,35364.61,38992.44,8767.16,21170.72,11808.17
941,18943.92,44142.01,7322.594,27568.79,12445.69
942,36256.69,28017.94,0,38720.88,7957.833
943,13774.13,29209.43,0,12875.4,0
944,34612.62,23061.17,0,31873.48,8121.968
945,28475.91,42563.14,8189.49,27314.73,16682.46
946,23282.57373,44840.52441,12348.96265,6935.47229,0
947,186003.5,58825.21,9877.893,137378.6,19939.26
948,26850.36,30287.81,7738.219,25242.03,17195.22
949,30283.59,47418.69,7107.969,22298.16,13633.69
950,17906.4,14016.08,0,0,0
951,59061.73,28926.33,0,55391.34,6217.918
952,41889.56,47401.74,7292.881,12179.45,9187.38
953,91925.79,50372.45,9479.232,67569.22,17231.7
954,138494.1,48455.93,0,148388.6,7379.447
955,27325.48,42966.62,11279.19,29874.9,15319.51
956,139881,60232.86,14449.78,153528.3,25527.33
957,42026.77051,57256.16406,7172.03894,11435.73584,0
958,198603.5,64611.74,3803.298,174784.8,16110.91
959,149240.9,56887.12,6298.5,129977.7,14971.81
960,141763.8,57634.15,7659.688,98099.13,17650.02
961,28854.47,32350.91,0,22468.02,11171.18
962,64962.71,48439.76,10371.65,60991.13,16946.38
963,16669.63,30817.38,9629.522,24756.8,17391.68
964,36526.4,36726.15,0,24987.47,0
965,35697.54,39354.29,0,35630.38,12273.01
966,13087.32,15059.12,0,0,0
967,16821.14307,41900.68164,12203.43042,0,0
968,32448.17,53460.7,5912.518,30310.16,14762.03
969,45933.62,50685.01,9825.173,35997.13,10916.71
970,29604.66,42931.66,8079.738,13874.71,8576.694
971,29108.95,55615.41,10549.76,26686.38,12820.91
972,31335.63,41167.76,0,24767.47,13514.28
973,22794.72,34188.29,0,11643.72,9841.74
974,42103.2627,35366.34473,0,17699.01514,6955.107666
975,25500.35,41537.02,0,16176.98,11457.29
976,36795.05957,58547.16992,7290.96167,13619.20728,0
977,12765.3,12648.9,0,11233.1,5497.212
978,19677.21,18558.41,0,0,6406.5
979,184186.4,48143.21,0,146574.5,11948.13
980,45192.99,35372.03,0,17576.59,13131.3
981,36609.65,57904.35,9821.599,47479.75,20538.81
982,21915.93,30974.79,7019.567,27350.76,13810.49
983,18785.95,20605.25,0,12181.54,9474.476
984,42393.23,46640.51,6483.921,17736.46,6903.345
985,29609.08,49226.03,5705.333,20827.83,18719.93
986,43599.05,52140.11,0,7003.017,13472.09
987,43396.42,59124.58,18770.57,28395.87,19350.8
988,30022.35,59092.68,9171.888,27479.42,19823.1
989,35157.85,51274.68,7411.91,27900.82,20799.46
990,24616.59,58751.84,14743.27,10987.35,10768.14
991,56754.83,61950.5,19786.87,32852.47,27664.56
992,28035.42,52184.1,0,20071.83,13638.51
993,15308.4,20627.38,9735.905,8489.174,0
994,27536.74,34261.45,0,18678.75,11955.6
995,30772.01,45776.29,0,18562.51,8196.119
996,17858.07,49838.78,5671.253,23029.91,23319.93
997,13293.15,20837.36,0,0,0
998,45541.28,46634.69,13275.49,25138.76,17714.55
999,28145.37,49519.92,8358.05,15034.62,4646.871
1000,18457.36,15921.18,0,0,5916.97
1001,31454.2,41079.31,6104.531,19028.01,21605.56
1002,29080.76,50420.95,10648.16,19072.43,8659.822
1003,22692.06,36950.92,9501.116,19059.74,16789.52
1004,25443.4,46862.37,0,19051.5,20295.32
1005,33837.59,38928.06,7047.51,32847.41,17253.35
1006,17749.92188,27704.1377,7753.813965,0,0
1007,69302.33,52367.32,0,97629.7,23686.07
1008,15061.26,31351.4,0,14729.02,15958.83
1009,20878.42,28070.19,0,14236.21,12395.56
1010,0,14713.24,0,0,5611.42
1011,14302.6,22270.81,0,6796.032,5627.974
1012,59307.06,64382.18,6147.819,28523.57,17339.39
1013,26951,31507.52,6377.164,22990.69,12856.6
1014,25723.81,55415.94,11511.43,21204.83,25665.84
1015,41018.49,55725.15,0,27133.23,20189.38
1016,38001.6416,58317.97461,15559.77246,11121.04688,12842.92993
1017,39345.99,64954.09,14413.81,30311.45,10686.44
1018,20045.24,33731.39,5781.535,15106.1,6588.637
1019,8770.575,20573.5,0,7275.114,11065
1020,27971.03613,59676.19727,15675.66309,7332.13269,0
1021,37243.90479,49456.68359,13626.45264,10862.86401,0
1022,37340.83887,62176.46289,14938.80029,0,0
1023,36666.4,64471.18,6289.562,30817.28,18989.46
1024,28655.03,46167.08,6077.382,22007.29,11322.08
1025,59271.29,58157.55,9694.258,64919.9,22859.93
1026,44913.38,57950.51,10948.64,30581.95,23224.52
1027,46751.9,46134.96,8742.989,49296.88,14312.62
1028,63826.24,43719.37,0,54735.99,11276.62
1029,15924.38,52395.68,8366.002,23948.6,24769.54
1030,10837.41,14348.69,0,0,0
1031,32316.71,51431.99,12304.18,15511.45,0
1032,37808.64,58898.43,0,25568.81,12635.77
1033,144177.2,59532.45,10364.75,69145.6,17225.14
1034,41323.47,51684.5,7168.135,22018.92,14379.45
1035,0,27981.41,0,22737.89,14194.62
1036,38329.76,53066.42,14049.93,32143.64,18899.54
1037,53366.94,60090.29,13848,14307,14564.72
1038,29625.04,50670.84,0,37391.52,21706.58
1039,38688.12,63362.34,7175.693,35078.13,24763.36
1040,35261.23,43059.53,0,22952.78,14969.67
1041,25168.59,60387.25,14173.9,36663.11,30872.76
1042,10582.87,38337.86,0,13682.6,8517.229
1043,10816.77,20808.01,0,0,7901.234
1044,14463.81,34009.72,0,9935.228,12840.85
1045,11020.56,23245.39,0,13186.71,5805.323
1046,14602.44971,45258.12598,12727.75708,12067.58252,0
1047,42680.7041,61459.33594,10437.45215,16957.81543,0
1048,17437.27,40134.55,0,13223.97,17051.38
1049,36129.20557,49751.72852,6044.235962,48353.24219,0
1050,50787.36,40296.3,0,33863.74,7379.434
1051,32279.26025,20714.62549,6803.500244,10190.05469,0
1052,21104.81,40024.04,10705.8,13539.13,8089.258
1053,22846.02,37520.11,13114.31,10119.63,5015.577
1054,41880.93,57140.23,10510.55,11245.91,7061.369
1055,38274.63281,42820.35156,9726.207275,10609.31299,6086.852783
1056,0,24254.21,0,5983.169,4594.127
1057,47513.8,40077.28,0,0,0
1058,27841.88477,49414.18359,14417.05127,7342.473633,0
1059,35297.1377,64751.70313,8670.878662,48517.50586,14254.19336
1060,11928.8,17756.52,0,0,5830.779
1061,0,21804.43,0,0,4973.535
1062,0,19885.53,0,10396.05,0
1063,33064.66504,43743.56348,15460.59131,13133.37207,0
1064,50917.33,58387.61,8662.321,37395.08,20069.41
1065,12319.42,45794.29,0,0,0
1066,5738.842,22711.94,6162.436,6707.974,8626.81
1067,10245.63,24346.05,0,12434.93,7086.257
1068,6760.475,10507.55,0,0,0
1069,35120.22,48303.62,10720.82,5680.359,10376.75
1070,12264.8,39855.6,5667.322,12014.83,14230.25
1071,10508.52,20005.53,7484.656,0,9887.98
1072,87584.34,57017.95,0,49156.83,0
1073,27409.37158,53351.60059,15907.70459,9579.590088,10531.22559
1074,53721.90039,42788.05078,16428.2251,21700.36426,0
1075,55119.25,57482.46,10857.12,47740.33,34842.07
1076,50436.96,55589.44,7625.487,37309.14,23171.56
1077,52937.32,65037.96,6125.336,180236.7,24020.82
1078,29109.27,62063.22,9217.478,28079.33,27884.41
1079,11555.33,21214.67,0,7530.105,0
1080,8223.893,19895.33,0,7578.961,5108.65
1081,16730.55,22866.27,7041.841,10389.2,6102.517
1082,11683.03,13491.36,0,8924.98,9573.031
1083,19376.09,38500.94,0,26515.65,15446.64
1084,30405.77,46279.02,0,6487.251,6406.469
1085,16563.18,35601.91,0,15141.1,12230.07
1086,31526.31,58148.4,10682.72,22621.07,18090.43
1087,14887.9,43472.92,0,10764.74,9852.551
1088,67300.39,29513.83,0,54428.9,10556.94
1089,22338.39404,34626.28027,10454.6853,8126.324463,0
1090,34305.05,59245.13,2252.285,19097.83,13910.97
1091,17486.54,19641.61,0,8494.137,11071.01
1092,27883.3,55335.67,0,17521.72,10353.09
1093,17533.2,15967.89,5764.58,12428.64,9309.795
1094,28890.39,47364.84,10642.08,17909.03,13439.77
1095,141202.1,37083.19,0,88517.97,9854.793
1096,15232.84,38083.43,0,26117.34,15452.87
1097,18844.39,43133.48,0,31457.21,23793.44
1098,18922.3,47033.85,0,14470.76,12502.96
1099,17220.66,41344.09,7593.28,21905.31,21362.72
1100,14408.51,59444.76,10779.87,22717.38,23182.05
1101,0,23140.28,0,10368.89,12423.02
1102,26408.61,50791.94,13512.88,29195.5,28544.68
1103,17696.21,25264.15,0,8793.425,0
1104,28290.34,36485.44,0,12702.65,7064.515
1105,33938.91,50993.11,14312.25,27505.28,4399.988
1106,41224.47,40357.41,4879.12,28971.15,14635.69
1107,30861.47,48949.17,0,12331.2,7082.301
1108,43715.89,65052.61,7756.071,38762.5,20939.5
1109,41509.86133,64474.22461,9367.883545,45072.0293,16002.23926
1110,11051.68823,17679.33228,0,39255.3252,0
1111,17729.80713,35139.71484,0,15384.02832,14006.61377
1112,4089.774902,10226.4209,0,11670.60962,0
1113,50763.56445,40169.44629,10751.82568,15320.73584,14964.81543
1114,23233.20874,44309.26563,6595.549805,37123.99414,15030.20801
1115,31731.25049,42260.97266,0,72376.11914,10004.73633
1116,28709.26,60929.1,6572.311,36265.19,25671.42
1117,19058.78,14565.69,0,0,5375.836
1118,37697.02148,30027.06836,6720.686768,33655.68359,23876.38086
1119,39500.18,42693.75,6777.654,21599.92,8717.361
1120,14983.57861,51629.13574,8680.322754,8065.930908,0
1121,34813.63,47985.17,10128.93,29200.8,13902.26
1122,25015.26,42648.9,5977.784,0,9904.908
1123,21364.74414,53192.0791,10755.31177,7479.388062,11037.08618
1124,21842.77686,54478.03125,10786.4375,10816.01904,11574.65332
1125,149296.7988,47422.93555,0,134667.6641,25968.66602
1126,30711.93,54344.27,7246.385,25887.35,19133.33
1127,25212.29,50641.85,8698.69,29664.12,20482.22
1128,20401.43,22989.32,0,13430.46,5804.123
1129,31845.25293,35305.73438,0,28048.84326,10823.81958
1130,12185.28,12360.94,0,12780.54,10671.34
1131,24045.79443,49047.89844,6236.834717,9814.244141,0
1132,46428.9043,54848.61914,0,36755.41113,40852.83008
1133,10217.56055,13981.44189,0,16679.93994,5354.016602
1134,25799.46,37576.14,6026.172,16282.77,0
1135,17749.80688,12414.48096,0,12804.09058,5240.005127
1136,66615.97461,27976.82275,0,87251.20117,18118.41162
1137,42447.24,59085.97,14820.58,21758.03,7451.531
1138,30748.04541,32423.96387,5849.815186,35788.44434,33505.90234
1139,0,11557.96411,0,9569.786865,9683.660156
1140,17210.16406,29459.70703,5740.67041,0,0
1141,12488.91,26586.4,0,0,0
1142,10900.65625,31090.23145,0,20130.60889,14434.56787
1143,18324.07544,21686.58838,0,20123.46533,18843.80176
1144,26405.46,61242.01,8315.052,27390.57,9972.221
1145,26228.0293,10760.16553,0,21641.40381,6174.478516
1146,29238.67,30740.54,0,13037.45,0
1147,26536.1,46314.62,7933.257,12964.83,12654.21
1148,15922.38306,24179.57861,0,22079.8291,18471.88623
1149,25655.92,37628.12,0,20700.48,18164.23
1150,5820.832031,20029.91992,0,7328.637451,18201.47852
1151,65479.125,16170.84668,0,88601.83203,12347.13428
1152,23061.1,32369.93,6104.283,18903.79,10405.95
1153,35368.22,62603.27,6141.835,19068.12,13812.72
1154,6042.212,21482.96,0,9542.736,0
1155,15139.33,43475.25,5511.696,14858.95,5993.508
1156,35931.87,63054.29,17285.25,29230.4,16808.65
1157,22398.44,51402.46,4917.396,16916.75,6847.633
1158,28036.25,34757.04,7490.354,10169.02,7015.993
1159,21915.56,43514.2,10701.37,19075.71,8627.371
1160,51716.21289,47184.17676,11447.89063,36082.84375,36752.06055
1161,31442.2,48430.81,0,21444.22,18845.29
1162,31276.48,38364.73,5158.097,30508.61,9750.503
1163,0,17024.87,0,7265.943,6754.816
1164,5102.306885,12281.52588,0,15380.99268,0
1165,0,22695.32,5622.934,0,9108.367
1166,22622.20752,55570.35156,12062.97266,9490.411133,0
1167,21437.27881,22251.17139,0,16952.95117,11852.31494
1168,31524.99707,36805.94434,0,29170.60449,18181.41406
1169,101351.9785,48666.92188,7534.659912,120541.2305,19378.44189
1170,9298.481689,14905.18042,0,12842.0542,8569.343262
1171,19056.95,27417.73,0,11182.84,5870.166
1172,0,7814.607666,0,6188.496826,6056.208008
1173,20036.51,28349.96,6383.525,11865.93,0
1174,30664.46,20664.49,0,9020.308,7873.54
1175,13769.20386,22465.11377,0,19938.5332,7628.489502
1176,6474.06781,5489.015259,0,0,0
1177,46923.1792,50501.11523,12970.83838,12591.7168,11721.03516
1178,24131.37061,31785.78223,0,35695.50391,26032.4668
1179,0,11400.0896,0,9325.814697,0
1180,64020.23047,22482.69287,0,74613.32227,12557.20264
1181,39212.4,54138.06,12345.09,6872.262,8435.305
1182,39801.85,65200.6,15348.58,26655.82,21347.55
1183,32894.29004,38537.90137,12308.39209,30646.27832,23368.39063
1184,16253.85181,34075.8916,7785.95166,27338.00244,11754.51758
1185,30151.77,41309.21,10529.97,25189,14947.64
1186,24297.14,26937.12,8979.108,7385.163,0
1187,17250.11,38538.24,0,22902.09,11072.33
1188,22131.8,41071.74,0,17488.27,17571.78
1189,0,12245.26,0,0,6657.407
1190,0,16209.95166,0,0,6266.755371
1191,161381.0371,45731.6416,0,135352.5742,24872.43359
1192,49365.67969,41194.99609,0,63870.47461,18697.30957
1193,9625.892334,49836.67676,8100.467773,20974.15967,19831.08691
1194,6064.323303,7547.378174,0,14290.51904,0
1195,26586.23,31041.51,0,22702.69,16345.29
1196,29818.90479,29951.10059,0,14421.70752,6595.763916
1197,0,5132.200195,0,7512.245117,0
1198,9485.163452,14426.27222,0,11919.27759,15137.88916
1199,19155.66284,16030.81689,0,33369.88574,11224.54248
1200,41716.72852,53665.20898,11795.02124,26331.19531,7758.714355
1201,42782.93,57294.73,0,32757.44,23684.38
1202,18237.71094,32957.52832,8126.79126,7215.118042,6913.672363
1203,23981.78,53738.96,7196.395,19044.3,12069.33
1204,58361.94,51247.06,10824.83,39913.86,20248.56
1205,27019.47,44399.34,0,31691.01,9616.745
1206,30981.33,35622.56,0,12579.24,2575.187
1207,34335.41,34102.5,6198.701,11315.18,12496.62
1208,49349.28,52485.05,8255.109,28981.29,7417.769
1209,18723.93213,22999.49854,0,9753.955322,6952.89856
1210,36858.5376,47299.52637,11438.0166,0,10082.43677
1211,10306.26,27152.02,0,14805.15,11226.93
1212,22796.74,42592.13,5179.128,13597.18,7489.746
1213,20536.07,27366.2,8215.191,12090.54,0
1214,8713.893,13358.76,0,0,0
1215,21771.05,43949.77,0,23486.38,18516.2
1216,19413.05,52555.18,11137.63,7563.03,7561.725
1217,10948.6,18957.82,0,6593.682,0
1218,34031.19824,53969.90625,0,26719.0625,0
1219,18991.32,37255.01,6088.106,11389.63,9241.775
1220,23302.82,38609,6045.169,27849.12,16810.05
1221,28258.79,41131.39,0,19474.27,6034.952
1222,14551.86,41576.22,5601.955,18252.41,15046.77
1223,83023.12,61996.08,10990.66,46573.82,10155.63
1224,50836.69,60518.37,0,18483.5,22232.6
1225,15168.15,20044.88,0,9724.807,6983.984
1226,0,17802.72,0,0,7388.51
1227,9558.854,20027.68,0,8342.628,0
1228,24115.13184,54906.94629,13014.77051,14268.05493,7157.253662
1229,23277.7,51404.48,11970.12,23456.72,13962.55
1230,29108.89,25391.43,4876.734,21407.97,0
1231,27450.25537,50459.16992,5853.431641,0,0
1232,35893.18,55666.49,6632.161,16046.2,6635.522
1233,25614.85254,38740.65234,8626.252197,13100.4624,0
1234,17581.37,44731.75,12858.11,17376.63,11208.68
1235,18008.98,34664.35,6276.758,13891.45,5200.873
1236,69556.04,52087.57,9989.357,56930.74,18936.58
1237,34724.5,65193.88,8126.965,45864.64,25630.47
1238,55828.76,38276.1,0,67666.21,22075.16
1239,52645.67,58337.78,10781.62,28767.91,19593.96
1240,9144.401,20488.32,0,12837.45,5634.859
1241,29863.8,45882.57,18384.28,17781.14,6481.26
1242,0,22576.06,0,11085.59,0
1243,26226.95,47044.6,0,29438.97,25978.53
1244,21369.71,36443.8,0,12691.57,4893.306
1245,94639.43,57377.94,8801.941,30954.55,18812.34
1246,23188.93237,44012.22461,6567.467896,16355.07422,0
1247,18091.46,25756.6,10209.12,17510.88,8553.48
1248,24304.79,38062.73,7588.565,17688.93,19905.73
1249,23536.27,28956.12,0,9598.389,9510.346
1250,30973.10059,61655.41016,10138.42358,15317.34424,0
1251,25219.09,29144.46,0,9826.418,0
1252,87550.99,54594.74,8495.687,35504.09,23708.31
1253,27233.13428,54020.18262,9801.382813,13355.29907,7941.618408
1254,52615.49316,54610.70703,15773.44043,21216.74463,13135.27881
1255,28476.36,62053.58,11183.15,28644,16723.06
1256,15626.18,15336.07,0,7410.487,0
1257,23003.59,44300.38,0,21584.44,18637.05
1258,16841.2,41212.87,0,16983.63,15549.33
1259,16556.49,41732.14,5800.206,6727.205,5993.104
1260,26546.88,42494.8,12030.38,20348.8,12343.54
1261,17245.9,21931.32,0,0,0
1262,39291.95557,52958.43262,14419.76025,13781.39844,0
1263,17155.56,26748.61,0,12232.01,8340.323
1264,34819.31,62957.02,14829.07,25670.44,18193.88
1265,74656.3,46021.86,0,81036.09,19952.15
1266,9251.953,7117.354,0,7398.915,0
1267,40125.95,51299.13,13864.01,47548.82,26107.57
1268,27973.67,42018.86,8456.187,20400.24,5987.899
1269,34403.75,60062.9,15046.08,13560.21,7755.192
1270,31754.76172,29135.4082,11463.01196,11477.69897,0
1271,9111.201,12102.16,0,0,4539.263
1272,28012.60938,34120.62207,8918.361816,12615.49609,5899.027527
1273,24625.7,49076.97,15114.34,15562.88,4763.383
1274,6608.297,14431.8,0,6766.461,0
1275,17480.6,33199.92,0,8986.962,6682.714
1276,32531.84,47163.11,9622.642,12574.81,6301.955
1277,9923.253,34934.96,8038.542,19362.8,22602.79
1278,13938.69,25933.27,7276.311,11470.23,0
1279,18185.75,21693.21,7060.493,9069.965,9624.441
1280,34669.9707,54065.81445,15534.89844,13636.5957,7874.070313
1281,10758.07,16688.79,0,7133.075,0
1282,23404.67,33718.88,0,8920.741,6147.102
1283,32860.75,59293.69,0,29126.83,10023.67
1284,14975.23,32917.29,0,15458.71,5420.554
1285,11552.37,24449.85,0,0,7192.531
1286,25108.13,49879.4,7647.145,18229.09,11037.85
1287,7825.449,16200.69,0,0,0
1288,22376.13,34398.19,0,13002.18,16308.3
1289,36103.25,50076.79,7207.886,21268.86,17441.62
1290,19994.81,39647.42,13536.13,14233.59,12646.66
1291,24249.25,65108.04,9808.477,28352.8,24906.65
1292,16812.75,48661.71,5325.291,23761.71,19423.91
1293,16853.81,21987.47,0,30094.07,13462.51
1294,24651.08,50130.61,6602.412,31378.85,16648.58
1295,7156.877,22642.53,0,12787.82,6029.652
1296,9426.221,24392.07,0,6754.17,9337.861
1297,18822.16,46610.12,6456.999,16746.38,15533.78
1298,6497.03,16508.93,0,8521.432,7482.894
1299,39138.62988,52769.03809,10535.1333,8383.359131,8919.99707
1300,117831.1,61673.59,12719.58,24809,9137.698
1301,26606.00439,44741.86328,12789.08765,14652.98828,0
1302,46283.58984,59193.69141,11881.19971,21594.29199,6151.684326
1303,16682.8,59279.77,12794.32,21426.46,21642.82
1304,6051.519,7582.628,0,0,0
1305,46577.92,53538.78,16385.27,30132.36,28248.46
1306,43555.64,50530.48,9229.865,33443.53,7621.517
1307,19394.98,6236.241,0,17090.33,0
1308,28830.74,44863.69,9144.321,38916.18,7278.067
1309,19414.78,21741.72,0,9199.207,0
1310,48947.65,56142.57,14002.78,26432.34,5843.182
1311,39912.99,24519.05,0,36742.27,12636.82
1312,18825.47,45721.41,12313.4,15085.7,11213.72
1313,7445.005,11085.48,0,0,0
1314,27867.96,53180.07,5968.791,21790.09,10621.59
1315,26072.83,58958.45,9879.106,22263.26,23439.65
1316,15558.42,36635.43,0,15695.47,10802.45
1317,0,20504.8,0,11560.63,6574.99
1318,15581.1,37522.72,8457.01,12036.87,9879.41
1319,16460.54,28399.9,0,22145.23,10468.53
1320,94619.11,45222.89,8579.337,79944.37,19017.94
1321,9431.522,16291.1,0,7089.588,14330.06
1322,12488.28,17858.31,0,13807.59,0
1323,30585.12,62545.88,7799.744,18656.79,9314.421
1324,35268.88,61906.77,13313.16,31091.29,25556.82
1325,12631.68,13794.94,0,0,0
1326,33845.43,62739.89,12253.84,28316.96,24109.15
1327,37345.1,46268.78,13197.91,22149.31,10045.3
1328,15939.49854,27384.70996,5187.965576,0,0
1329,16788.41,29678.43,0,28756.32,15897.99
1330,58222.25,60257.67,0,39635.94,20864.37
1331,21302.58,49011.13,0,22414.74,23906.7
1332,17160.28,15310.45,0,22677.8,9248.935
1333,28402.48,24310.76,0,13627.75,0
1334,66586.36,59823.36,14996.17,22838.86,17412.63
1335,21596.69,46486.13,10535.08,19761.42,14013.66
1336,28680.86,45258.14,7008.826,17359.38,4902.547
1337,44615.73,61356.52,8789.091,37760.53,13751.72
1338,22568.69,48975.67,7577.386,17289.62,7343.789
1339,14957.63,30291.38,0,14233.6,7447.661
1340,8487.218,13823.12,0,6365.249,5057.579
1341,10227.38,32153.26,0,9263.22,14363.81
1342,22349.81,23831.43,8864.809,16131.55,4451.031
1343,22006.12354,53300.00586,12531.6416,9024.656006,0
1344,40459.05,60817.23,9811.167,19815.55,0
1345,7507.273,14099.9,0,0,0
1346,33670.87,59804.69,6895.799,22223.98,14709.62
1347,23373.14,50817.78,12049.83,17553.59,9643.581
1348,17575.15,40359.4,0,14628.28,12805.73
1349,33988.36,61835.54,6651.267,24858.59,17444.16
1350,14684.39,43871.54,5180.587,13204.04,13408.27
1351,0,27724.97,0,6978.895,8110.321
1352,25960.28,39216.87,8080.543,9327.698,6030.023
1353,25875.57,41611.96,9832.389,18451.99,6959.284
1354,19944.47,37406.95,0,20520.38,8698.084
1355,66696.1,54511.86,6560.205,69033.46,20268.05
1356,12323.95,19881.48,0,6184.239,4567.59
1357,45093.39,62912.33,14395.18,19370.5,15374.3
1358,8965.996,8022.706,0,0,0
1359,22057.38,24108.61,0,15718.1,10611.6
1360,17351.37,30663.42,8117.651,37491.23,0
1361,180838.166,60597.24609,13781.57666,92128.77539,21032.6709
1362,9539.315,28396.49,0,8610.385,0
1363,34446.53,48314.56,0,93198.17,5687.983
1364,11099.73,43415.5,0,12144.85,11632.94
1365,18973.6,30099.75,0,15417.28,16407.29
1366,31645.26,31659.46,9244.386,13489.23,6153.75
1367,26890.5,46143.14,6477.006,20362.57,5590.576
1368,68409.97,47861.71,0,60768.86,0
1369,62871.03,56614.9,9171.236,46153.11,16198.67
1370,24763.1,19207.17,0,15403.07,11037.58
1371,14909.88,51143.02,0,35477.54,6121.693
1372,22728.72,44611.48,6883.974,13985.54,19685.61
1373,28309.51,29780.42,0,15406.55,9389.34
1374,19504.53,27508.67,0,13556.36,5658.71
1375,19596.13,17151.62,0,7503.431,7615.048
1376,29002.9,36260.75,9896.763,26229.95,19756.28
1377,27241,44089.82,7348.869,28538.6,12932.44
1378,0,12733.94,0,6122.108,6388.533
1379,6107.268,18966.12,0,18704.27,15326.17
1380,12719.33,31786.07,7649.631,7054.015,0
1381,36575.52,56262.81,0,17317.5,9519.137
1382,23025.81,37208.25,9624.596,18083.43,12335.86
1383,96374.14,56864.79,9589.109,44288.38,7113.096
1384,36744.18,43343.69,13560.06,14682.29,7852.737
1385,10304.39,26195.58,9149.394,17675.98,0
1386,30475.47,44896.18,3664.986,18310.38,16019.48
1387,66698.33,64316.72,16681.29,32964.16,10852.85
1388,28624.51,22757.86,0,17275.63,0
1389,41681.68408,44994.64355,8613.144531,13839.22607,0
1390,45769.57,64882.31,17493.73,32103.09,25695.53
1391,22021.68,41521.38,0,19924,8979.583
1392,18587.44,50574.53,9521.812,13655.97,15168.03
1393,38475.75,33585.08,0,38641.28,9239.483
1394,32383.68652,40203.99512,6179.515259,15943.92603,8474.775146
1395,27697.99,47253.18,8703.292,16382.73,14715.86
1396,9820.693,25305.75,0,10070.17,8030.385
1397,36436.08447,49031.09668,9370.6521,26017.51123,7907.658691
1398,53495.2,63175.96,11514.41,13822.52,6665.37
1399,11563.18,7893.899,0,0,0
1400,20804.18,16207.37,0,7844.546,0
1401,82319.3291,57090.09375,8149.033936,26930.74512,0
1402,26379.49,60113.45,8129.753,18159.37,7070.447
1403,86264.94,56046.46,10260.3,57643.6,16762.85
1404,45007.3,21471.54,0,26000.67,12138.86
1405,19589.19,48808.68,7659.372,12653.66,11882.13
1406,21326.44,52317.17,9685.225,31346.07,27018.5
1407,6903.423,28432.81,0,16527.95,16957.03
1408,62748.83789,48532.61816,12014.10815,10699.10376,7650.776123
1409,31705.79639,57844.0293,9915.672852,11036.44458,12614.43188
1410,23596.96,64949.08,8848.235,10763.28,9026.77
1411,19521.84,36835.8,0,22614.2,6304.723
1412,7149.582,19790.37,0,0,6970.418
1413,11006.77,19811.19,6689.354,14390.88,9052.484
1414,7711.174,18416.78,0,7989.16,4279.217
1415,10980.93,41785.32,0,11921.3,8602.518
1416,6878.562,14563.59,0,8827.733,5037.213
1417,32113.62,51537.45,9956.177,24094.49,14748.2
1418,20299.29,47279.78,0,22472.9,8556.996
1419,26454.14,33609.8,0,6061.248,0
1420,80513.65,49886.5,0,24054.22,15087.28
1421,34364.93848,53183.76172,9327.999756,9399.91748,9126.258057
1422,56972.33,44790.79,8924.81,41031.37,11252.34
1423,35054.48,64468.69,7749.892,29936.12,24383.88
1424,107112,53805.45,12246.76,89134.43,11114.56
1425,18026.08105,54915.10254,9736.780029,10536.89063,12041.65991
1426,25798.71,23787.17,0,16733.62,0
1427,21114.8,20472.97,0,0,0
1428,71122.15,31487.86,0,58008.94,13593.6
1429,29104.78,54650.56,0,14036.73,9315.823
1430,29255.42236,56700.39844,12669.66797,10533.7688,0
1431,36532.80811,65069.58008,12847.33301,17296.28564,0
1432,12425.25,25769.86,0,11168.71,8909.757
1433,20850.22,53291.12,7156.725,32954.56,10927.48
1434,10054.64,18626.13,0,13329.34,5970.651
1435,0,21052.90723,0,20367.15234,15075.46631
1436,9946.475586,12404.50122,0,0,7260.960693
1437,14095.63599,13979.96997,0,26246.40625,9405.154297
1438,23268.67065,38533.33008,7693.229248,21742.79736,39777.89063
1439,46273.78,60459.26,0,46542.64,13029.05
1440,17617.71851,25513.48584,0,35432.16016,13308.52734
1441,17134.27832,36127.8418,9808.827393,42063.40918,30522.41113
1442,28596.30273,45485.39941,0,38085.64551,38478.44922
1443,25333.4458,31152.56055,0,12841.52075,27505.59668
1444,15961.21265,28603.90381,0,17211.54785,12875.73145
1445,11510.04175,16636.78369,0,17783.0498,15064.63672
1446,7784.41626,9040.258545,0,12579.97314,7165.056152
1447,41874.85205,54682.5332,14338.9668,9755.614014,11804.21753
1448,35197.44189,64682.89648,9337.569336,56612.85938,47736.54492
1449,21124.27832,19258.84521,0,21425.64551,10657.68115
1450,29950.65137,55701.43262,7758.492554,46687.9502,55896.32227
1451,27133.104,60730.74414,13005.00659,40050.375,57715.08203
1452,46040.04541,39477.6748,0,68774.67383,18230.05957
1453,31019.61328,42561.38184,6131.61853,24803.24072,31145.14453
1454,9018.224365,22249.46289,0,25492.47412,19917.72461
1455,27051.36,52800.73,8877.871,19417.38,14270.2
1456,33447.36816,37106.82129,6130.937988,26579.93555,19739.96191
1457,21968.93945,40293.76953,0,30609.04102,35108.06543
1458,23570.26563,28804.66016,0,25510.38818,20057.95898
1459,11180.25073,13376.45166,0,34943.48828,15225.4917
1460,13791.81738,20103.53564,0,50996.2793,7523.623779
1461,16158.42334,17162.67969,0,25809.37598,10731.33057
1462,19261.13306,35882.56348,0,19946.38086,14827.97363
1463,24967.69507,29494.63135,0,17721.53662,14138.17285
1464,16217.97705,13548.79443,0,25017.18115,8842.990723
1465,14783.18091,21474.2583,0,56558.91406,13829.92871
1466,13336.9104,12732.32227,0,37392.6416,0
1467,9941.389404,5563.017212,0,14783.89404,0
1468,121387.1211,23838.88232,0,169364.7539,18189.97559
1469,58499.34375,43178.00391,12165.50928,34216.7002,11735.96289
1470,13809.94873,29493.6543,0,32287.33154,22209.1875
1471,34008.396,28479.81348,0,37652.72852,20522.33789
1472,25059.83911,41956.63477,0,8150.046631,7275.867065
1473,20199.63794,31855.66211,12848.6543,10441.53198,8423.473877
1474,0,14791.2417,0,6418.98999,5610.895264
1475,9804.246582,34617.9873,5883.806641,12871.49561,15785.88135
1476,19570.64526,28724.08301,0,15165.20508,16590.43506
1477,33059.17285,53562.6875,13906.39233,61622.75195,45629.66797
1478,17042.63428,26556.09717,0,24639.94922,14956.07568
1479,27198.8418,26692.04883,0,27044.30518,21027.01953
1480,26782.98584,21585.95215,0,20414.4541,17028.19141
1481,17177.11743,18663.56934,0,25583.80566,12595.70215
1482,8334.627808,19539.36084,0,17273.87354,10013.25684
1483,14055.10864,19188.03906,0,29481.6709,8334.829834
1484,59525.12598,25801.98291,0,74656.10156,11511.33447
1485,57012.86035,28267.05615,7570.681152,79062.01953,12752.52832
1486,71733.37,43470.62,10233.77,47310.5,8951.774
1487,20584.01855,23454.96729,0,31758.00488,16097.61914
1488,0,5717.968872,0,15671.26855,5042.186523
1489,0,13005.10132,0,18233.27393,7982.162354
1490,26583.81299,53971.21973,12345.24951,40278.63574,40341.37891
1491,0,21151.39893,0,16179.60938,8350.612549
1492,13369.70703,30802.49219,0,20208.18164,26560.16895
1493,19914.81934,45501.63281,9653.343506,9275.697754,0
1494,0,11310.46704,0,14798.20459,0
1495,18213.60718,11884.99805,0,20974.23975,10078.30713
1496,24755.66016,41124.4873,9932.345947,7225.341797,0
1497,41037.4,40961.69,9649.736,24265.15,10296.34
1498,20044.41602,42018.7666,6273.092285,100572.8008,15252.49463
1499,20473.13,35160.71,0,12042.43,8429.446
1500,16265.91187,27313.93555,0,19056.17529,17459.54785
1501,45805.24023,52835.83105,11045.36572,47761.34375,44609.89844
1502,22029.19507,18695.82275,0,33418.72363,18363.02246
1503,14758.07275,21957.21338,0,28128.15576,15250.37402
1504,60961.75684,29569.5459,0,78925.79883,17309.85059
1505,16370.97974,23546.31592,0,25952.13867,14342.67822
1506,14867.45313,23984.23486,0,20054.58154,15523.70117
1507,22638.25,61660.29,11894.34,24957.67,14894.22
1508,44168.97412,54747.68262,11970.45239,41455.96289,33906.68457
1509,11879.51416,18740.13525,0,17452.64746,12984.51709
1510,24578.63623,36572.7959,7993.447998,23068.70654,28282.10059
1511,7404.955688,14611.18018,0,23526.02881,12760.50342
1512,34512.97949,35048.26563,0,38491.7832,39215.4043
1513,16688.79102,26336.4751,0,27172.76758,17027.77539
1514,22706.56201,40245.7002,0,36541.76758,25124.90918
1515,28942.62354,44065.57813,0,33715.16895,26136.31348
1516,41370.45801,42755.98828,11057.13623,20803.479,7144.164429
1517,28424.2959,44644.16113,0,40649.64063,34535.7168
1518,14097.90283,20758.80859,0,16186.11768,14670.22461
1519,18405.16797,25049.66602,0,12916.29443,10973.97461
1520,17402.98511,9705.890625,0,18738.23438,8141.133789
1521,14501.84326,28032.77002,0,20103.24268,9912.738281
1522,0,13800.60547,0,42933.61035,7362.98584
1523,40664.31,48331.08,7659.929,18829.07,15740.27
1524,28265.04,56164.7,8203.763,27753.65,23455.38
1525,20184.04,46070.18,11234.83,24217.49,19055.21
1526,10086.22,29239.52,0,8042.159,11130.39
1527,28024.87744,36993.05176,0,39039.46191,34491.20313
1528,24549.03174,26479.04297,0,24094.0625,20093.99707
1529,31655.00342,26466.24854,0,26111.24658,22353.40723
1530,42513.26367,31260.93457,6926.275879,37873.95703,30879.22168
1531,16100.87378,23364.14551,0,33653.28027,22213.2168
1532,19034.52002,25666.06689,0,34093.76367,17779.81348
1533,33144.03662,36778.10156,0,28865.20313,23904.66211
1534,9338.233398,29496.22412,0,13351.71289,11223.20654
1535,14402.71558,25023.02881,0,24302.42285,14342.66406
1536,22488.56445,42016.39551,8341.377686,30762.1543,31534.07324
1537,0,15228.11816,0,8213.402832,10751.30322
1538,23795.99316,31994.82227,0,23633.20313,17654.45605
1539,17781.8606,38478.80273,6300.957886,36042.80762,28309.71387
1540,31862.76416,29455.40137,6827.242676,22716.2583,20610.70508
1541,19846.96387,27631.20166,0,22252.76904,27360.98242
1542,25625.59912,52619.56836,7976.802979,12560.17261,8586.272705
1543,24478.11182,42809.69824,0,22670.75,31878.55273
1544,68673.07,51392.07,6437.52,42078.76,8938.563
1545,42434.58887,54045.22363,7473.441772,48995.70117,27962.13867
1546,11757.75452,20435.66748,0,24631.19336,13068.07715
1547,18973.1,35148.17,0,5748.355,10535.82
1548,34995.74,40581.54,12288.08,13031.58,4989.338
1549,35819.33301,55209.14063,0,39224.91895,45494.75586
1550,11870.92615,27590.00098,0,25776.41553,16607.04541
1551,17228.11621,12461.49097,0,27485.23779,8427.89209
1552,10800.76355,18755.56592,0,15319.47852,8285.445068
1553,17115.98,18848.65,5815.111,15116.19,8126.356
1554,74459.27344,34577.82813,0,90887.94141,15788.00879
1555,24296.73584,19776.77002,7270.412231,17403.98706,19058.27148
1556,10283.79663,15998.83105,0,11763.39673,9583.710938
1557,8949.280396,11627.69165,0,19978.86816,10216.16064
1558,40391.53516,58626.47656,0,42069.85547,47442.13477
1559,19916.82178,15528.72778,0,12431.54004,9923.842285
1560,39943.50391,57511.00586,0,42273.52637,36068.98047
1561,31970.06348,28719.31836,0,50632.9502,22863.93262
1562,10719.14331,21519.00684,6418.072998,34106.31543,15231.45898
1563,15466.0603,10845.55151,0,13836.12061,9017.191895
1564,28761.27,49869.63,9431.637,17862.04,5406.816
1565,30132.58,40478.54,0,31108.99,0
1566,25766.58203,42972.64941,6880.875122,29454.93555,31615.81055
1567,16127.68872,18677.15479,0,46339.61816,10361.05225
1568,14933.38281,18474.854,0,19019.71289,10868.10352
1569,17559.2915,22922.74707,6350.340088,22357.45361,17330.11816
1570,40490.07813,17599.32959,0,42905.84961,14402.81592
1571,35647.16016,40865.01563,0,38029.12695,37140.66406
1572,17466.45142,28290.17871,0,24001.57275,20116.46191
1573,10944.06616,18772.35547,0,18911.77588,0
1574,20524.56885,11085.86084,0,17294.58008,9858.664063
1575,18095.07544,19259.91309,0,0,0
1576,34543.33496,41850.67285,0,27366.60303,36338.85352
1577,38358.8374,28790.37207,0,54670.07422,17988.22852
1578,5653.814819,8742.411621,0,0,0
1579,14869.6897,19949.28223,0,33805.89258,18538.32031
1580,37522.69678,58476.27051,0,29638.87109,37498.03125
1581,23936.39575,56546.94922,8627.121582,45156.03125,47070.72461
1582,28774.45,64742.17,4962.996,30565.75,23293.18
1583,31883.47168,36070.73438,6080.030151,30062.64941,26308.65137
1584,18124.63867,41023.9834,5861.19519,33974.8291,29825.95605
1585,22023.49438,29770.95605,0,25236.52295,19936.02246
1586,8029.10083,23882.61084,5780.229248,15602.52783,17899.89209
1587,22622.00049,53409.12891,6525.552979,34171.98633,39338.45117
1588,31622.88721,58520.89063,17135.17041,9155.830566,0
1589,18278.56909,21664.10059,0,18002.17188,7795.881348
1590,38297.8667,49794.50977,6605.895264,12402.62354,7538.533447
1591,0,15124.12183,0,8389.693359,11380.39355
1592,36419.67725,41562.33301,0,47331.75684,35988.19336
1593,47514.27,45535.24,6726.986,24499.92,8320.213
1594,11614.40906,30103.07422,0,12298.24634,11173.26611
1595,14650.37,36243.32,0,14560.67,5684.11
1596,0,30460.59326,5611.565063,17158.19727,21426.79297
1597,29181.51709,47605.18359,6969.548218,36361.7832,38879.72461
1598,23178.43042,43372.60254,0,30456.11621,27856.68164
1599,25300.47998,26477.94238,5753.483032,17031.17285,17610.9248
1600,16629.72656,29443.09863,0,20887.43408,12214.07666
1601,11092.45996,13827.53564,0,17449.77588,8690.663086
1602,29126.24219,29110.76123,8454.102295,19255.78613,23415.40723
1603,22851.9,28647.57,0,16172.56,6636.279
1604,6251.678833,34845.16113,0,23450.49658,22828.05957
1605,33803.91943,58503.36523,10306.06104,7265.550537,0
1606,32834.58887,39533.86719,0,8922.23291,0
1607,28628.09,44613.97,10400.78,27400.11,24605.11
1608,39028.84,21989,0,20261.63,4838.071
1609,16229.68,14089.52,0,17029.29,6235.71
1610,50767.21,28730.41,5212.125,27811.58,9355.784
1611,41214.85,58099.26,0,22940.57,9656.158
1612,23220.55,30531.07,0,14959.53,16163.61
1613,17989.89,33309.04,6505.042,13918.83,0
1614,47187.05,59984.06,6807.951,24912.89,17021.29
1615,19519.35,53673.12,11733.88,20058.23,14429.84
1616,66934.72,45608.82,6998.496,55740.25,23363.49
1617,26453.01,44327.86,5248.25,21607.55,19338.79
1618,6591.962,15965.83,0,9796.028,4389.509
1619,24147.49,14862.61,0,16862.37,0
1620,41633.9,55609.03,13175.83,21646.53,13932.67
1621,21495.23,30257.98,0,12489.07,5885.443
1622,32826.99,39718.73,5964.394,30320.12,6199.222
1623,28567.44,50555.45,7567.63,14958.07,8812.576
1624,20537.32,35528.64,0,7852.252,0
1625,10700.47,32195.75,8216.113,14130.31,19200.48
1626,31726.42,50073.11,0,33754.72,10456.42
1627,11029.85,13546.76,0,0,0
1628,37648.22,37665.47,0,34696.68,7326.489
1629,15379.63232,38169.49902,8854.676025,10408.98438,0
1630,41481.66,49593.78,11882.58,24882.61,5643.214
1631,112856.8,63319.96,0,63830.01,12314.46
1632,13156.77,30132.39,7552.658,12238.6,8249.635
1633,45643.14,37891.6,0,15208.09,10282.71
1634,25682.29,23028.66,0,19598.99,7318.712
1635,9932.26,17712.31,0,9380.743,5932.777
1636,20776.75,40029.59,13118.76,14008.29,12067.16
1637,49187.93,59169.65,9674.206,23031.78,11135.25
1638,30992.10596,39365.16797,4831.336548,17083.23096,0
1639,23349.48,38978.52,0,17052.65,10159.99
1640,24621.01,39997.93,0,15055.86,12069.13
1641,42174.17432,57050.625,10084.4353,19693.46582,7182.788818
1642,22434.39,33051.27,0,7691.648,0
1643,33013.9,53815.31,6032.162,88459.39,5414.15
1644,48129.47,41312.93,7728.362,32624.56,15495.89
1645,27965.85,46060.02,0,23798.75,15928.75
1646,58326.77,55802.2,13022.96,23975.43,6944.022
1647,24629.14,49093.86,7383.599,13229.43,0
1648,53012.35,58748.75,7982.744,34704.37,9127.389
1649,53243.93,62010.09,8144.949,53743.3,25254.53
1650,18161.89,34764.58,7279.369,6621.874,0
1651,11923.25,25520.05,0,16329.18,0
1652,12734.33,19831.52,0,8925.547,5940.181
1653,0,9812.06,5466.017,6824.646,0
1654,20834.06,58026.64,9370.385,21259.73,13691.22
1655,25170.76,57395.5,10666.29,26188.66,16921.43
1656,38207.64,19664.99,0,38249.23,5745.319
1657,11178.87,35886.38,5950.636,14516.85,6645.114
1658,22546.31,54129.05,15258.79,19638.43,29674.49
1659,15043.86,45670.06,7031.966,18018.07,20874.21
1660,44904.44434,60613.1543,8484.859131,12313.05469,6788.954224
1661,7027.173,7499.276,0,0,0
1662,32021.36,58961.17,0,156004.6,12731.46
1663,21763.2,36378.04,7378.593,13001.32,9942.267
1664,21883.48,44330.65,10502.48,14186.13,9922.175
1665,51933.44,61437.22,12523.28,13389.99,10883.32
1666,45669.49,52622.08,7509.119,16211.65,6198.193
1667,46427.12,65192.55,11285.44,38739.36,27669.25
1668,16664.64,20457.27,0,10024.16,11120.6
1669,32595.01,54604.35,10670.93,24128.23,14277.32
1670,19342.15,52997.93,15474.19,21387.07,17093.13
1671,87723.05,49838.81,14449.98,27745.68,15609.61
1672,16735.94,17229.27,0,10632.86,0
1673,21551.4,23064.95,0,15938.12,7499.104
1674,5912.583,26566.89,0,11394.41,0
1675,34081.94434,40741.7334,0,12347.00439,9102.168945
1676,6226.059,17761.82,0,0,0
1677,121273.7,50801.04,8607.885,80537.4,7159.889
1678,26881.93,46753.41,8400.117,19770.24,4564.98
1679,17351.66,47924.06,0,7661.974,20346.93
1680,36760.52393,54866.14063,7838.106445,11339.5459,0
1681,21010.4895,42192.31348,0,0,7400.376221
1682,39494.72656,57378.80176,12380.82056,11158.33105,13496.44653
1683,17708.69,44408.38,6636.579,23872.36,24482.34
1684,10914.0293,25475.70947,0,0,0
1685,39255.72,44107.52,11354.08,10293.68,7208.045
1686,44410.49,51764.12,10012.39,20426.77,19559.52
1687,17354.89,22280.61,6072.728,13605.59,10381.15
1688,18794.33,31323.78,9447.372,8269.979,5816.834
1689,15410.17,28739.23,8360.234,15014.97,10125.73
1690,14840.76,14788.62,0,0,0
1691,28457.81,60453.46,7590.028,38062.24,5277.172
1692,15256.37,25396.95,0,14594.39,10541.02
1693,29267.66,52812.02,11942.66,12949.27,8287.038
1694,8204.628,15962.84,0,0,0
1695,27056.86,45326.75,0,13511.21,8764.249
1696,27394.90625,58296.86133,10793.03369,49238.8916,0
1697,14652.85,21691.49,6120.841,0,8216.039
1698,36295.29,52493.21,11755.94,29345.18,23680.06
1699,28550.98,58073.19,11727.4,34480.6,18820.6
1700,16016.29,35633.1,10267.05,15878.37,14731.78
1701,32037.13,44373.59,10419.26,31493,6628.082
1702,9821.192871,14755.92822,0,11553.51294,8476.754883
1703,36889.70557,49682.75879,5184.284973,36270.74512,40958.07813
1704,39474.16553,40589.38965,13664.61523,48442.79199,49021.40625
1705,11735.93896,16011.91406,0,18318.85986,10823.99121
1706,18085.99658,29545.47168,7652.396362,23215.60889,21807.66016
1707,42905.34717,39867.59375,5858.578125,57460.20508,25206.76758
1708,6038.851807,14117.36743,0,12497.10986,8795.216797
1709,21817.9458,18530.98828,0,12905.50098,9468.045898
1710,31315.15088,19167.42871,0,26422.8667,13138.39502
1711,29758.65967,40668.87012,6312.646729,14601.78613,0
1712,9964.799194,14458.71484,0,16015.62451,7088.377441
1713,23163.97998,38613.0957,0,19761.3584,23733.5459
1714,46919,55137.64,9278.952,26406.63,16120.45
1715,9408.347656,19227.85107,0,29472.69922,0
1716,0,9849.018799,0,7703.175049,10796.65723
1717,24478.08301,15927.75195,0,39457.80762,8742.579102
1718,16797.7688,29679.74414,7601.369141,21663.19971,13811.23145
1719,77015.44043,32282.74365,5293.99707,100800.5938,28686.60742
1720,53266.11523,52218.24219,10181.33496,47801.20996,45099.31445
1721,17492.72974,14679.28467,0,23227.84033,7128.454346
1722,23659.26,39123.38,6602.761,12875.13,9464.443
1723,6953.079102,11450.02344,0,12598.78784,8622.515137
1724,15571.552,14732.61816,0,30329.42969,5673.89917
1725,7515.767395,12361.29907,0,0,5685.690918
1726,25478.56934,28750.21582,0,30062.88281,14768.6333
1727,51013.49,64912.77,12091.66,29066.05,9903.818
1728,7674.308,18684.31,0,0,7900.424
1729,30904.02686,49766.06934,8814.387939,49676.40039,35230.98926
1730,16859.65576,47712.22168,11300.23438,44068.85938,32091.82617
1731,21417.19116,35114.0918,0,19679.48975,22524.97363
1732,13699,39727.59,0,9112.294,8555.641
1733,31979.6499,33016.14941,0,26228.0293,22715.42383
1734,25325.45654,19716.36768,5480.946533,21449.7666,17915.64551
1735,11833.29199,21778.66455,0,18223.13184,12673.48779
1736,6536.490356,11048.12158,0,17527.20459,8683.231445
1737,11470.36365,6402.968262,0,31956.72168,8840.947266
1738,14252.36426,15178.18652,0,15219.4751,11112.7749
1739,47190.86,62711.27,14300.46,26765.09,6751.74
1740,28215.18066,17660.5708,0,26696.74268,7979.378174
1741,17177.27808,11906.10181,0,24186.25684,6353.276123
1742,10132.01,33688.93,5255.883,7937.992,7136.503
1743,11009.48535,30095.06543,0,18104.14307,16016.67285
1744,18484.41797,12014.60229,0,18875.0127,15476.07764
1745,28524.22803,32041.77734,9875.400391,25999.56299,22929.74805
1746,33468.33252,35538.09668,0,27726.96094,28348.97559
1747,35471.10596,49420.51367,6235.39209,56158.89551,54748.44336
1748,19463.56519,14488.38232,0,25940.65771,13344.65039
1749,8371.576294,24485.9043,6480.330933,20974.42139,19724.31445
1750,27655.80518,27763.49463,0,19438.95947,18414.81836
1751,15632.73584,4440.939392,0,22149.91846,13783.05713
1752,11606.36475,6068.242065,0,7693.310303,8344.030762
1753,18185.95776,18110.13574,0,19905.83984,13211.8291
1754,0,8319.555176,0,7842.463379,5405.631104
1755,26492.22,21236.57,0,0,5249.541
1756,13471.3186,27945.89844,0,16632.89258,22109.27734
1757,9570.763794,9005.287598,0,6555.764771,0
1758,0,12387.97461,0,10682.53345,7607.240234
1759,40868.52,37128.88,0,23321.15,9562.943
1760,17669.76,27180.59,0,15601.78,9191.922
1761,14292.17358,29818.71631,0,16465.80176,11734.7417
1762,21884.47314,12953.50757,0,28621.16895,13516.99023
1763,17885.68896,17673.85791,6535.787476,15332.83545,10746.98828
1764,22172.86646,35087.46191,0,33573.4043,25952.05859
1765,10412.15027,14720.53174,0,32949.75488,6381.733398
1766,31513.56738,43740.41992,11353.87305,40314.92676,23463.54297
1767,10191.88147,22731.68799,0,25905.36816,5338.181396
1768,94821.81,52662.6,0,48022.32,8544.086
1769,20769.2688,28618.80371,0,21124.37402,17253.58887
1770,113851.043,36490.44922,0,169755.9453,25909.2207
1771,7620.707275,13192.4646,0,12666.91943,5611.826172
1772,12067.37866,14645.86572,0,13315.27051,7585.175781
1773,39494.84326,11144.48682,0,53439.70508,6272.175293
1774,27798.73828,45027.12402,6779.750488,33869.44141,26850.41113
1775,19555.65845,13926.62183,0,18731.91064,11137.50293
1776,29461.45,38264,0,8858.875,11157.66
1777,23116.7085,45749.88965,7783.176025,25650.06299,34093.09375
1778,50110.37793,28649.02686,0,53525.21582,17919.88574
1779,151490.6816,32354.4248,0,185121.4492,18898.94336
1780,28308.29688,21357.60938,0,19975.00684,13966.62207
1781,26989.97803,31214.90137,0,33175.49316,18073.54932
1782,43529.72266,32365.43262,0,66669.90625,13229.74756
1783,25841.11768,26584.7041,6180.782471,28034.40186,19146.82324
1784,0,11912.80835,0,15429.05396,10621.55811
1785,28117.63,49023.49,8878.627,17036.58,5361.448
1786,10823.21362,16150.70117,0,17433.3335,10734.48828
1787,11009.40894,10448.12524,0,18304.24512,7864.114014
1788,21426.69507,24010.55859,7125.597412,26726.33398,19147.43164
1789,22076.68,33840.71,6158.334,17393.67,9828.346
1790,64171.61719,49202.10742,0,99449.87695,22105.43359
1791,10424.31421,18232.69238,0,12788.70435,15074.89941
1792,10397.38379,11674.38062,0,15319.83008,14244.9082
1793,0,27032.86,0,9081.872,0
1794,8791.471436,13786.68433,0,20470.14355,11068.24414
1795,42766.33105,14694.33154,0,44681.1875,8169.024658
1796,9840.988037,19242.30908,0,15239.50049,14012.52686
1797,10276.99,52121.17,0,0,25331.28
1798,0,18062.48926,0,10729.55542,5557.546631
1799,16953.71,35490.49,7480.839,18526.66,6105.102
1800,11049.91479,8997.731689,0,20089.18555,0
1801,26919.45,44149.33,0,0,0
1802,23887.75098,32798.47559,0,38146.36426,16695.87695
1803,45782.56641,24596.71826,6526.197876,43015.96484,24225.95898
1804,16146.12158,29803.80371,0,22965.62354,18808.4873
1805,54307.03711,11901.30518,6000.719727,67255.59961,10801.43262
1806,16697.54761,25846.25342,5924.182617,36787.32813,6251.911133
1807,31579.64551,13856.67261,0,47726.73535,16033.80371
1808,19781.43774,25932.07324,0,15921.91113,15387.9917
1809,12109.14185,17410.24023,0,16611.82471,14968.6626
1810,12758.18579,6226.078003,0,14359.37402,0
1811,8992.492798,12003.29053,0,8183.844238,12683.92041
1812,22621.06494,54034.20508,15214.79785,12886.01001,11933.42896
1813,37566.69092,51877.68262,8882.209229,44820.68457,54751.29492
1814,50849.13867,30016.28027,8102.765381,107598.2324,12158.94482
1815,7826.589233,9960.36499,0,20195.85059,5460.236816
1816,17777.08447,11949.22485,0,19190.14014,14027.44824
1817,20762.2,23511.62,7788.281,13085.1,6263.64
1818,28350.27686,26614.08789,0,18868.17969,23166.87598
1819,27695.97266,46286.56738,0,32591.39551,28577.07617
1820,6521.817383,8977.655762,0,23684.06201,5559.179443
1821,49472.38,50262.39,11075.78,24704.35,9649.038
1822,0,14875.8501,0,16704.08008,9175.685059
1823,17708.43213,30972.65234,0,20322.77002,24512.3457
1824,9046.789673,12602.42041,0,15850.23193,11989.77832
1825,25647.4585,42384.16895,6399.334595,28300.33398,27770.09863
1826,16878.20239,31664.28809,6355.338379,13893.71338,12826.32861
1827,28562.49414,11624.40015,0,38377.71973,6057.197021
1828,36247.02686,48217.74023,7744.763184,25753.45508,11504.22632
1829,14823.49731,14149.22803,0,25270.63721,9089.005371
1830,25739.14111,41501.79102,0,24072.23828,25356.94727
1831,16356.35,19289.89,0,21882.04,9215.276
1832,18102.15576,15737.76318,0,14458.05811,9183.544922
1833,9365.29895,9286.822998,0,7204.396729,10553.88135
1834,0,10209.09888,0,17881.14502,7700.01416
1835,17841.58643,27015.26758,0,11155.99829,0
1836,20523.62573,28394.13965,0,23389.2085,18208.2334
1837,13129.19385,14053.28857,0,13301.30249,6471.723145
1838,9966.163086,11768.8606,0,12182.4292,0
1839,19059.70215,28098.43066,0,30365.24316,18951.38379
1840,31910.72,35002.28,0,29315.67,13217.24
1841,29078.97,47587.57,8747.358,24742.07,0
1842,12707.59058,28108.30371,0,22487.00977,17122.84521
1843,34802.37402,40196.54199,7415.626465,51913.33691,31536.77051
1844,7203.745,7504.009,0,0,0
1845,19832.96191,26969.24268,5276.423218,13946.86865,14730.92236
1846,21003.21875,23014.92969,0,11893.40356,16018.76367
1847,29124.6,48025.35,0,19265.26,17627.14
1848,16348.88,52345.8,10704.3,13915.56,16239.28
1849,22628.47949,17909.3999,0,14567.58838,13986.85791
1850,16455.74463,18619.45264,0,16872.17822,12365.53418
1851,7925.639771,39594.66992,9741.696533,24282.25781,26562.63477
1852,15182.96338,13035.45605,0,12881.56055,16270.65088
1853,8664.326172,16402.51221,5381.862061,13749.65112,14143.99658
1854,17510.27734,21358.10449,0,15867.71875,14692.71143
1855,37861.3,54706.12,13580.64,43165.23,23767.04
1856,50486.23,46587.96,0,42039.35,14299.85
1857,10548.59,29279.44,5597.509,28319.22,12148.72
1858,27835.36963,61278.86719,12608.75635,8531.400635,12104.53809
1859,0,18441.49707,0,0,9792.715332
1860,0,8002.352295,0,7195.056641,0
1861,25886.45,36005.32,8471.868,13100.61,18305.74
1862,10433.18,16172.33,6569.189,0,10384.07
1863,12852.38,28324.28,0,14112.58,16644.24
1864,37709.46,41272.26,11395.43,7195.704,0
1865,33523.28,25308.16,0,26045.8,5538.458
1866,17130.84,25668.08,5895.321,17129.75,8337.141
1867,17619.81,10951.67,0,20583.91,4400.011
1868,55354.76,52294.33,5288.048,15416.39,12438.04
1869,33855.9707,50643.98633,6223.368652,9458.285889,0
1870,11705.15,12100.23,0,0,8108.972
1871,35502.68555,64784.94922,8182.125732,16328.78223,5392.645142
1872,20490.99,40147.63,11799.96,16739.71,16367.18
1873,0,15167.65,0,8988.041,4704.415
1874,32654.17,54593.31,8749.404,42990.79,6194.67
1875,17127.5,23124.21,0,15454.03,5575.217
1876,8447.825,19434.71,6787.309,13692.23,13526.27
1877,26392,43801.4,6341.248,27307.09,12032.99
1878,23311.7,44460.55,0,16161.86,9567.665
1879,27214.61,53506.47,6689.986,11338.34,8697.795
1880,34429.45,58207.52,17252.64,53420.42,15844.98
1881,55214.67,45136.51,5202.864,38147.12,6623.675
1882,13249.6,43802.02,0,7354.813,5842.74
1883,31601.75,31375.09,5808.989,23550.25,9111.039
1884,42288.84,60985.65,15499.54,17354.35,9556.009
1885,7384.587,14603.7,0,0,4293.68
1886,31114.72,35963.96,6825.213,56071.92,16663.09
1887,33058.9502,40566.72949,9102.92627,8826.60376,10740.56372
1888,73245.58,59642.9,10437.41,74798.31,22085.44
1889,44736.55,62937.81,11562.06,21672.22,9908.102
1890,34834.78,48079.92,0,12914.37,8057.634
1891,18249.01,32120.83,6538.318,10409.6,4911.885
1892,36042.49,47820.13,6053.98,14426.14,6023.834
1893,16675.24,25428.41,5841.614,13365.35,0
1894,21090.83,13273.04,0,21719.03,0
1895,21301.98,43976.96,7091.402,22333.89,7639.296
1896,18538.27,12563.36,0,18336.32,0
1897,23072.28711,49689.94043,0,14802.31494,9044.411133
1898,11479.92,6928.457,0,6612.528,0
1899,45051.43164,30843.55957,0,30102.41455,0
1900,26806.04,38349.48,14228.54,10437.27,4745.966
1901,12017.48,26227.84,0,15869.59,11808.58
1902,8363.191,14977.91,0,0,0
1903,27487.05,35544.1,0,23105.06,10651.95
1904,15150.45,39214.38,0,14040.8,14429.48
1905,31122.72,15269.22,0,13659.8,5741.374
1906,23900.52,33098.45,10820.96,0,5999.9
1907,23424.34131,54517.73633,7185.2052,10769.76245,0
1908,0,16189.93,0,7228.287,6658.723
1909,28655.63,35184.22,7607.271,14875.79,15968.25
1910,30295.71,34188.97,0,15911.26,10035.57
1911,17029.86,22713.23,0,8517.796,14828.35
1912,20679.11,28526.83,7691.112,17356.89,12967.76
1913,52229.63,42367.2,13122.27,34340.81,13240.15
1914,23899.43,40936.31,8371.46,16267.17,6957.624
1915,57975.55176,45861.85352,10991.00781,23521.37598,0
1916,14753.6,33258.58,0,6451.527,9172.244
1917,13748.57,33838.14,9333.904,11129.51,11386.21
1918,33696.33,57171.43,15353.33,12170.73,12248.64
1919,14682.37,20551.04,0,12289.34,8659.749
1920,40237.18945,57738.99805,15288.08838,16956.78027,11454.43945
1921,28867.74,39159.42,10483.56,15574.38,7798.427
1922,30890.64,51476.08,13256.76,40710.1,18519.95
1923,18165.92773,37026.99902,9907.232666,8924.505127,7172.3479
1924,26800.94,48303.88,10179.7,33442.57,26696.57
1925,14808.14,29976.62,0,6576.746,8231.004
1926,5991.391,6535.769,0,0,0
1927,38338.11,52743.71,7723.386,29741.98,27465.37
1928,36620.79,35937.66,9009.628,11862.6,0
1929,50576.19,49167.5,6044.157,11361.26,7060.899
1930,34961.14,40362.53,7800.001,13378.1,13850.36
1931,6253.296,13439.07,0,0,5441.155
1932,21981.94,35841.31,8057.373,10441.4,9594.83
1933,41560.07,58550.54,19370.7,31803.67,24931.75
1934,0,19000.15,0,15320.54,5275.252
1935,35598.97,44790.49,6872.661,13365.57,19045.65
1936,15388.31274,25575.896,0,6078.104614,0
1937,26599.03,47309.73,0,50426.56,8147.371
1938,55316.98,56123.95,0,40079.01,21501.16
1939,18828.07,20092.66,0,14859.44,10467.47
1940,18390.65,24055.86,0,10172.86,0
1941,30561.72,57977.16,10794.63,24826.82,16558.41
1942,18522.01,43010.86,6777.234,14216.37,0
1943,16780.59,59196.56,12877.68,10049.31,7038.222
1944,13463.11,14451.24,0,6970.065,0
1945,22119.17,31812.14,0,10148.01,0
1946,12251.18,37364.69,0,12805.26,9256.297
1947,12428.45,14138.62,0,0,6876.426
1948,39394.7,22632.47,0,33234.05,4097.185
1949,20770.97,34028.9,10983.74,25092.54,15735.74
1950,10208.2,14919.26,0,9128.829,6878.165
1951,49088.42,57594.72,7917.327,33076.4,13637.6
1952,44924.58,15306.52,5546.126,36056.35,0
1953,50956.13,51241.1,11718.47,44526.51,24228.83
1954,36633.34,39711.03,0,24368.46,21330.15
1955,30114.39,39226.75,5586.743,14938.93,15400.32
1956,7992.923462,29663.28418,0,6759.845581,0
1957,14878.25,9339.219,0,8624.766,0
1958,34410.51,31354.29,7188.131,16767.7,10103.35
1959,10825.16,28122.51,6130.017,9668.891,4330.642
1960,30952.77,35871.22,9632.867,13008.69,10018.12
1961,17014.01,37894.72,6648.908,10534.56,5439.385
1962,39911.9,50255.24,0,21949.45,4912.723
1963,15912.57,21635.09,0,6236.435,5762.802
1964,22751.04,25808.18,0,12734.33,10824.64
1965,29252.55,60729.23,8992.788,36472.49,25281.81
1966,19297.01,52020.24,11341.48,28871.3,14216.37
1967,16795.2,38395.84,0,18453.15,11304.38
1968,33972.76,43809.09,7878.068,23820.97,15010.03
1969,22191.73,34206.08,8131.302,23602.34,7272.854
1970,21496.07,33641.96,8932.37,15617.78,5169.487
1971,46165.83,63373.26,15255.44,26575.09,10526.38
1972,24048.44,29036.72,8731.384,23405.49,12712.59
1973,16063.85913,18794.04053,0,0,0
1974,28132.35,41514.99,6941.726,29522.46,14601.57
1975,59018.98,63091.52,9747.469,64709.04,37931.92
1976,8189.826,12008.28,0,7762.764,4290.151
1977,63830.3,60373.36,15439.85,24238.44,8127.011
1978,6482.192,10360.57,0,10869.73,11709.81
1979,20050.76,40989.15,6361.992,23712.01,17099.08
1980,18889.46,24508.67,0,11205.56,14854.14
1981,32711.8,38073.47,0,17716.65,10016.89
1982,46133.26,42754.62,10488.02,15857.69,9670.361
1983,33158.91,56230.89,12494.69,32837.09,18414.14
1984,9758.131,13617.36,0,0,0
1985,159961.8,29657.66,0,132345.3,6935.861
1986,21893.17,24795.47,0,13288.9,5492.352
1987,19929.51392,42091.6748,8885.144043,14312.53735,0
1988,16262.31,17150.7,0,12282.28,4841.034
1989,13517,16982.45,0,11173.55,5506.115
1990,14146.34,21603.05,0,0,0
1991,131888.8,51643.57,9464.366,85052.14,11037.43
1992,6198.409241,14566.06201,0,18351.25439,9513.626465
1993,26105.16,40879.11,0,72187.5,4750.341
1994,27756.18,57577.74,9953.676,38387.49,17788.74
1995,21403.61206,28366.15332,6040.174438,19788.5874,18226.64355
1996,9063.193604,9633.948975,0,10681.01904,0
1997,19016.98682,17375.64746,0,34736.62891,17856.29541
1998,15054.45,36143.33,0,17100.75,14163.16
1999,34491.83,56023.63,6815.715,17390.4,6572.588
2000,25263.35693,21438.08838,0,22201.41064,21773.90723
2001,45281.3,62313.17,10916.35,21929.87,11168.79
2002,59865.94336,46613.4502,0,39582.11816,33329.36816
2003,0,7845.192261,0,20907.25488,4560.463379
2004,22941.65,29674.21,6234.549,6237.396,0
2005,14141.3,15347.15,0,8781.976,7491.956
2006,10944.3,23029.96,0,13713.43,12181.05
2007,0,11475.36206,0,15722.33667,0
2008,10646.52,18010.17,0,0,5360.057
2009,25733.76123,12227.73145,0,47435.37109,5667.494385
2010,20868.95288,30432.27051,0,13621.66162,16109.74805
2011,15401.62573,18522.25732,0,13266.36206,12233.30322
2012,18128.71802,6285.234863,0,23386.59912,5316.380371
2013,11893.30664,7038.581299,0,15286.86914,0
2014,22643.021,20647.61035,0,14562.96143,20742.10742
2015,5671.582764,7970.442383,0,16847.93359,0
2016,27598.19,59047.73,8031.603,27568.32,22148.53
2017,20124.62988,16378.62012,0,20023.99268,26659.2207
2018,13309.92114,15950.81152,0,15811.2876,10897.86865
2019,7991.285278,6872.409912,0,10590.8623,0
2020,10520.776,6221.19397,0,13156.14331,7165.518799
2021,13931.57251,17527.91162,0,14238.12524,14693.97217
2022,25268.47,31062.26,7582.165,14394.89,0
2023,0,9168.64917,0,0,5899.745117
2024,26441.08936,39729.44629,0,28252.98047,0
2025,21280.35474,18415.88574,0,36140.89063,9475.766602
2026,19339.95,28811.5,5068.162,12089.59,0
2027,59175.49,22786.51,0,49649.55,8038.26
2028,29103.29,33425.11,0,12942.53,16397.14
2029,35701.26123,62964.82813,9303.786865,37696.17676,25556.38574
2030,6750.020508,9094.875732,0,15592.90771,0
2031,13524.21606,19813.69385,5907.630371,18103.63574,15648.47266
2032,13387.70337,15556.47412,0,8903.150879,18935.03711
2033,30666.67,26498.23,0,36447.09,6779.684
2034,11413.5813,8817.295898,0,10105.17456,5965.349854
2035,54655.85,39668.39,10889.38,41248.14,9703.013
2036,0,13295.54102,0,16595.1084,15398.15283
2037,96672.97,37433.21,0,66348.49,14315.22
2038,25868.87,38855.28,9943.745,12418.29,11042
2039,38346.35303,57747.24023,14978.28564,39962.49707,15547.55957
2040,9086.035,19130.59,0,8426.694,8214.092
2041,10948.27588,7098.552856,0,9596.735596,4625.640381
2042,22572.17725,30837.58691,6258.113037,34651.50977,21364.03125
2043,14471.17041,18250.55469,0,20485.34326,11912.41357
2044,44630.77344,56246.71582,9647.305664,18498.69873,9580.959961
2045,17028.83228,17634.81348,0,14410.38037,10940.24365
2046,82666.91,31571.25,0,56605.01,8329.377
2047,13861.44043,23195.83398,0,26931.42383,6925.971436
2048,12960.87866,9187.720459,0,13054.67407,7858.822998
2049,13229.09058,9863.22583,0,15828.15381,6048.793701
2050,8009.398926,8271.920898,0,10928.81006,5781.208984
2051,0,10135.35498,0,8722.147949,5193.492432
2052,0,15888.01611,0,0,12152.70898
2053,11761.17,28737.1,0,5931.62,5123.208
2054,0,10816.94531,0,13073.24097,7403.102295
2055,10021.13,21840.51,0,12787.56,6480.26
2056,0,14668.23242,0,7665.471191,10401.61426
2057,15660.4126,25687.33984,9342.546631,23918.96094,21212.63477
2058,10766.46875,12630.23193,0,12923.82153,4872.20166
2059,23611.25562,11523.91479,0,28994.31885,7157.039307
2060,11188.85938,8676.931885,0,11758.47485,6519.565186
2061,78815.12,44476.04,4648.805,58544.04,14324.41
2062,34515.96,57226.25,7777.426,49101.87,22981.31
2063,14629.89233,24129.35205,9146.40332,0,0
2064,26840.99,46143.45,8503.336,18959.2,22126.66
2065,31346.38037,53610.02148,10915.0144,30640.53223,33231.72754
2066,15489.24097,21877.43262,0,33406.20117,18341.74609
2067,9570.518921,8436.797363,0,12257.92139,0
2068,0,8070.391602,0,0,7269.61377
2069,25876.47119,22589.9248,0,16224.31201,17601.67139
2070,0,8011.491455,0,17904.1543,6208.037842
2071,37048.02,57032.51,6442.218,14475.02,9620.76
2072,63641.1416,12622.93848,0,80362.79492,0
2073,31061.84375,46727.6709,11634.64478,8504.284668,0
2074,0,12970.01123,0,12850.01489,11816.05811
2075,58500.02051,50933.625,11939.57202,21350,7607.438477
2076,121288.1875,50156.74902,9021.331543,59475.29102,32066.06055
2077,19510.98,24801,6766.983,0,0
2078,24744.36621,38955.89063,5176.02356,27911.84082,31549.85449
2079,49399.90723,51077.37891,12115.98755,41674.18262,29278.66504
2080,12441.52051,7499.544189,0,9764.455811,7266.650635
2081,12593.32275,13415.40674,0,20257.05078,9029.118652
2082,18735.28516,16326.93359,0,7909.710938,9787.580078
2083,19648.30884,34426.65039,0,23795.08594,27936.65527
2084,41951.2,51741.37,8139.206,14237.54,16074.29
2085,32348.4,64269.59,0,27688.07,0
2086,11068.73499,22230.40332,0,21835.76855,14648.48242
2087,0,13787.15356,0,53149.5752,0
2088,17293.46,19284.97,0,15850.19,9191.111
2089,17943.56,45931.43,0,15557.21,0
2090,13170.47192,20003.07959,0,27570.98438,6070.560547
2091,27276.60986,45231.65527,11103.42456,30534.96875,24507.78516
2092,0,13056.49512,7075.412598,10901.08936,10673.9541
2093,60607.64844,62689.0957,8311.371338,44732.84863,43349.54688
2094,25819.49561,21498.77588,0,27257.854,26386.39258
2095,66221,34343.12,0,41790.81,12231.71
2096,12678.69482,9928.259277,0,24299.49414,11262.93164
2097,18658.45605,11639.41772,0,13829.56616,13485.62402
2098,15127.49902,15472.47461,0,15040.85352,16379.31689
2099,16804.71,20424.51,0,0,10607.52
2100,22810.98,41463.59,5917.117,8276.971,8400.63
2101,0,5824.593994,0,0,4443.553345
2102,22423.77,31133.09,8661.077,0,0
2103,0,11203.52148,0,0,8615.740723
2104,17541.89648,21796.01904,0,17384.14307,21560.66504
2105,40400.29492,43941.7832,9248.491455,14828.79785,0
2106,95278.31055,64635.52148,0,41320.92871,44612.17188
2107,14750.24023,9163.522949,0,0,0
2108,23018.64307,32683.5127,8413.083252,24650.42529,26615.53125
2109,12230.80542,16745.97412,5516.185181,12757.45776,11420.92139
2110,42871.95,54935.75,7284.659,12730.53,4344.285
2111,31257.4,55221.51,7231.033,25920.35,28706.29
2112,8689.133179,13368.92676,0,14452.55127,19704.0957
2113,40561.61719,14441.0542,0,48464.70801,9234.126465
2114,13388.92188,9234.037109,0,8472.948242,6337.972412
2115,21667.76,27872.21,0,10192.35,8088.432
2116,36709.29102,56622.55859,10996.80005,41000.12207,45960.03125
2117,13537.04541,28169.46338,0,21624.10352,21238.2373
2118,0,11472.87939,0,9950.633301,8230.293945
2119,13939.45801,19257.91846,0,14162.7063,7331.842041
2120,7598.560547,8929.209473,0,7634.61499,6707.985352
2121,9360.585205,10195.91797,0,8024.009766,10294.54736
2122,27103.22266,30993.46875,5866.1073,25834.56396,27414.84668
2123,17764.02637,28655.96338,0,22067.20264,25794.06055
2124,18335.47925,14096.43848,5527.762329,12440.52441,6017.205566
2125,0,14066.84912,0,0,5838.310547
2126,0,5952.611816,0,7691.359863,0
2127,13996.67432,17510.51978,0,11649.62476,5118.280518
2128,31259.55,34901.98,8098.504,6753.894,0
2129,0,6453.133301,0,0,7556.793701
2130,0,5698.402954,0,7665.738525,6855.849854
2131,8750.627,12236.64,0,10758.7,5576.753
2132,48617.22,59070.53,8718.698,33279.74,17220.43
2133,30295.43896,37304.7168,7060.855835,26622.70947,24314.08691
2134,25087.24219,16580.9873,7037.19873,16397.2124,14307.7124
2135,19461.53223,27946.47021,5227.028931,25460.31543,17031.31592
2136,24411.7583,49343.64941,0,48630.81934,36422.91211
2137,22666.13062,38126.89648,7520.755493,26097.0874,24938.38965
2138,0,5788.373169,0,9303.171875,8235.987549
2139,21666.24,25325.93,0,8374.328,0
2140,12576.95776,29695.74805,0,11270.54224,0
2141,0,8691.88623,0,17403.18457,0
2142,16110.90186,18752.06543,6220.145386,17917.73145,16598.45703
2143,12173.36206,8670.929443,0,14542.45215,6115.519287
2144,34942.01,33338.03,7756.668,0,0
2145,0,6263.504639,0,7171.410156,0
2146,11970.65,29737.79,0,10137.8,5099.563
2147,17215.38745,13592.15552,0,22040.77002,7007.500977
2148,41811.59,52659.53,0,15458.41,0
2149,6576.017578,6132.296509,0,10192.22192,6303.333984
2150,56950.75879,50570.65137,0,28364.56445,0
2151,7535.831177,12158.90601,0,18419.61182,0
2152,18837.11,28671.5,6157.535,0,0
2153,15864.54,9805.859,0,14423.27,0
2154,87207.78711,50848.19043,10710.40747,34933.20898,33020.09082
2155,18742.57,30575.6,0,11253.3,10620.7
2156,16415.88306,8575.947266,0,7982.86499,5792.020752
2157,32825.82764,26978.50879,0,16767.7998,20756.1748
2158,108709.7,40114,0,85258.42,12571.84
2159,14748.73,12918.93,0,14725.58,8130.303
2160,24240.76,33899.3,0,17921.82,5128.349
2161,0,7378.942,0,8891.29,0
2162,25124.21973,20571.06592,0,6335.033569,8867.448242
2163,29633.18408,41989.03418,10299.34741,20812.4082,23184.51563
2164,30113.67,45787.86,8572.776,0,10724.1
2165,0,11658.0083,0,0,8166.387451
2166,35917.06494,47853.2041,10624.91431,28128.37793,6112.207275
2167,13216.42749,12643.64771,0,0,9770.554199
2168,13661.95093,11235.2876,0,9387.749023,13327.25244
2169,14545.11914,8059.411377,0,9057.01416,4279.728271
2170,14903.42,27131.38,0,21032.57,11883.92
2171,31799.01,57310.85,14606.52,23438.2,7483.38
2172,7845.760254,17037.36133,0,15278.61621,5074.421875
2173,46047.72,56677.71,11522.66,62769.07,13669.55
2174,7656.374634,10045.44531,0,0,7733.548584
2175,32996.97,45838.03,11099.37,22387.41,4087.224
2176,11414.59,21924.54,0,6170.953,4415.756
2177,41214.09,51899.94,7710.508,38767.14,23014.19
2178,42800.92,60281.85,0,33628.79,13849.67
2179,13132.02734,11383.23145,0,16442.00879,9195.036133
2180,10984.95337,13690.99536,0,12047.37134,10129.30176
2181,30675.99,52826.17,0,24516.64,13494.85
2182,16319.13306,8477.844482,0,17668.54346,0
2183,6948.409424,11248.40186,4392.810913,9936.327148,0
2184,8130.963135,5712.474609,0,18693.11621,0
2185,13372.14819,18548.91699,0,10771.01099,6475.343262
2186,14276.38501,5324.038818,0,0,6751.282471
2187,26136.37061,37929.79688,0,12413.98389,8899.907471
2188,17116.38,25965.26,0,15332.25,11324.3
2189,30483.2,46877.17,0,37601.1,0
2190,20242.82,37483.62,9130.303,15985,0
2191,0,12969.65161,0,9077.394531,7931.368652
2192,37806.5,34903.03,0,29354.39,14106.61
2193,10049.22839,6477.52478,0,8387.813477,5802.878418
2194,38639.2168,48018.7666,0,30680.31152,34728.99512
2195,11286.97363,10235.36108,0,12764.62158,11251.20898
2196,22104.19,62955.19,11229.03,14097.9,15189.31
2197,17753.37,20889.97,0,11565.43,4214.909
2198,59824.7,58433.24,10456.66,26187.21,9144.083
2199,57908.15,58639.16,10505.35,33461.46,12453.11
2200,53735.78,60135.58,10176.24,46929.64,13925.34
2201,0,7592.156982,0,34727.09961,0
2202,19116.69,40884.34,0,12063.89,6508.078
2203,22866.15,34047.1,8532.385,16149.42,6093.903
2204,38329.07,47115.55,0,29952.39,6977.862
2205,56902.50879,62860.46289,0,44643.25977,46130.73633
2206,60049.38672,14758.54688,0,62861.89063,0
2207,8997.497,21801.21,0,8600.233,6835.678
2208,25791.09,46303.94,6098.386,18821.31,12507.5
2209,10635.83,15322.15,0,0,0
2210,40481.03,54518.41,0,26562.46,17160.99
2211,7990.312256,13565.37988,0,19971.23438,5865.266357
2212,20388.23,37393.43,0,14217.84,8274.429
2213,36044.76221,60529.33984,13901.75024,43763.1875,52686.20313
2214,33905.97,47254.63,11848.24,30147.98,11005.57
2215,71405.98,49187.7,13685.98,26247.69,8358.471
2216,33400.33838,46904.36816,6767.201782,16520.15576,7498.279907
2217,29767.54,35625.64,9537.918,9138.254,0
2218,38058.07666,63029.15234,10142.43994,25589.61475,11032.50586
2219,18104.45,24924.04,6851.853,14248.17,8623.376
2220,18897.13,39419.35,0,15148.99,12979.27
2221,0,6090.229858,0,0,5457.914063
2222,39944.7,52732.32,11052.82,32273.75,11059.47
2223,40473.67773,13639.47803,0,17936.09277,0
2224,45531.73,53943.61,0,18856.65,7209.45
2225,47321.14,51005.09,14364.72,28633.59,20331.45
2226,61663.52,56212.14,15856.41,52938.87,39034.55
2227,14683.96,34575.37,0,22117.82,16093.59
2228,40668.89,64541.74,10465.22,35274.38,14362.41
2229,48618.64,50720.04,0,37788.14,16276.8
2230,28606.65,51107.08,9843.19,27126.88,25512.93
2231,59263.7,64507.6,12848.98,35869.01,20431.33
2232,30724.52,47336.17,6931.064,26032.84,6919.729
2233,56759.12,59694.36,7108.477,30033.05,13838.67
2234,13830.52,26713.23,0,6530.347,0
2235,16057.01,32255.24,5735.827,14666.93,5979.239
2236,14615.77,11624.24,0,0,0
2237,45546.28,54883.59,12191.08,30527.49,13179.5
2238,13570.6,20447.37,0,12790.42,0
2239,197030.2344,64600.45703,14138.24512,91851.36914,11702.01099
2240,13637.52,28406.26,0,6052.562,5458.947
2241,17451.09,25423.11,0,14350.02,4904.999
2242,26521.17,38968.38,0,23559.67,16451.04
2243,14289.29,32944.63,0,13459.19,14067.88
2244,14978.31,43449.23,0,13792.11,4860.81
2245,51241.37,64471.4,0,32389.61,10208.86
2246,29413.32,47819.12,12338.78,22306.47,8296.491
2247,22428.04834,49039.14844,10358.18408,7761.358154,0
2248,23073.77,35138.49,0,11103.38,6886.323
2249,31673.85,19837.82,0,30340.62,7090.236
2250,23827.33,37721.17,0,13870.33,8268.073
2251,27156.7,46986.3,12184.54,14985.43,14298.76
2252,30956.37,44240.7,7670.692,28021.24,6043.036
2253,18248.77,36584.68,0,10022.22,7281.606
2254,20597.24,39421.37,6376.436,29149.26,17285.12
2255,0,18893.64,0,0,5283.208
2256,20658.76,31814.63,0,13194.5,12910.78
2257,20119.28,28009.82,0,12968.97,12344.14
2258,39557.44,36030.57,0,14537.86,5312.688
2259,42849.21,49395.78,9977.671,20423.37,10798.93
2260,15206.91,36935.13,0,15804.55,5250.501
2261,42145,31226.31,0,51797.07,16856.58
2262,24641.01,45881.44,9651.376,19387.46,9373.407
2263,21595.05,55407.88,8472.688,16959.04,7778.912
2264,13551.67,19980.33,0,21052.08,7828.93
2265,22138.74,61684.38,9513.127,16675.73,14071.71
2266,24734.72,49180.58,5724.021,22707.76,8569.012
2267,47389.93,22815.16,0,44941.66,10193.67
2268,43744.17,49810.9,9247.068,19543.2,8760.853
2269,50997.85,64928.6,9887.051,33322.96,9753.356
2270,19363.11523,38421.96777,12960.24023,13880.91406,0
2271,51466.12,55539.79,0,25980.53,12071.75
2272,39237.12,62980.97,16272.95,36832.51,14767.75
2273,38095.32,36545.35,7102.259,20522.76,8584.48
2274,35556.729,47486.40137,0,10391.38184,0
2275,29675.39,62886.85,9435.754,20614.64,7633.783
2276,42740.78857,57623.91797,10794.82642,34115.81836,7845.062256
2277,7867.974,14880.48,0,0,0
2278,23529.59,40134.04,7215.887,8718.001,0
2279,14002.23,26039.07,0,11010.56,5668.451
2280,15943.9,15302.22,0,21720.61,9961.998
2281,38185.98,25727.65,0,35985.14,6334.593
2282,22694.83,41132.66,0,12125.28,14101.98
2283,15206.36,25125.66,0,9538.485,6727.48
2284,16580.11,16604.61,0,8506.217,10469.95
2285,35623.6,51018.22,9016.826,18327.59,8553.151
2286,20191.87,31596.1,0,13325.26,0
2287,40294.5249,53198.76563,8634.984131,25672.63037,10762.85059
2288,0,23974.85,0,12646.57,0
2289,27323.59,24962.27,0,15960.8,8851.778
2290,84258.04,35498.26,0,92761.3,18956.99
2291,16635.93,22062.49,0,13784.7,8203.739
2292,26352.77,28391.56,0,10518.47,0
2293,17459.4,19843.94,5903.365,12972.99,0
2294,64622.82617,52637.59863,7202.830078,40515.90723,6446.78125
2295,22411.23,37397.91,6545.177,22688.43,17674.75
2296,25486.95,37991.62,6869.095,9611.794,9864.795
2297,28507.48,37047.57,6543.943,16994.68,5951.357
2298,14612.52979,25444.80566,8826.362305,8707.106201,0
2299,19329.85,35373.66,0,60120.11,0
2300,39272.30176,40640.2041,7105.816162,12276.27148,0
2301,24010.13,33588.76,0,17699.13,12592.56
2302,11413.92,5089.607,0,0,0
2303,19909.73,30669.16,0,7729.63,0
2304,18691.13,30994.9,8674.316,8162.592,5710.332
2305,41396.69,55901.95,0,5016.158,0
2306,45128.58,61047.05,8412.539,23432.36,10997.91
2307,29667.22,34805.2,7642.445,12613.46,9084.405
2308,71057.73,61078.29,15411.46,34650.99,17301.92
2309,41470.98,58220.68,0,27312.87,15581.4
2310,0,6068.895752,0,6047.293091,0
2311,8776.638,19866.91,0,0,0
2312,7531.469482,6627.942261,0,6895.049561,8492.345215
2313,14079.99121,10538.57788,0,6867.635132,5356.907227
2314,44565.34424,54533.70117,8075.87085,27530.89258,35910.55078
2315,12994.92334,18401.12598,0,11324.38599,12692.53076
2316,25574.58,44111.04,6205.533,13570.87,14696.44
2317,41738.34375,53549.98242,10443.03027,32953.43262,33151.38867
2318,107126.6,59401.76,14140.54,70878.26,12185.05
2319,34258.38232,35313.01465,0,29039.91895,22166.65918
2320,7295.883545,6558.578369,0,10040.51001,0
2321,9453.674561,14538.18115,0,12207.55469,14518.51221
2322,17852.50244,15467.32764,0,15885.9585,15232.96191
2323,27435.71582,12459.95288,0,15481.36719,0
2324,27151.11523,46335.90332,12372.76733,15803.7959,7860.280029
2325,12898.05,62367.87,0,0,0
2326,10551.28589,8247.081055,0,11126.10327,0
2327,7762.207764,10067.94458,0,9496.255127,5358.418457
2328,0,6580.706055,0,0,5659.519775
2329,11728.47363,14477.73291,0,10096.75366,15066.96387
2330,48554.86,63391.03,14535.86,49026.8,20803.45
2331,35949.27,49193.11,7086.898,24621.62,7405.546
2332,24751.36,32854.4,5772.003,13701.04,0
2333,25885.85498,55681.95996,0,14441.37842,0
2334,22400.76172,15249.25293,0,14343.10303,6091.246338
2335,101052.6,46118.98,0,70988.01,9095.152
2336,9126.081,26097.23,0,8089.969,0
2337,21297.2,29546.71,0,9509.788,6212.751
2338,27946,34714.26,0,8070.787,11370.51
2339,9828.331909,12524.3999,0,0,5959.702393
2340,18486.53,27807.51,0,0,0
2341,37995.78906,41832.71582,6277.087158,9256.112061,0
2342,0,7968.755615,0,5977.958618,0
2343,8220.93457,14123.1272,0,13422.77051,5477.741455
2344,35322.99,54700.14,14738.14,28062.54,12800.2
2345,26474.26,24130.21,0,18015.07,0
2346,0,14478.07788,0,8869.256348,12161.26318
2347,15346.98047,7344.596436,0,10705.98193,0
2348,16964.46729,11652.41553,0,9279.747559,10944.55859
2349,21916.84,29410.29,0,12307.66,5132.795
2350,15605.41479,30121.0415,0,24777.21143,20218.3623
2351,0,9181.75415,0,14062.53418,0
2352,15803.40039,28515.25928,9374.652344,0,0
2353,49281.57,56677.73,10211.26,35994.36,13804.56
2354,17119.75854,12121.23462,0,26462.80908,0
2355,35532.35498,30948.41602,0,12773.27295,24404.60254
2356,15091.698,17319.37524,0,15793.10742,23105.07227
2357,48137.43,54403.61,0,26859.86,15604.78
2358,35934.58057,60671.77246,11113.80566,29925.82227,32106.85645
2359,12137.51147,13913.6123,0,8142.449951,9424.183594
2360,12715.69263,16559.36768,0,7397.584106,16252.17871
2361,75967.9541,46488.22266,8408.451416,26393.7373,29957.91504
2362,28563.06,29400.79,7135.001,17263.71,10831.16
2363,34346.65,36434.3,0,35839.47,8699.333
2364,59926.31,60401.48,6301.961,55152.55,24132.32
2365,26577.42139,62837.21875,13392.58008,19978.88281,0
2366,36433.13184,38556.64648,9746.895996,13436.90723,0
2367,89778.28,48813.13,6178.408,59173.57,11097.02
2368,47542.54,60834.95,9098.983,20959.3,10798.97
2369,9892.0625,14440.63867,0,11358.56421,11214.85352
2370,27165.91211,25717.24121,0,15935.67285,23249.76953
2371,8864.584473,8000.108154,0,14629.41016,0
2372,15564.56,22346.49,0,0,5740.563
2373,46863.14,61107.2,10806.91,22114.73,11101.52
2374,13717.69385,15874.45459,0,0,6275.422119
2375,31901.9,44549.98,15539.87,21730.33,9939.488
2376,33587.15381,44461.06543,7201.937256,33546.86035,36975.62891
2377,23577.14,33154.56,5819.8,0,7774.829
2378,16413.65649,13991.28223,0,15589.7124,16632.33643
2379,23257.52,39085.15,0,9318.784,13807.32
2380,16135.62,24205.87,0,14175.32,9354.122
2381,12435.02954,20975.34277,0,25991.74268,16548.2207
2382,23045.2,22531.19,10641.75,16933.78,8221.669
2383,18799.66,24874.18,0,19578.58,10333
2384,24519.25,34817.76,0,26034.2,15988.4
2385,0,14158.64697,0,0,4713.648438
2386,24393.97,43994.9,0,17156.76,20190.92
2387,35762.15,18917.23,0,40022.57,9817.152
2388,30750.88721,50930.88672,10326.57788,12248.06714,6366.347046
2389,19848.92,19083.08,0,10261.28,6016.883
2390,39777.19,63018.34,14471.05,34501.22,7598.466
2391,131898.2,61638.4,8021.896,85669.92,8648.564
2392,16739.69,34262.33,0,14522.25,6021.855
2393,16330.29,17185.16,5725.73,9872.328,0
2394,0,8588.331787,0,9720.041992,0
2395,15999.71606,11374.98462,0,12457.64453,0
2396,39837.74,41537.36,0,12587.45,11279.19
2397,14727.53857,18749.93018,0,8091.235352,13598.80859
2398,44226.49463,56366.59961,10481.86548,25959.99463,13997.64014
2399,32203.94,43154.76,0,22032.03,6574.36
2400,0,5562.911987,0,17581.46875,6758.895508
2401,37694.3877,64283.76758,14154.67188,10345.89624,0
2402,20920.10815,24382.14795,5876.39209,14074.70215,15965.22803
2403,99516.8,44931.04,0,64405.51,6360.151
2404,27371.69824,35194.04785,0,23735.73193,33009.9043
2405,26279.57,46548,11612.66,20414.23,7889.447
2406,35829.78,49070.24,7584.725,20513.37,11439.24
2407,24560.31104,40355.50879,0,32781.64551,37873.3418
2408,36766.13,45801.53,0,33691.61,27223.28
2409,39582.15,38194.1,0,43317.68,11999.73
2410,50064.42,62624.83,13830.63,38937.46,12551.02
2411,8790.918701,8805.843994,0,7636.197021,5240.469971
2412,0,9248.717773,0,0,5031.598633
2413,23769.61,53150.42,10286.24,10647.77,9207.66
2414,5944.064,15528.75,0,8513.021,2696.841
2415,20808.26,36924.27,7632.196,28932.83,5333.113
2416,16736.68359,12840.96216,0,11800.56543,9579.693848
2417,26587.10107,34047.84375,0,23038.75391,32829.33887
2418,17110.44,38173.89,0,11383.01,4926.312
2419,35628.58,57189.37,0,28233.33,11367.02
2420,9165.504395,9447.078125,0,0,8958.262695
2421,24056.17,37630.84,0,13581.58,2437.189
2422,25350.82,52193.5,0,12913.62,26345.49
2423,34097.27,35296.24,11348.17,22991.44,8415.407
2424,17329.38,29873.96,0,8880.782,7415.512
2425,35698.05,53672.87,0,28734.55,15652.69
2426,49962.59,57209.09,13044.93,26403.67,15642.28
2427,0,8251.898926,0,22991.41992,0
2428,64566.28906,39985.11328,0,19697.4248,21430.38281
2429,49587.19,50775.59,9336.939,19159.44,22696.35
2430,68339.42,49877.32,0,90068.39,8396.599
2431,64169.07,60946.65,10366.83,42832.22,17648.48
2432,32071.37,36417.65,0,18389.75,9526.146
2433,23583.08,32967.99,0,16060.68,15690.41
2434,8073.675,9538.186,0,0,5345.618
2435,11533.79,17721.33,0,0,0
2436,9830.700806,15384.6582,0,0,9537.878418
2437,12864.25244,14749.58398,0,10255.83325,12781.66748
2438,0,8884.572754,0,12458.59033,0
2439,0,6347.734863,0,8439.930664,0
2440,39184.74805,38749.61328,0,27042.98291,0
2441,9658.153,10404.36,0,6713.747,5579.212
2442,8186.065,24971.12,0,17850.38,7074.221
2443,0,12207.02,0,0,4515.954
2444,17632.42,33545.4,0,15712.19,8916.123
2445,0,15795.20801,0,0,9636.134277
2446,8642.963257,20129.1123,0,14576.91504,10464.40918
2447,34327.58,47303.68,7752.713,31167.7,15721.51
2448,15933.06,48774.32,11762.91,11203.03,7596.41
2449,7995.146606,5968.85791,0,0,7756.392334
2450,28699.26,44834.03,7147.364,10911.79,4986.442
2451,25814.84,26567.05,0,7458.449,0
2452,20311.05371,33561.02832,5622.746826,10860.28271,0
2453,15489.49268,31079.46777,0,11980.96631,0
2454,18676.66,21796.09,0,8936.976,0
2455,43254.98,47887.02,10497.92,36218.34,17598.89
2456,160427.8,35688.45,0,124845.7,11531.67
2457,16879.14502,21739.73828,0,22604.45996,14371.0918
2458,42186.36,62195.13,7071.16,36880.05,17901.67
2459,27918.89,43303.85,0,13353.13,7934.809
2460,0,13340.84399,0,0,10292.29736
2461,20848.86,22771.64,0,11715.77,0
2462,23882.57,30639.47,0,12367.63,10063.98
2463,45039.65,48974.28,0,24918.34,8150.002
2464,33567.82,41525.68,0,26500.95,4989.757
2465,63284.51,48592.23,0,32667.66,6524.793
2466,32123.03,53239.96,0,51347.44,12073.35
2467,10880.04,38825.28,0,17262.57,15323.77
2468,44611.12,63380.79,7547.855,17139.77,9751.343
2469,9016.452,24140.26,0,0,0
2470,109704.1,35589.29,0,91944.12,12451.57
2471,32188.3,40257.09,6908.149,16550.46,0
2472,37300.28,48167.74,9359.001,29296.49,16149.88
2473,42835.2,62948.5,0,22164.1,12202.84
2474,23399.85791,48841.24609,9965.842041,15348.40723,0
2475,19083.71,20863.32,0,13929.37,4368.348
2476,50302.05,63185.8,6394.889,37478.08,11066.85
2477,38525.76,45964.17,8004.813,32093.14,15482.65
2478,26393.56,46644.68,4384.779,36470.67,18536.37
2479,0,9813.636,0,9599.173,0
2480,17925.29199,46937.10938,11122.18091,21412.20898,0
2481,28349.84,37935.97,13358.02,15893.98,6725.774
2482,29511.02,39797.38,8086.772,21024.77,8664.46
2483,18076.54,29980.25,10048.93,22298.78,12689.34
2484,36152.94922,62895.30078,7147.693237,13319.05273,10400.83154
2485,32173.21,29429.44,11232.51,18269.72,6730.429
2486,67098.17,23295.63,0,56702.8,9562.131
2487,17911.51,27647.29,0,21254.94,6838.637
2488,14670.06,60145.1,8755.066,18126.35,10298.81
2489,9665.72,19923.58,11141.43,8317.871,0
2490,0,9498.763,0,0,5164.168
2491,34979.22705,57551.29883,7651.566895,12824.63721,11072.59497
2492,41407.23,53870.12,0,45369.05,12508.74
2493,32355.05,34518.07,0,21537.85,9673.751
2494,31455.02,44775.59,5169.622,28301.2,14332.82
2495,67265.23,59743.11,9012.011,50210.7,12901.57
2496,13249.02,18892.31,6365.918,0,4012.79
2497,20514.83,29641.01,0,13116.57,0
2498,45295.71,50467.81,8910.547,15170.06,11640.19
2499,12339.69,19891.35,0,10076.1,7080.188
2500,53707.83,56656.75,13825.66,38240.27,9827.119
2501,27844.86,18249.24,0,44568.18,5149.765
2502,53048.3,62972.07,0,79139.13,27674.54
2503,24808.95,36901.91,5998.662,8987.663,4147.965
2504,37856.33,44685.45,6304.806,22509.2,11435.17
2505,37235.81,34282.75,0,26507.42,6563.885
2506,17614.87,48652.47,12071.57,11228.5,14220.06
2507,17426.84,33238.06,0,16888.52,0
2508,9438.066,41049.57,0,30024.3,0
2509,28560.27,56426.56,13606.2,10839.9,11043.01
2510,109507.2,24428.61,0,115111.1,15641.4
2511,46938.97,53037.36,15809.64,25662.23,9818.338
2512,79433.62,49780.37,6086.893,63832.05,21596.42
2513,44576.92,54102.68,7679.335,37386.68,21311.91
2514,9897.35,15339.73,0,0,6193.828
2515,36900.38,56506.96,12082.73,23417.34,7766.625
2516,19309.34,40870.68,0,14195.27,6150.096
2517,35067.13,40862.21,11088.85,27636.26,6374.684
2518,39720.61,55683.75,11511.27,16841.6,14297.28
2519,15524.38,38056.74,0,11917.3,11134.55
2520,37787.96,64560.54,14398.64,22485.66,9772.165
2521,25100.59,37572.8,13457.57,14467.35,7239.968
2522,31643.28,28702.53,0,0,0
2523,25215.24,32668.14,0,12984.38,6651.301
2524,36630.42,40764.13,7264.868,24453.41,11040.29
2525,29467.49,45908.21,0,6936.844,10614.08
2526,20843.62,17242.14,0,6513.653,0
2527,39190.14,52724.52,11524.99,34376.58,11647.02
2528,40454.94092,61287.17188,12465.11865,21902.89648,10877.41064
2529,17744.18,42101.51,9512.118,14937.58,6789.783
2530,40088.83,43014.87,9614.112,16748.27,9656.686
2531,19332.92,28589.41,0,14596.57,0
2532,0,11072.33,0,15844.75,5857.295
2533,26961.69,32328.47,0,25221.46,10844.79
2534,28015.57,42599.21,0,28975.19,15277.69
2535,17962.98,38899.05,8263.294,25361.6,15400.36
2536,16696.3,25322.14,0,25163.33,10404.68
2537,170961.8,55690.18,0,249104.2,18876.45
2538,22581.14,27895.76,5656.178,13114.35,17587.14
2539,16394.73,20006.9,0,14988.06,6610.247
2540,38572.16,53655.37,5689.775,33511.23,12353.83
2541,19160.26,58961.47,16108.3,28721.35,8204.69
2542,24473.78809,53444.80762,11806.90503,0,0
2543,12189.95,25289.75,0,0,8841.315
2544,31498.71,35577.36,0,24752.39,0
2545,19484.09,26537.94,6825.15,9830.243,0
2546,47017.84,60270.12,13732.62,27447.32,10497.04
2547,39344.2,23277.45,0,18158.57,7304.977
2548,56126.47,33275.67,6411.052,48384.07,10722.92
2549,15293.09,8990.572,0,0,0
2550,0,10252.28,0,8114.618,0
2551,16968.97,32896.59,0,18084.74,10427.84
2552,27579.97949,58073.24219,8890.838623,0,9041.64624
2553,29294.87,52725.81,9850.54,19151.85,10896.04
2554,26739.12,44857.76,0,15754.2,13731.49
2555,16260.06,20859.32,0,19530.52,0
2556,104741.1,19283.68,0,85134.09,7715.559
2557,35015.01,38262.31,7805.646,9470.454,9929.306
2558,23516.94,45779.7,0,23720.75,20800.21
2559,0,16692.43,0,10040.15,9310.605
2560,6937.917,17568.75,0,12476.99,10625.87
2561,37219.07,41457.79,0,58575.49,6114.187
2562,20728.97,43245.03,6589.435,26691.53,20934.39
2563,28143.59,27659.57,0,22516.95,10157.59
2564,9055.874,11589.47,0,7338.734,0
2565,10498.21,15880.4,0,7636.844,0
2566,42417.57,54850.89,10929.4,41110.57,24567.85
2567,31144.05,18792.06,0,34096.49,6465.48
2568,15886.54,7949.859,0,7621.717,0
2569,26802.6582,59427.25195,12077.82031,24061.49609,0
2570,26451.28,55729.3,10246.87,15533.68,6376.774
2571,76741.73,26500.16,0,70499.91,10730.38
2572,11210.02,15556.28,0,10111.89,0
2573,79063.02,52531.65,6782.686,58509.28,12419.34
2574,20897.42,27076.9,0,15523.24,8042.53
2575,35907.2,57032.92,0,24657.87,24777.43
2576,20003.19,26822.45,8024.375,11556.24,4865.561
2577,33201.49,55347.2,0,142674.2,8862.309
2578,26509.17,37496.21,0,25488.64,12340.73
2579,25029.44,59647.83,10178.76,23028.38,17690.36
2580,0,21335.85,0,9328.286,12440
2581,8594.651,31887.32,0,10771.41,7616.13
2582,29784.92,43295.01,0,5815.221,13422.07
2583,32794.17,49696.62,7345.023,22081.85,12292.64
2584,11136.28,26612.26,0,8156.16,4855.441
2585,17138.15,28243.19,0,22186.26,19697.5
2586,23730.93,32903.81,0,10363.07,0
2587,37103.23,48916.09,0,33250.21,21335.19
2588,35769.89,33198.87,6581.129,18989.76,5044.176
2589,6730.137,38958.52,0,7439.695,5180.478
2590,38408.48,41101.07,7675.343,32048.05,11289.61
2591,56412.43555,45958.60254,7200.142456,25457.2168,11554.04492
2592,45916.9,61582.39,9601.207,34635.93,12033.99
2593,16549.32,27632.92,0,19146.25,12195.47
2594,17771.44,19708.3,0,13695.18,7985.51
2595,31341.7,33572.65,0,21173.5,6976.289
2596,84552.04,46240.04,7625.401,48196.83,8829.855
2597,12878.57,45872.68,6125.373,8606.561,4663.098
2598,9278.601,14865.68,0,10425.17,0
2599,15616.49,24000.38,0,7494.691,0
2600,13958.4,21222.37,8405.094,7803.584,9922.876
2601,16279.04,26199.47,0,12532.7,8335.39
2602,29194.88,20403.01,0,10694.1,7028.187
2603,6888.477,15501.54,0,0,0
2604,36815.29,24148.85,0,28908.87,10895.46
2605,43631.48,44019.64,9497.504,29312.69,20402.61
2606,45657.15,48227.78,10389.23,22437.59,22266.73
2607,20514.66,36540.78,0,15788.03,11258.81
2608,21830.72,38162.51,6951.55,27582.15,0
2609,7126.403,17914.86,0,0,5140.557
2610,0,14218.98657,0,7521.109375,8669.052734
2611,11045.56,9634.412,0,37569.14,6880.381
2612,50438.57,40752.19,0,55037.6,12001.52
2613,41515.96,45943.65,9421.631,32013.87,16518.33
2614,28216.62,24505.26,5464.324,12617.84,0
2615,18931.78809,12421.38208,0,10099.28345,13574.97217
2616,31464.33,38571.59,5132.766,33586.32,11939.76
2617,19240.2,32952.05,6105.536,19248.67,13125.46
2618,29045.59,18628.36,0,22115.05,0
2619,47897.39,39821.81,0,19053.2,5993.913
2620,46129.11,48818.37,6998.777,18360.08,7445.694
2621,0,11065.55,0,0,5707.804
2622,0,6892.536377,0,0,5053.279297
2623,24004.88,39111.09,9786.758,26521.65,12559.22
2624,33829.22803,43628.71973,6292.945557,12965.86133,0
2625,0,6552.033325,0,7132.654297,9484.681641
2626,24048.33,43083.8,6949.31,17996.04,12162.28
2627,11077.8,13012.4,0,12565.57,6278.614
2628,20618.49731,35298.11279,0,26589.76904,34210.59961
2629,21416.69,22545.48,0,15936.71,11020.48
2630,14158.65,27207.27,0,9070.463,0
2631,17770.46,27642.28,0,18110.63,0
2632,9295.657,14333.54,0,10222.42,5400.972
2633,23246.95728,17873.14014,4332.215576,24069.70361,19353.46289
2634,33419.32,53294.45,10804.4,27428.38,9472.012
2635,28395.36816,20798.20264,0,9997.919189,13892.6499
2636,50177.43,44212.42,8579.642,48213.25,18838.42
2637,7279.563,9212.264,0,5506.642,0
2638,25805.51,36515.38,0,24306.74,14414.24
2639,36010.65,50189.37,9085.752,24143.86,13696.21
2640,0,8279.224121,0,5743.025024,5427.273926
2641,31142.83,33554.64,0,18434.44,7442.477
2642,29981.4,46807.21,6532.807,25326.84,10693.99
2643,18292.1,30389.16,0,13284.27,13666.25
2644,105809.2891,42598.77148,15343.2334,67911.46973,0
2645,45476.03,52200.94,10989.04,19682.41,17906.06
2646,24721.14,26721.27,0,38564.51,0
2647,26947.69,32793.39,0,19851.21,4649.436
2648,37104.875,47471.93164,6327.696289,23011.14063,0
2649,26191.8,56572.68,10671.87,31391.34,21183.03
2650,32529.45,52635.58,13904.46,22288.7,9237.965
2651,45569.95,57562.09,8631.603,42410.02,27356.56
2652,19077.42,25095.35,0,17638.74,6587.248
2653,28861.75,39977.42,8093.459,14951.03,6545.661
2654,30249.96,39612.64,0,15673.16,9715.335
2655,31478.18,48555.62,9149.551,26707.21,9158.16
2656,18531.18,33188.02,5892.786,7549.32,0
2657,57237.36,50505.31,9889.875,54032.76,7640.676
2658,17577.83,62917.57,11597.45,24066.86,4862.739
2659,7052.788818,6751.854126,0,0,0
2660,30657.67,43592.45,6457.905,30466.49,9441.551
2661,32315.04883,44067.10254,8367.889893,0,6951.300293
2662,11423.28,15831.64,0,21087.41,0
2663,124660.9,49110.59,0,81999.13,11834.85
2664,25571.32324,31886.36133,5110.620728,22187.43701,32589.22754
2665,17357.18799,27299.88135,10752.90601,17213.34473,23749.57813
2666,32495.09,40383.27,9875.724,11156.65,4892.97
2667,49050.49,54757.25,8031.456,36985.69,14007.12
2668,21280.37,35087.71,6045.042,14820.1,5039.609
2669,21931.86,34142.89,0,17408,11429.75
2670,59936.76,46944.68,0,49730.83,7652.196
2671,47495.05,52598.96,0,27731.67,9570.58
2672,33519.14,28032.38,6276.008,34742.35,8389.459
2673,12132.03955,23428.55811,0,14539.81152,19030.69336
2674,142238.5,48862.93,7005.81,103668.5,16130.24
2675,13227.3,20593.25,5699.021,0,0
2676,11308.68,16787.13,0,0,0
2677,40766.35,52107.13,10760.5,18767.31,8438.879
2678,10899.01,21674.73,0,8912.734,7150.301
2679,37191.68,60778.75,0,29296.59,29733.09
2680,19439.5,24820.3,0,9122.16,5709.124
2681,19437.24023,34267.14355,0,26844.94727,38418.89063
2682,43106.26,42365.93,0,24234.59,9622.411
2683,11044.15,23638.27,7855.024,14449.96,10668.55
2684,46759.53,60903.74,12766.49,23910.18,9072.069
2685,11213.20056,9507.804932,0,16176.85156,11158.70947
2686,28792.38,34160.98,0,21208.66,8053.987
2687,25095.38,39268.44,7114.154,23043.58,8510.152
2688,14778.07,19085.07,0,14142.12,0
2689,22626.32886,33429.60547,6929.657471,15087.40479,0
2690,12539.78,25567.42,0,14373.85,8392.471
2691,17318.11,35505.44,8598.129,21943.72,0
2692,21381.27,43706.79,6485.677,11689.99,7987.742
2693,34366.59,60755.24,19793.28,12917.23,9989.256
2694,7765.989,8442.522,0,0,0
2695,36045.3,63124.51,15696.69,14775.43,7579.163
2696,18661.62476,30434.47461,6728.866089,7576.358765,0
2697,15062.94,19646.82,0,15925.85,10086.63
2698,21362.08,49531.3,10939.61,13970.69,11355.07
2699,14703.39,14529.93,0,9973.814,6449.156
2700,18595.18,31721.2,7325.084,15192.15,9704.169
2701,24607.28,38819.09,7371.464,9835.458,6175.001
2702,43982.92,47228.17,11962.38,6707.818,0
2703,7538.980103,9592.512451,0,7437.569336,6759.792725
2704,17775.19116,31685.26221,5734.427002,20274.93994,0
2705,38764.94,62286.79,13472.12,25471.86,10959.99
2706,15404.68,49277.85,0,13902.16,4393.274
2707,28707.26,55599.24,10738.08,46136.19,12404.87
2708,26631.58,35803.18,0,61453.51,5248.901
2709,37714.94,36414.08,0,39013.86,15383.52
2710,8035.239,14436.12,0,16094.87,0
2711,43649.37793,61619.08594,8530.250732,27272.56982,6395.835693
2712,45996.43,52986.42,9257.55,33562.73,15528.97
2713,36069.18,54766.8,10772.8,36401.03,6735.466
2714,33404.37,64447.7,12010.98,57676.38,10897.97
2715,28246.16,44496.77,7481.531,17859.43,10082.28
2716,20620.63,29818.1,0,29172.92,10859.88
2717,26465.34,41020.21,7796.74,10246.85,7530.992
2718,11746.9,16152.07,0,12849.67,5511.635
2719,122368.4,31098.91,0,103556.7,12681.31
2720,29228.34521,44513.05469,8909.969482,20940.21631,7277.864014
2721,11649.49,27567.62,0,9566.424,0
2722,24772.13,18856.55,0,22558.78,9991.885
2723,61281.5,58374.76,6648.791,55619.02,22421.05
2724,22455.33,25329.34,0,20643.51,10865.87
2725,18707.2,25717.6,0,13557.48,13030.49
2726,8421.423,22261.4,0,0,6577.877
2727,29138.18,20414.53,0,15838.23,6506.146
2728,64412.72363,56859.19531,14991.36523,32705.83594,13338.67725
2729,21971.78125,23145.78857,0,7444.71875,0
2730,0,8530.713,0,7883.79,0
2731,0,12878.38,0,9520.832,7050.529
2732,27451.92,44973.31,7253.37,29233.07,14651.5
2733,19256.22,27481.32,0,17355.45,5130.399
2734,33360.46,50021.26,10359.61,36894.43,17605.94
2735,28603.49,32777.42,10400.77,26557.4,11017.67
2736,5965.79,7341.737,0,0,0
2737,33597.24,64695.03,11411.81,22372.92,9347.878
2738,18965.63,45441.06,8624.069,13338.96,6432.153
2739,31722.32,61863.53,6816.297,28213.92,7112.457
2740,7135.763,12245.57,0,7024.082,0
2741,45596.58057,60585.58398,11997.37769,23083.21826,14098.90625
2742,42185.1,62818.29,10216.51,26308.53,18788.33
2743,0,11389.43,0,10936.28,0
2744,22214.29,18945,0,11940.85,0
2745,42153.56,48837.67,7746.456,35550.28,11549.36
2746,24352.41,34657.19,0,16360.56,11787.78
2747,51817.02,29545.03,0,42091.99,0
2748,33839.82568,57493.78125,9153.94458,28560.64893,0
2749,29297.61,27423.16,0,34323.57,12817.62
2750,18983.95,47227.85,0,9157.317,5519.004
2751,38564.32,17247.26,0,39356.75,0
2752,9973.416,13788.15,5925.014,0,0
2753,43442.85,50445.97,10564.02,44924.45,7080.375
2754,15434.71,14089.36,0,11145.21,10253.34
2755,188168.1,46906.74,0,120077.2,7609.063
2756,15057.32,17116.77,0,8596.828,4681.924
2757,10739.12,22371.34,0,12635.69,7437.096
2758,24646.64404,38999.49219,0,0,0
2759,11145.82,12103.32,0,0,6285.734
2760,24025.96,35781.2,6283.288,22977.64,12897.43
2761,29189.87,39783.92,0,16093.05,3549.729
2762,18779.09,46631.01,13867.19,16919.56,14797.81
2763,9700.161,9626.261,0,0,11903.64
2764,0,12302.44531,0,8101.514893,0
2765,10940.76,16579.82,0,9486.728,4721.359
2766,77510.33,56498,9712.129,50557.98,9307.561
2767,18813.44922,29147.7876,0,0,0
2768,11572.51,22941.19,0,8566.919,0
2769,8044.704,10418.87,0,0,0
2770,27249.74,40751.42,0,49507.57,8085.832
2771,7744.579,33412.97,0,26117.34,0
2772,28088.45,22855.6,5963.245,11309.89,0
2773,25981.12,46312.71,7468.499,10945.58,9530.981
2774,41173.42,49624.19,8219.626,42057.02,16314.28
2775,7235.166,17575.62,7164.289,8022.182,8003.1
2776,28993.26,45249.46,10147.21,19213.61,8895.187
2777,16452.22,59577.85,6385.13,62633.47,5782.636
2778,9416.535,13887.62,0,7875.143,0
2779,27717.57227,48954.01465,8924.719238,9263.702637,0
2780,33976.68,41923.96,10011.1,39977.69,0
2781,42554.71973,61475.91016,15280.53125,34993.59961,10551.21899
2782,29588.81,59097.46,8464.727,28144.92,15730.71
2783,0,29524.61,0,0,5981.802
2784,11226.1,11793.29,0,0,6355.988
2785,18757.02173,17298.75195,0,5850.406128,0
2786,53739.35938,61994.44141,7635.130127,19740.22314,12489.84204
2787,44154.37,27890.85,6423.919,35249.73,12342.59
2788,6599.911,15267.3,0,0,6268.001
2789,14615.92603,29767.44824,0,7320.562744,0
2790,38677.27051,42281.7793,5827.087036,25780.8208,6798.895874
2791,38725.38,60022.16,12880.95,15782.07,19263.79
2792,29326.85,52852.91,0,19112.41,15733.08
2793,37982.97,30133.16,7249.719,46561.32,22482.22
2794,23424.71,43467.49,0,23687.6,13488.12
2795,16963.96,31300.94,5622.301,8572.198,6336.154
2796,52540.95,64545.3,19802.97,51690.58,22819.92
2797,30237.86,64294.22,9187.537,41957.04,30361.02
2798,33461.82,54030.27,0,42114.49,10826.89
2799,23693.96436,43828.71289,11764.47485,12384.60303,6849.771118
2800,19044.98,56148.08,10919.47,13326.43,11642.39
2801,45458.83,61390.39,11690.4,34195.09,15801.19
2802,38934.44043,51209.04688,14120.71045,6495.399292,0
2803,32583.18,64892.18,9582.136,33579.86,21972.22
2804,17500.04,16429,0,15754.91,0
2805,27196.95166,48519.5498,11224.06934,22749.80127,7788.880615
2806,31056.08,51831.97,8337.593,25912.97,9864.064
2807,105605.2,48152.41,0,22959.23,10074.89
2808,17602.23,11807.05,0,14909.65,4846.387
2809,38742.52,48259.11,7283.487,31483.43,20125.11
2810,29557.03,56738.61,14057.3,33360.18,13977.45
2811,28182.37,19256.12,0,28571.94,8044.187
2812,37222.26,61102.46,8025.84,47591.86,4941.003
2813,22894.29,22681.61,0,22803.43,9348.873
2814,39165.45,25957.21,0,40514.65,9464.036
2815,28081.08154,59554.39844,6624.599731,18292.70703,0
2816,15822.4,33327.87,0,10418.07,14498.87
2817,124244.7,58448.67,7541.064,118983.1,27131.74
2818,55546.7,54183.88,0,50100.11,12281.83
2819,8087.619,17686.48,0,7834.064,0
2820,48370.09,54798.1,13283.73,23649.59,13655.25
2821,18097.87,28565.5,0,13488.8,8292.865
2822,30842.89014,60383.2207,15419.28833,16889.41699,13777.03638
2823,59451.49,59169.53,10147.92,52748.35,11478.3
2824,15139.03,14744.68,0,0,7003.217
2825,62682.65,56479.64,6116.387,51622.91,9223.006
2826,29003.66,41478.41,9649.309,38606.63,6851.542
2827,33801.68,39105.83,6107.703,62767.43,14167
2828,29544.3,19361.17,0,46378.29,0
2829,36859.58,44104.38,9123.412,30158.59,13002.96
2830,54768.44,53651.86,5655.514,39258.83,11003.87
2831,30344.73,40947.2,7468.981,35490.75,6109.527
2832,28779.33057,48894.31348,6500.018921,9282.798096,0
2833,16776.11,27682.47,0,0,0
2834,18896.2,23311.14,0,11326.19,0
2835,27686.35791,45604.54199,0,15810.59033,0
2836,111522,64272.93,13103.68,112804.5,28072.23
2837,10400.14,24585.03,10796.52,16655.3,12741.93
2838,15790.6543,29847.42285,6738.799805,8541.664063,0
2839,16006.36,21657.69,0,15717.17,6061.038
2840,28665.58,39466.78,9575.967,22449.48,15057.42
2841,0,7751.477,0,11341.91,0
2842,38435.25,30160.54,0,23901.23,10311.5
2843,31518.65332,36009.22266,0,6368.83313,6953.398926
2844,33187.26,56149.55,8568.234,14793.55,10778.98
2845,9927.816772,18943.88672,0,9441.514893,11072.13379
2846,24233.09,39400.11,10540.56,22526.4,12393.83
2847,33391.53,56977.27,11888.7,29727.83,14943.44
2848,17778.62,35164.26,0,19118.95,12332.16
2849,19038.28,39155.59,0,19963.92,6870.716
2850,9475.838,12374.21,0,0,0
2851,53019.49,21297.47,0,0,10251.43
2852,36297.28,49945.28,7984.257,12567.3,11253.75
2853,29687.04785,60283.75391,15051.76514,12102.80933,9653.514893
2854,18465.34,13793.24,0,0,0
2855,132698.1504,64727.28906,10481.88159,67465.68164,17846.75049
2856,37150.42,46723.37,11302,25964.46,6102.435
2857,22590.46,40680.43,11126.38,17173.59,0
2858,41146.56,42682.36,12813.66,20591.6,13834.43
2859,20079.198,25757.74316,0,12179.31152,15217.49219
2860,0,11998.5542,0,6318.67334,0
2861,18609.2,30086.96,0,8904.895,0
2862,55798.81152,60872.25391,13469.28833,31022.33203,9873.799072
2863,9905.509,14154.5,0,41775.25,0
2864,16845.41,31035.56,0,19475.46,0
2865,33990.81348,53682.17188,0,27743.68701,8989.563721
2866,26509.52808,32529.06543,0,24769.73779,26487.17578
2867,33404.58,62022.56,0,17266.63,7677.093
2868,44674.16,52905.52,6708.796,31434.9,7789.459
2869,9461.635,14485.75,0,9452.836,8907.706
2870,17385.73,27452.1,0,12922.8,14513.97
2871,8935.641479,6800.27002,0,8666.176758,7255.117432
2872,8429.69519,4344.01355,0,0,0
2873,33548.32178,44141.92188,11025.58594,9481.641846,8489.884766
2874,44803.89,31990.01,6194.677,51066.1,8695.941
2875,32424.81,48711.65,0,57334.73,12679.14
2876,16808.26465,11046.17969,0,12414.8186,11158.38721
2877,18804.32,32843.41,10464.02,19572.38,9446.292
2878,10173.23584,12972.26563,0,33067.09961,7941.731934
2879,23459.35,40159.22,0,19341.16,11642.73
2880,8781.56958,7489.645996,0,7564.199707,0
2881,43036.98,52789.1,10580.67,22245.28,7168.399
2882,55446.82,62810.48,0,107823,23560.19
2883,11060.14,14441.46,0,9154.431,10261.84
2884,7834.569,8192.021,0,0,4250.329
2885,14380.32,16150.76,0,8049.181,0
2886,28900.02979,40729.5957,0,16296.93262,34046.14258
2887,7298.38385,7510.401855,0,0,5331.019043
2888,11103.16211,24566.36963,0,19168.04492,23127.7832
2889,51795.8,19282.23,0,33966.32,0
2890,25351.28,27820.87,0,18105.37,7019.282
2891,40442.41,45097.37,9335.925,29109.52,8636.698
2892,54777.48,47170.1,8968.666,51194.85,14424.82
2893,38497.58301,54996.95215,12900.64624,33987.19727,7659.279785
2894,51436.98,64315.85,12721.99,36553.37,17838.82
2895,37112.14,55294.81,13481.41,14854.34,10972.34
2896,8963.636475,10238.59424,0,13390.02368,8015.042725
2897,40571.25,40400.98,0,58764.32,17076.71
2898,25513.61,28723.21,0,8200.598,6420.39
2899,37903.8,12177.59,0,32229.54,0
2900,35793.12,52960.54,0,67522.45,11593.09
2901,33793.38,48918.74,7412.483,22684.31,12570.17
2902,34882.18,44072.37,11781.68,21362.87,9033.637
2903,11431.77417,9353.996094,0,0,0
2904,11888.38,28370.25,6459.683,9732.504,4817.62
2905,37818.46,27228.5,0,43066.87,10726.38
2906,22799.35889,7688.846313,0,9640.028076,5184.427246
2907,27552.88,52978.51,4965.131,24523.63,17400.56
2908,0,6929.799,0,6051.567,0
2909,17130.29,21257.11,7522.934,12532.61,0
2910,22505.77637,22446.95313,0,16942.52441,14140.30518
2911,18286.75,26306.62,0,70595.28,8365.187
2912,40843.35,61292.66,10627.87,69690.96,5441.385
2913,48481.42,32486.98,0,73765.93,15475.21
2914,37402.65,48787.91,8932.073,26935.9,11205.42
2915,105269.7,64700.54,5667.089,70143.24,11808.3
2916,9324.873535,6904.694336,0,7363.468262,0
2917,94457.9,53418.18,0,77219.17,13219.22
2918,13530.71484,6710.082642,0,10748.80688,5505.406738
2919,36182.89,46025.49,5743.295,42014.37,10544.35
2920,39941.14,60523.22,11144.59,21103.35,11320.96
2921,17974.53,35096.96,0,15072.22,8419.548
2922,0,15140.83,0,8711.243,0
2923,14766.95,21095.45,0,30710.63,0
2924,38452.7,36602.96,0,29288.67,17978.15
2925,16670.44,30734.76,0,12563.13,0
2926,39136.1,47384.28,7506.671,40396.38,8255.516
2927,8938.189,13512.46,0,9969.351,0
2928,43878.13,36160.72,0,28046.26,7798.049
2929,12187.77,39982.47,0,33825,17366.68
2930,16478.88,23337.1,0,15981.45,5160.997
2931,110872.7,49799.81,5370.239,77659.11,9117.686
2932,12149.81,31006.05,0,9964.332,9054.138
2933,5815.703369,9138.943115,0,8168.75415,8385.104492
2934,15316.44,24391.32,0,0,4030.277
2935,46375.52832,53290.24414,7821.85083,32683.57422,30500.66504
2936,16208.32,30963.15,0,21545.1,12441.48
2937,13041.82,18578.18,0,11876.46,10186.39
2938,56807.54,50864.13,8584.177,32246.42,10883.36
2939,34863.13,47653.17,7981.618,52283.55,7387.76
2940,16291.48682,12033.61353,0,8258.122559,12040.38574
2941,47081.75,60190.48,0,246586,9883.995
2942,24511.29,33335.75,5605.8,16935.3,9064.247
2943,37708.17,47497.66,10952.35,12406.27,13217.06
2944,38994.35,58575.22,13196.61,27214.26,14616.16
2945,31208.1,54028.59,5396.929,21260.78,11066.42
2946,53936.34,47191.56,6581.081,49721.1,7778.101
2947,22709.97,37490.73,6144.315,15072.35,5805.711
2948,12761.50562,7136.548584,0,10354.1001,8481.474121
2949,37877.87061,65057.29102,15909.60107,16030.62744,9982.067871
2950,27967.68262,60104.72949,11643.92358,35165.45801,32589.15625
2951,11316.84985,6567.617798,0,0,6035.40625
2952,31498.66,44832.06,7940.341,30345.66,10698.2
2953,44064.09,64269.92,6605.772,51861.49,11082.27
2954,27978.92,31411.06,7655.732,8383.507,0
2955,81133.67,53900.6,9820.129,32537.4,10340.88
2956,11148.39624,26429.32715,6189.899048,23075.90625,20496.14355
2957,24578.89,33485.98,5761.675,28143.98,0
2958,0,7331.250854,0,6510.338013,0
2959,15457.05,18872.82,7474.951,18469.13,5313.195
2960,36827.25,48969.56,7513.5,10077.93,10325.26
2961,25698.32,24461.77,6642.869,22882.61,6282.885
2962,89601.21,48990.94,0,83471.48,10133.66
2963,10074.91614,19035.31201,0,11285.6626,4756.609375
2964,16486.68433,24411.00049,0,11365.7417,15822.31885
2965,39934.18,51355.5,10663.74,22872.11,8493.307
2966,10536.43,18125.88,0,9575.607,0
2967,42743.64648,62409.38867,7333.765869,23001.82715,7665.454224
2968,0,12258.52393,0,7055.220215,0
2969,9802.896,20884.7,0,19828.17,4244.025
2970,36022.42,50909.11,8656.513,34955.4,14052.04
2971,47367.62,49854.5,0,23671.73,12188.41
2972,29069.10205,54922.8125,6941.930054,34130.40723,33069.39746
2973,39109.67285,58912.72656,8448.04541,21169.26221,0
2974,10365.87573,18617.93359,0,0,0
2975,47147.38379,53851.99609,15004.71191,0,0
2976,45605.53,55891.49,15884.62,32264.52,17809
2977,33992.1,25187.49,0,30582.9,0
2978,15939.28,35254.01,5838.283,22276.42,11757.63
2979,24585.18,23099.04,0,9992.355,5334.932
2980,7557.83,17273.01,0,0,4969.674
2981,32483.36,31873.25,9985.254,12976.94,12044.58
2982,14661.57,21294.06,0,8059.066,5244.799
2983,51577.88,52062.71,0,78400.76,7849.995
2984,29977.89,35380.69,11358.87,16506.46,8645.38
2985,32143.6,36191.74,6976.897,26211.93,6340.891
2986,15540.71,24332.01,0,37414.16,6695.679
2987,28427.7,41034.66,0,50283.49,6164.223
2988,19930.17,31533.42,9314.249,11958.46,0
2989,22394.06,33318.68,7366.839,32038.92,5788.989
2990,9953.575073,15946.19385,0,6861.502808,0
2991,11941.99,10727.19,0,0,5328.798
2992,14644.40503,37654.36816,7803.456177,19774.69189,23422.12988
2993,0,9691.308105,0,9927.792725,4663.734619
2994,38937.04443,48965.96582,11957.7771,13046.75732,9895.318359
2995,15132.45557,15889.81006,0,14841.30615,11835.10986
2996,63843.64,38210.44,7292.19,41296.09,12802.55
2997,13868.09,39624.05,6349.665,13948.11,4776.61
2998,25964.40674,43682.99707,5811.370361,24372.79248,26814.25
2999,11034.67676,11318.33545,0,0,8210.008057
3000,23977.93,16039.42,4985.673,11389.87,9757.415
3001,11244.5249,18349.13232,6001.506226,10571.16943,13735.64746
3002,24519.34,34702.46,9918.255,17390.31,0
3003,23070.37817,33422.23633,0,14041.36816,7904.116211
3004,24179.09082,41406.56934,12258.08032,11593.71021,6580.998413
3005,34369.98,44662.51,10568.53,25008.98,18654.62
3006,36322.06,64368.99,14058.77,58979.62,9699.412
3007,6732.127197,7719.693604,0,0,6279.38623
3008,27534.20996,33057.57031,0,12733.00195,6510.338135
3009,44050.5,50734.21,0,31677.63,8054.071
3010,9103.343262,29915.64453,6446.933228,21309.19727,21346.34277
3011,9673.807,17909.87,0,11189.05,7707.969
3012,33474.52,39198.37,0,28649.75,9110.714
3013,9801.187256,7255.770386,0,0,6537.446289
3014,22543.52,38120.98,0,11487.98,8115.171
3015,23994.43,61593.4,11425.45,17895.66,9388.428
3016,39051.79,50855.2,0,37540.03,24390.47
3017,16103.72534,28695.53809,0,16715.00635,24860.22168
3018,30636.35,39034.81,0,35768.27,8305.268
3019,36735.77,50063.43,11059.5,19605.78,11047.29
3020,35953.32422,58357.4502,8734.526978,28070.18164,35272.72266
3021,51191.83691,64924.00586,13456.00635,24229.46631,0
3022,14710.64,20896.96,0,6838.536,8581.625
3023,43488.89,61361.56,6898.722,97411.75,15704.79
3024,22003.16,35553.94,0,15713.13,9164.413
3025,44381.23,56415.23,8319.553,45628.75,14578.76
3026,16738.67358,23643.37939,0,12466.36523,18385.44434
3027,18708.65,26693.58,0,12426.99,14991.25
3028,6205.530579,15574.51172,0,8032.578857,8467.89917
3029,25674.62,55715.31,9310.739,14159.58,17574.76
3030,49562.42,46236.19,0,62155.91,6679.636
3031,17169.11,26299.48,0,0,0
3032,12075.61279,14494.77515,0,16151.91797,21776.17969
3033,9840.074,7242.469,0,7051.033,0
3034,23597.29,39497.01,0,103171,8930.194
3035,38446.19,57500.13,14647.72,23050.15,9525.445
3036,35578.81,54690.96,0,85697.36,6229.93
3037,37013.57227,36642.87988,0,19759.30176,16402.18945
3038,37478.53,50894.49,7310.814,32744.36,20147.83
3039,22073.81177,33937.26074,0,12680.33887,20669.82617
3040,0,10515.64697,0,0,4773.314453
3041,0,17879.97,0,13436.71,7779.98
3042,18369.26,36844.06,6778.043,20202.15,16598.02
3043,16780.36,22965.58,0,9539.147,4855.722
3044,11971.98,12128.13,0,10031.16,0
3045,0,7584.994,0,0,7236.122
3046,21251.99194,39457.68066,11208.7959,8970.357178,0
3047,21195.4,38191.31,6811.701,13742.88,7638.51
3048,13397.89,13001.34,0,17026.55,10884.35
3049,7646.053589,6347.436523,0,11067.37158,0
3050,13896.59,6558.083,0,0,0
3051,7472.136719,12630.3103,0,8121.428955,5949.529053
3052,31554.6,60764.13,13600.71,24575.03,10594
3053,19335.3,25891.5,0,16804.24,7339.884
3054,36866.21,49595.55,7616.494,27675.25,10883.38
3055,0,11134.87183,0,11045.6333,8153.486816
3056,12871.32178,14673.77661,0,14929.76318,7718.88208
3057,18717.44,18488.71,0,14130.54,9885.366
3058,36658.02,58546.9,6636.616,26645.23,7428.177
3059,37518.22,65234.69,9433.366,38346.35,39122.27
3060,25330.05,52808.27,7468.206,18955.21,5619.414
3061,18807.27,38505.87,8735.741,11390.48,9187.633
3062,28061.3,41392.29,0,61590.6,11423.85
3063,24220.08,36185.55,7228.907,18640.49,5404.896
3064,17996.2063,17781.78369,6723.513672,13626.21289,0
3065,22507.43,19642.1,7627.533,7505.34,0
3066,81721.29,62423.15,0,66710.77,22292.81
3067,14237.36719,17169.44971,4672.562134,9219.608154,11003.94043
3068,38463.6416,46427.23828,7103.334961,20951.12891,7857.706177
3069,7109.617,7706.319,0,6850.423,7639.952
3070,33154.5,46147.93,0,36602.77,8486.739
3071,13530.95,19890.35,6308.818,12334.06,9821.795
3072,35359.06,49190.03,0,34124.79,0
3073,43957.26,46152.73,8729.467,35342.63,8032.773
3074,25376.17529,62116.16992,11078.78955,15371.57446,8523.648682
3075,14926.95,28188.26,5541.295,7320.732,7295.946
3076,19580.14,30113.01,0,11447.46,0
3077,14763.62378,21202.34863,0,13235.30688,15035.53906
3078,18184.53857,42932.86523,8141.752197,0,0
3079,9765.049,19435.25,0,21326.58,5756.007
3080,19606.09,27183.55,0,23093.81,0
3081,32125.86475,62242.83398,8496.968506,38230.32813,38756.36133
3082,7457.59314,14574.17993,0,6639.576416,11546.02295
3083,28648.39,29359.52,0,22210.62,0
3084,18320.63,27572.86,0,0,0
3085,6654.051,28449.97,0,11452.14,0
3086,35596.99902,58584.55273,9492.981201,15656.74414,7610.032227
3087,31343.26563,47837.10156,0,19867.90332,0
3088,10248.50464,24656.375,0,14740.12231,15088.18066
3089,38533.63,65160.63,8708.986,47494.58,5767.576
3090,32033.12,55004.1,9484.708,31313.91,10621.34
3091,29089.83,44621.42,5938.758,22254.01,6011.842
3092,14993.4,23554.91,0,22230.65,0
3093,28937.19971,60613.31055,6243.715454,37773.90527,30683.70801
3094,24308.56,26800.6,5687.338,10729.61,5922.531
3095,18298.23,32664.89,0,15306.72,15217.38
3096,12387.91,15692.13,0,6434.843,0
3097,46180.21631,41464.40918,11898.76221,29973.73535,0
3098,0,9447.569824,0,10950.49463,5891.829102
3099,15391.81763,21186.29297,0,20661.40283,7953.659912
3100,31630.1,58333.36,8584.69,15169.49,7048.956
3101,0,11289.54,0,8126.36,4747.067
3102,14858.8,18740.42,0,94674.6,6637.427
3103,14444.42554,21689.94385,0,10798.87524,17076.36523
3104,7454.236,7576.943,0,7722.815,4447.545
3105,43797.83691,64668.33594,12822.43994,18979.36816,10289.29395
3106,103852.3,47927.58,0,75587.07,10938.23
3107,6459.227905,14275.08545,0,15451.32373,11216.16602
3108,0,6568.161,0,7909.362,0
3109,28759.83838,31532.15723,9443.53125,7584.344482,9890.26416
3110,40110.83,59934.14,9598.738,17745.24,10103.73
3111,21428,18481.37,0,13507.86,8813.008
3112,30761.4541,59626.87598,9738.612549,33614.33789,39421.19922
3113,18459.14,25275.91,0,10692.1,5547.99
3114,18696.66,29151.68,0,14945.77,9588.632
3115,36628.67,40623.55,10193.39,18069.45,7982.788
3116,35210.38232,52723.88086,14937.65576,13604.05566,10416.08447
3117,51708.41,63170.49,0,48434.02,26635.8
3118,12247.33,14056.91,8227.933,11512.41,9404.351
3119,16792.28198,31761.79248,7777.928711,27834.90137,30310.48535
3120,30768.77,42962.25,7648.73,60954.28,14055.52
3121,15798.68,34457.05,8585.169,0,0
3122,31333.75,40325.80078,4980.004578,23956.95703,29012.49805
3123,129427.5,55733.53,11468.58,115183,19688.8
3124,16698.52,23783.31,0,15923.25,4730.554
3125,16084.3,26985.37,0,9745.59,0
3126,39773.68799,57611.01074,10321.58301,38516.81738,37861.05664
3127,44822.97,54473.89,5638.528,32855.64,6795.886
3128,26604.05,38550.11,5601.927,11025.94,6799.168
3129,48258.46,41216.11,0,36707.04,0
3130,19770.92017,35363.96094,0,24736.8125,23271.55762
3131,29395.86,34269.9,7345.78,11247.86,5530.125
3132,19099.06,13703.23,0,0,9998.307
3133,14540.94,23036.07,0,10094.39,0
3134,30295.37354,43817.41406,0,30778.63281,0
3135,32589.06,54050.71,6235.962,28478.87,10430.64
3136,18960.56665,13487.67285,0,8179.56543,17123.61914
3137,29017.65,34015.8,0,31016.09,18192.76
3138,26981.85,35957.49,8645.94,13270.45,10538.01
3139,26549.38,61837.19,13674.96,28277.89,12462.27
3140,11272.03,11883.87,0,7482.285,6722.549
3141,11865.17188,18254.43604,5994.553955,14204.95947,20892.15625
3142,15236.59,31677.71,0,11718.26,0
3143,32181.36,38122.71,0,34635.01,13690.52
3144,19787.72,37354.98,0,17913.04,16851.97
3145,29597.61816,45543.32617,9074.429199,30314.49902,18103.7959
3146,36663.84863,52485.9248,11107.39478,0,0
3147,17060.5874,25616.604,0,26059.91064,25122.00781
3148,36538.87,64831.72,11890.98,22384.41,20797.98
3149,15720.24,30989.01,0,15816.6,9648.567
3150,37041.48242,21025.94043,0,16838.05371,21058.69043
3151,8262.492554,17495.83838,0,13200.71899,13042.9043
3152,9831.36,15465.6,0,0,6436.105
3153,31272.90869,50949.94727,13650.76636,15708.21582,0
3154,38048.53,61173.46,6592.961,103857.2,5853.959
3155,38582.98,63130.75,0,101416.8,9209.669
3156,17104.82886,25458.74121,0,17521.70068,18015.01953
3157,138668.3,53842.71,0,140484.1,29251.65
3158,17032.60449,32618.06641,9779.554199,0,0
3159,33566.32959,42494.04395,0,22963.5625,8366.506104
3160,33134.26,21772.23,0,0,0
3161,8836.644531,8827.773193,0,12911.09058,0
3162,18382.95,40438.27,7169.025,17399.66,12329.72
3163,29629.26,34207.52,0,12365.82,9590.845
3164,21625.55,40742.8,8522.233,22976.04,8910.629
3165,80445.5,49565.45,6102.875,66915.34,9193.127
3166,24372.01,43873.8,7091.102,53967.39,10006.16
3167,25209.91,28764.07,0,12252.1,0
3168,37802.71,47770.61,7895.511,23533.26,0
3169,19624.14,9476.511,0,21568.07,5388.515
3170,15442.39,17054.71,0,7251.092,8576.005
3171,146835.6,62649.75,17220.93,40917.44,13589.51
3172,8091.12,16847.34,0,13615.78,8429.489
3173,25136.64209,49071.55273,5815.947266,33475.38477,32777.00781
3174,31254.43,30589.77,8140.38,23929.07,6429.216
3175,25601.40137,36353.80078,0,10743.84473,8749.16626
3176,10985.38501,21371.54639,0,13055.12036,10135.19873
3177,21475.66,26731.97,0,51434.28,7537.668
3178,19701.9,29893.66,6966.883,11187.5,0
3179,7368.993408,6494.197998,0,0,0
3180,18681.1853,24739.98926,0,11518.75708,16209.47852
3181,17692.34,26693.88,0,8289.602,4533.213
3182,8840.616,19486.68,0,8903.456,6574.869
3183,7387.048,21211.69,0,8272.652,8783.771
3184,34657.55,60504.41,9060.943,43029.93,17748.05
3185,13639.7,25270.75,0,15250.82,0
3186,150126.6,43528.1,0,95835.15,12229.31
3187,41362.77979,62064.76172,12663.40503,20557.28418,8222.253174
3188,7387.141,11369.74,0,0,0
3189,17055.44,15240.34,0,14386.48,0
3190,33242.57,44458.94,9886.475,48109.51,5671.854
3191,10136.81,11221.14,0,6920.302,4553.176
3192,15484.16,31115.23,0,12557.3,0
3193,7336.224,17338.9,0,0,0
3194,13271.54,10577.42,0,0,0
3195,46457.06885,55154.51367,12070.57153,24587.7998,9293.746338
3196,40022.56,31257.82,0,10961.34,12997.87
3197,20404.55,29171.09,0,24362.41,6022.64
3198,67792.83398,53624.64648,10118.60425,12746.04883,6193.942627
3199,31519.79736,43808.33105,6114.95874,20400.46973,30543.46777
3200,0,12913.35,0,6823.058,0
3201,34189.51,45067.65,8865.91,12677.75,6005.735
3202,14849.83,49638.37,8354.031,12650.96,0
3203,27284.25,36713.57,0,43333.27,10274.89
3204,29213.08,51047.85,0,127324.6,10927.47
3205,32686.83301,47454.4668,8400.922852,22336.73145,34060.86328
3206,10204.85583,15412.48584,0,13831.4624,18007.81836
3207,20388.4,55204.26,9510.341,20652.81,16529.77
3208,66266.3,55247.72,7601.684,40332.14,27621.62
3209,18235.95,27257.75,0,17927.3,0
3210,32269.62,51536.52,7180.602,35256.79,6778.694
3211,24583.86,33854.12,0,28847.58,15217.65
3212,49726.41,34257.42,11648.1,37613.33,7690.407
3213,23477.51,49927.08,0,35337.85,9209.431
3214,25177.17,31925.09,6621.4,0,0
3215,64836.73,33734.49,0,64073.16,7306.878
3216,38294.23,57672.2,13138.55,27021.97,12447.28
3217,23034.01,54187.14,12563.87,35378.72,13163.77
3218,30400.17676,16397.78369,0,20257.74268,12553.06445
3219,34937.81,43411.66,11117.43,29550.49,22701.25
3220,16952.29,22106.17,0,11373.02,0
3221,40980.66,55717.78,11818.12,23482.41,0
3222,25312.81,27412.5,0,19234.18,11566.14
3223,23527.68,60358.5,9008.325,20053.08,13710.16
3224,31366.46,32714.69,0,31823.45,11212.25
3225,64554.27,50566.03,0,50654.97,17965.68
3226,8965.159,16656,0,0,0
3227,52603.28,38878.41,9849.892,26876.63,10173.21
3228,30239.55,57659.07,6811.302,40491.53,14806.69
3229,20815.69,53546.41,0,45434.78,5948.391
3230,41393.19,46372.44,6780.909,102064,8780.005
3231,27579.25,44639.33,6277.86,26768.72,12721.04
3232,38070.46045,58702.33301,13845.39063,27158.27832,12848.09644
3233,0,12278.05,0,0,7691.757
3234,0,13565.09,0,8588.251,0
3235,24485.21777,37761.17383,0,33939.73633,0
3236,37590.94,39713.78,0,37963,6833.8
3237,0,16430.47,0,5867.147,0
3238,28993.58,54006.79,9456.016,34100.74,5733.259
3239,13421.33,28791.83,0,60625.88,0
3240,20515.18,25951.05,0,11041.4,5313.307
3241,18365.13,19748.52,0,19488.05,0
3242,15324.03,12473.62,0,7079.269,7407.431
3243,34121.38,42462.73,8683.01,43271.64,12826.29
3244,39807.14,49761.93,6345.104,33320.6,22159.13
3245,74355.76,55121.98,6054.862,71597.16,16018.64
3246,15679.37,23526.77,0,6653.582,0
3247,8919.232,23996.21,0,13539.34,5705.994
3248,22251.58,44674.42,8735.599,17283.47,4722.662
3249,10699.95,10096.55,0,8396.9,0
3250,38035.03,59494.83,9864.732,35403.81,16313.14
3251,78788.13,61290.55,8176.501,33094.24,42134.51
3252,51771.04,36999.45,7168.015,9443.315,0
3253,46424.4,48932.6,12010.18,41630.75,21891.76
3254,22978.875,33567.59082,8397.06958,22783.88477,23660.54492
3255,29257.24414,59418.69531,10899.17139,19712.59863,0
3256,11078.95,20584.84,0,14789.26,7742.256
3257,68159.11,40147.13,0,66084.37,12754.59
3258,26991.54,50497.98,13197,23587.6,19147.16
3259,21162.94,25780.24,0,12911.81,0
3260,54741.43,49191.2,5473.158,68440.69,15670.51
3261,164703.9,51287.47,0,137535.2,23766.05
3262,82862.81641,47695.81836,13713.2417,15159.40674,0
3263,32737.13,53522.29,15078.45,22421.32,13668.69
3264,37638.71,48979.78,7784.576,23913.13,6415.809
3265,38544.97559,50279.76367,12765.43896,34407.99316,0
3266,28147.07,57409.03,11469.29,17231.67,5464.354
3267,30453.02,41807,7118.64,17759.79,12920.48
3268,55042.15,61605.38,12892.51,51463.41,11611.85
3269,38804.73,43454.82,0,37378.18,14572.86
3270,21521.71,29144.57,6438.347,11142.89,5525.432
3271,10067.69,16917.47,0,14493.84,4291.632
3272,57366.71,59853.66,15977.21,92847.63,19401.6
3273,17310.51,10992.52,5512.051,11055.7,8224.759
3274,25561.59,40377.18,0,22087.81,0
3275,17029.35,32613.25,0,14494.53,7228.067
3276,54310.13379,53903.43262,14056.49023,17725.34619,9386.574707
3277,54453.09,62869.39,13969.59,67067.78,29668.12
3278,35050.29395,54775.46484,7935.668701,12610.71338,14035.85059
3279,12504.91,14712.79,0,0,0
3280,34035.6,51215.96,6489.89,48193.61,9731.485
3281,11057.77,22651.91,10511.48,10702.74,0
3282,48052.21,63032.69,7135.587,82106.24,27312.91
3283,26213.41,50960.29,6006.876,19581.48,7113.049
3284,6206.351,13060.12,0,7655.618,0
3285,19989.58057,27730.96436,0,14136.33008,0
3286,15489.91,28195.94,7947.018,24702.97,5923.673
3287,13691.93,29737.75,0,30770.36,8689.937
3288,8077.024,19208.74,0,0,0
3289,40160.43,65005.84,15744.92,25942.08,23120.45
3290,38121.5,58401.17,11465.99,32841.99,8984.006
3291,20826.79346,47379.65625,0,14314.70386,0
3292,49804.67,58568.52,6438.674,37163.7,23481.7
3293,0,8290.558,0,0,4584.976
3294,21812.7,24573.84,0,12780,7275.359
3295,97092.1,65067.02,9739.151,101056.1,31675.6
3296,29017.19,45252.77,12539.82,20717.63,10944.45
3297,34668.7,30953.17,0,40450.57,13107.53
3298,10974.35,15456.06,0,13454.54,8796.317
3299,32727.2,39720.8,10511.87,22626.51,9233.639
3300,23380.32,35744.69,0,23345.4,17804.31
3301,71838.3,61113.39,14250.35,48884.66,19560.87
3302,26430.69,28446.2,0,30552.92,8105.625
3303,14917.54,42766.6,6184.592,18693.87,8860.123
3304,11436.09,16717.65,0,19402.86,0
3305,19596.47,38673.47,9464.129,10108.62,8520.52
3306,19360.37,29398.86,12350.5,12108.06,0
3307,0,18274.15,0,16871.65,0
3308,28127.26,39232.16,7325.118,29029.19,8752.22
3309,34752.95,49538.13,5567.598,26078.89,5771.789
3310,33193.71582,49836.4668,15558.60986,14170.05029,12474.56812
3311,18041.52,29199.27,0,9728.747,0
3312,7191.97,9772.983,0,7085.33,6529.177
3313,30935.3,45696.38,5845.506,21826.5,4458.857
3314,18238.44,27513.22,0,16215.15,6435.978
3315,34747.95,44552.35,0,26599.04,19469.81
3316,48939.07,63362.2,12391.55,34557.91,15163.15
3317,36445.58,38113.75,0,72135.48,6147.98
3318,23411.91,35282.8,6772.694,20401.15,4954.9
3319,27223.96,45371.92,10033.62,21813.19,10082.03
3320,31140.05,37116.48,8971.364,37825.45,15727.74
3321,52680.74,57523.55,9101.6,67079.71,19886.86
3322,10223.26,12387.5,0,0,0
3323,56016.31,42077.39,0,49974.27,9843.396
3324,32960.34,48466.78,6639.724,18654.52,13669.71
3325,19956.95,13252.04,0,29714.25,7203.811
3326,37700.31,61151.02,11546.45,46885.58,13414.45
3327,7762.289,15471.18,0,9700.436,7140.328
3328,16210.12,37589.47,0,15172.4,6177.169
3329,26102.45,42936.99,0,114662.6,23947.15
3330,34853.62,59928.06,7865.355,33382.93,10696.78
3331,18630.42188,60196.73242,14936.8667,15682.01758,10437.3042
3332,22312.46,37527.33,8059.715,45342.41,8610.695
3333,31009.12,45912.25,0,75408.47,4441.843
3334,19061.1,31063.1,5160.509,9715.876,9394.698
3335,57147.01,41516.45,9218.452,37201.83,22882.47
3336,49153.33,23926.71,0,44660.21,9646.048
3337,33291.87,33397.11,9340.281,28568.39,11815.93
3338,0,9950.51416,0,9329.077393,0
3339,15936.47,22526.48,0,12686.71,6518.79
3340,16608.6,33346.06,0,14638.64,10528.56
3341,11132.28,19729.87,0,10291.6,6969.805
3342,26284.41,25881.57,0,17469.31,12984.32
3343,31331.9624,55306.88184,5882.993408,18247.57129,8961.806641
3344,12522.66895,8273.776123,0,7194.22583,12574.13281
3345,53445.49,63303.44,0,122213.6,26170.84
3346,25958.23,17631.83,0,42193.4,5793.826
3347,28086.04,58708.97,11895.34,12877.31,11414.65
3348,34244.21631,54131.37305,9586.751709,15361.94189,10529.22021
3349,36463.05,50186.18,7745.433,58052.66,8887.523
3350,10184.01013,12464.77661,0,6743.544434,8109.938477
3351,15850.16113,32670.01172,0,12288.25146,0
3352,0,8246.522217,0,0,5079.619385
3353,27217.77,57972.64,8555.739,24456.57,10734.92
3354,14500.87,18775.36,0,11570.1,9398.926
3355,10558.91,16135.86,0,6138.053,0
3356,25368.35,52267.31,0,22962.73,10050.65
3357,24773.5,29571.83,0,27341.38,9522.958
3358,39049.2,38756.3,12445.5,35161.6,16919.45
3359,54630.47,64566.02,12650.71,59231.53,24910.22
3360,26269.94,35903.9,8310.236,64652.91,10822.18
3361,59668.16,46144.37,12140.67,34080.08,5454.544
3362,31029.37,30564.56,0,23378.71,16103.61
3363,18026.63,25092.61,6987.305,6537.753,0
3364,0,10338.73,6441.639,0,7357.185
3365,16857.21,13172.15,0,12320.2,6410.331
3366,18479.53,35164.52,7087.714,29415.57,10507.56
3367,10471.21,19047.11,0,10748.25,0
3368,33522.67,38485.36,6730.838,53871.2,10248.11
3369,36394.46,63194.28,14325.13,30257.48,10877.69
3370,18377.89,20463.68,0,15115.35,6391.325
3371,19971.3,63323.75,10692.3,17486.82,4852.255
3372,35653.08301,44278.88672,0,13171.7876,6195.710327
3373,42341.34,58415.18,11594.72,25379.93,24120.95
3374,14637.53,23157.75,6295.889,11001.96,6810.736
3375,19266.91,32253.03,6470.787,15532.61,5018.858
3376,59917.47,64382.24,7777.14,35408.09,18614.58
3377,0,7824.523,0,10340.57,0
3378,9468.093,14585.28,0,10219.26,0
3379,16833.96,24847.57,0,14485.13,0
3380,44513.43945,56377.29883,9036.952148,35063.89258,13033.8833
3381,27602.67,52609.24,7895.908,30447.25,11285.25
3382,38923.05,56422.53,0,41009.13,10911.69
3383,26459.08,34677.7,5918.458,29592.41,9005.069
3384,28158.05,13842.73,0,20248.31,0
3385,17087.9,23685.98,0,13975.74,0
3386,54771.25,15088.37,0,58144.69,5598.903
3387,61788.19,49325.28,5183.395,103094.7,19188.55
3388,35921.38,49160.68,0,29271.25,11109.47
3389,17855,31482.43,5972.486,12886.14,5148.104
3390,30084,36343.04,9836.105,18971.01,10783.24
3391,19633.23,54517.15,9139.742,17846.93,11157.58
3392,13056.43,20359.75,0,5979.032,5292.563
3393,28542.01,44462.16,9249.295,14173.31,8061.93
3394,37732.94,40497.76,11913.8,28878.14,0
3395,13004.42822,22995.77637,0,10679.23682,0
3396,100405.9,51155.34,0,28948.85,25577.65
3397,22452.69,35001.85,7791.755,13777.37,6446.765
3398,28727.78,47380.3,0,45924.44,10553.67
3399,27811.25,36442.11,6837.424,48373.47,11001.66
3400,11711.51,11751.99,0,0,0
3401,24425.8,35799.66,0,37389.18,0
3402,30978.12,47573.9,0,28725.52,5069.8
3403,12926.69,14938.78,0,7232.1,0
3404,10088.17,8723.684,0,6365.749,0
3405,42480.18,54407.3,11142.23,30616.22,13426.77
3406,47689.41,48043.14,13335.76,52437.55,22868.63
3407,41966.29102,53408.77441,10115.7666,26251.59473,7868.560059
3408,29808.36,33167.44,0,19466.24,8011.716
3409,50279.83,60411.43,12028.59,45128.42,13184.61
3410,18277.04,25044.3,0,20812.61,12143.58
3411,53288.16,58504.17,11585.87,24032.03,24039.04
3412,18611.26,24449.49,0,11143.13,10344.28
3413,12555.04,18900.38,0,14605.15,0
3414,40641.18,31425.08,7250.998,31950.63,0
3415,17363.65,30063.62,0,17329.61,0
3416,48407.84,34828.59,7195.363,44698.72,19239.57
3417,24264.38,39637.31,9063.705,42469.35,12994.26
3418,24649.61,27382.42,0,19522.05,15854.25
3419,18392.17798,30979.00781,0,12195.19556,0
3420,26562.26,53479.57,7919.331,27111.93,15533.32
3421,23773.27197,47033.33496,0,9587.822021,0
3422,44818.18,61946.44,12845.22,31325.79,18847.78
3423,97751.9,11437.65,0,7772.117,0
3424,20989.53,26541.25,7006.793,13252.07,7981.414
3425,0,8854.578,0,0,7398.139
3426,7040.744,13984.13,0,9576.825,4375.188
3427,25121.16,49869.21,5850.932,29047.77,8288.09
3428,51095.53,63190.42,0,40904.57,8538.4
3429,9881.45,8155.394,0,6969.526,0
3430,23005.85,43229.95,6116.529,26830.8,5241.717
3431,16404.31885,31328.09961,6555.215454,12657.83813,0
3432,11162.35,14391.9,0,11848.86,6986.248
3433,46820.19,59752.17,10690.63,57891.49,8912.987
3434,14292.479,35611.3584,6216.342163,0,0
3435,33312.58,40712.85,10505.87,19162.86,13825.95
3436,34239.2,52393.35,10050.05,43285.26,19215.2
3437,20909.23,28885.94,0,30790.3,11393.42
3438,31844.49,17630.17,0,28659.62,6090.596
3439,37206.14,57313.88,9287.362,27324.31,16989.7
3440,59181.87695,48811.11523,8341.501221,20958.99854,10757.89697
3441,19147.47,38621.23,5581.19,20803.35,8512.265
3442,0,15982.1792,0,12526.96509,13036.82373
3443,23083.89502,49305.65137,5812.598755,11937.04639,0
3444,34287.7,58167.65,15848.5,19518.76,10709.12
3445,35225.12,64859.05,10881.01,16697.04,9080.13
3446,0,17009.54346,0,8024.536865,6081.017334
3447,37147.46,60010,15775.11,33488.05,10862.59
3448,33611.94,63123.53,6819.348,40415.1,26392.68
3449,35686.89,21550.12,0,30553.85,10671.64
3450,12906.91,24066.63,0,21089.68,8210.606
3451,27143.73145,54126.00391,14891.32959,10479.75586,0
3452,35711.62,56285.1,7703.175,53640.62,13489.14
3453,26610.22,34901.21,0,10665.62,4264.497
3454,24234.83,47724.38,0,27203.52,7146.059
3455,23588.86,35097.79,0,40802.66,10657.18
3456,31769.85,16181.52,0,33647.14,7785.367
3457,32103.88,41351.02,8987.191,47039.13,7947.89
3458,13071.11,15312.26,0,18682.51,0
3459,20869.98,31081.67,0,11659.36,0
3460,16762.21,34338.14,0,85560.31,12302.39
3461,32560.52,61848.74,0,37814.92,24209.98
3462,44676.88,57506.22,14077.84,41774.6,12808.79
3463,11562.56,20479,7684.101,8715.794,0
3464,40075.04346,56031.79297,13243.74951,19241.99219,9033.900879
3465,19634.57,35136.14,5637.317,18497.38,10255.64
3466,17309.7,29618.41,6757.397,11238,0
3467,0,12238.63,0,5736.624,0
3468,17943.79,33213.29,0,23842.17,5703.095
3469,14355.67,22566.51,0,18333.79,0
3470,29596.98,31934.66,0,21590.26,8053.554
3471,31947.85,39523.13,9444.071,22485.88,11389.5
3472,27340.45,55472.15,7518.594,22633.19,8941.259
3473,26718.2,38202.38,0,14410.93,15884.29
3474,19194.93042,31373.98145,0,17787.0874,0
3475,10319.95,7806.051,0,9468.185,0
3476,69552.13,31166.86,0,63777.86,10945.9
3477,22698.11865,35176.70313,0,11433.38013,0
3478,26845.77,27997,0,9591.544,0
3479,12135.92,20346.77,0,16195.33,0
3480,65611.62,19926.11,0,41917.09,0
3481,17048.96,37671.46,7887.716,8829.785,5627.501
3482,51302.07,46243.25,8442.338,19414.47,8921.774
3483,45550.51,58307.5,0,29725.26,9885.839
3484,28481.91504,45715.08594,11684.37793,14069.01904,12204.85938
3485,2336.063,10320.98,0,0,0
3486,32609.67,41768.06,0,34395.66,10274.64
3487,35134.49,53677.39,8105.624,32193.97,17086.6
3488,16769.79,25262.4,9952.456,17653.09,4273.88
3489,43316.6,30718.08,0,24909.5,11207.57
3490,58629,44942.69,7595.23,38838.58,13806.75
3491,14999.4,18261.13,0,34379.58,0
3492,35303.6,57053.09,13291.54,36087.71,18433.59
3493,9866.866,7852.205,0,0,0
3494,18284.89,12718.43,0,12258.46,4070.383
3495,75302.58,56702.38,13663.72,65127.64,8698.213
3496,23655.98,39624.28,0,9033.864,7543.556
3497,18375.92,42378.62,6383.935,25868.11,0
3498,21444.52,32405.72,5472.957,31365.87,13186.07
3499,24262.77,20526.87,0,21564.64,0
3500,38743.93,46785.64,12650.26,39831.2,22219.94
3501,12262.03,10322.19,0,7696.595,0
3502,0,8387.548,0,7812.43,0
3503,15094.01,23009.34,0,15494.73,7787.151
3504,25397.39,33409.67,8246.917,15829.3,17386.67
3505,30041.27344,57335.39844,10803.61694,18145.48389,0
3506,16607.38,22507.45,0,9820.272,9204.171
3507,24509.80054,43083.07324,10110.10596,13149.00195,8700.135498
3508,606093.1,58844.78,0,27415.24,21057.29
3509,22935.3,18083.18,0,18741.17,4570.443
3510,21107.52,47231.16,13539.42,20041.98,12773.63
3511,26267.52,34528.7,5980.124,0,0
3512,29549.4,44265.29,8248.67,19538.98,7156.523
3513,40536.17,34797.9,0,45083.61,0
3514,30713.61133,52180.14258,9855.61377,21943.76318,12241.43677
3515,22070.76,48548.79,12411.93,16639.95,12290.74
3516,15786.6,12844.03,0,18358.66,7911.917
3517,27262.36,37842.98,0,19285.29,14085.02
3518,42328.45752,57622.15625,0,19870.49463,9129.193604
3519,32319.73,51628.88,7895.367,23759.25,16695.78
3520,26904.88,36343.12,9103.68,12524.3,7253.674
3521,42401.04,62185.28,11362.16,85756.66,7820.295
3522,19951.08,35317.21,0,54682.52,6383.075
3523,45129.79834,56844.14844,10379.82324,22382.1792,11809.36646
3524,71600.84,51196.94,0,51086.8,5807.522
3525,15868.15,22523.05,0,24945.17,12902.7
3526,15220.11,29916.56,0,19175.91,0
3527,23521.64,43775.54,0,56090.69,5047.638
3528,28711.73,33644.3,0,23640.79,13776.4
3529,21749.44,31454.9,0,17869.19,0
3530,20139.97,48401.26,6393.335,20514.43,0
3531,23748.3,40309.99,8571.839,21163.42,11039.09
3532,40364.16,63019.89,10693.51,52494.8,5198.229
3533,16050.56,35429.8,8866.691,13855.26,6263.593
3534,32158.61,46765.87,10376.75,27334.88,9923.253
3535,12222.67,21500.63,0,28592.25,0
3536,19736.03,38813.36,0,16889.75,4633.803
3537,42720.74,41912.75,5943.779,18174.36,12692.08
3538,31285.14,46778.45,7385.367,20996.9,9553.811
3539,10656.23,13733.51,0,8659.309,11903.92
3540,21566.01,37100.88,0,46791.15,8745.692
3541,34154.08,48554.62,0,56979.75,22450.8
3542,38367.79785,55801.25879,12087.3772,29644.25635,10080.9541
3543,43276.84,57950.93,8684.213,20159.36,18496.1
3544,19981.32275,36621.57715,6187.955078,36277.81445,0
3545,11888.81,24707.16,0,6924.306,0
3546,9554.237,36343.15,0,13939.33,10184.24
3547,32526.03,45825.44,9832.185,18572.39,13611.97
3548,38806.42,49094.04,13244.31,43902.84,7928.136
3549,25139.53,51767.34,6089.384,27400.13,20554.21
3550,41209.68164,62925.58984,12434.64624,21515.37842,15824.05664
3551,36820.61,47923.6,6825.112,19812.46,9193.648
3552,23048.78,42392.89,9202.131,8787.394,5472.684
3553,37988.31,64437.51,5990.383,37878.52,9024.6
3554,9905.699,11281.21,0,5895.341,0
3555,32923.31,17996.88,0,39648.37,6256.957
3556,60564.2,47099.73,15589.31,29488.58,5529.863
3557,17796.07,28612.48,0,21827,7075.124
3558,32862.88,58989.42,9394.49,20706.94,6578.051
3559,23624.05,13965.73,0,11655.01,5819.368
3560,17637.48,49653.44,7552.422,21326.12,15631.46
3561,14064.28,15054.31,4679.199,19555.73,0
3562,18668.03,24729.91,8482.53,7167.899,0
3563,19704.27,19736.84,0,10117.07,8324.778
3564,18961.66,24641.39,0,18457.2,8643.162
3565,59696.66,60503.81,10782.41,35521.96,17938.61
3566,30941.6377,46843.83691,13098.96509,15024.05713,0
3567,23306.99585,38949.20508,10199.18091,20362.20264,0
3568,16382.64,15998.06,0,16383.85,6950.54
3569,18044.9,26140.24,0,12576.1,8200.339
3570,24587.12109,33241.44824,0,18688.20947,5914.079834
3571,30697.87,51959.91,10698.09,24253.27,14915.05
3572,21945.89,34919.85,7726.019,16282.96,6736.722
3573,125139.8,48947.59,10640.91,31040.48,0
3574,26836.4,33689.56,0,24647.53,15348.92
3575,19341.59,27717.14,8068.688,15170.89,0
3576,39768.8,51726.75,9761.431,27796.72,0
3577,27154.5,27803.72,6008.362,14411.54,6396.224
3578,12329.19,19344.82,0,7760.351,0
3579,21464.5,21505.49,0,74309.59,6304.669
3580,16387.67,25519.32,0,12192.49,0
3581,34465.69678,34262.2207,11081.32715,14807.84131,6407.87793
3582,22577.33,55010.2,0,23241.65,24820.64
3583,18314.06,13053.44,0,8938.882,0
3584,40108.77734,61021.16992,14548.92676,10001.14185,0
3585,25357.74,44002.58,7246.124,11505.92,6201.072
3586,41426.91,56767.18,10044.09,17020.52,11078.57
3587,38632.95654,60088.46484,15204.95752,25661.83789,14344.90723
3588,15964.04,21058.16,4976.801,15340.37,0
3589,14336.39,38143.5,0,47835.78,9257.771
3590,0,15901.28,0,0,4031.296
3591,44999.08,60563.03,15142.57,27403.67,8915.581
3592,44929.28809,47718.58398,10561.927,29927.12793,0
3593,21743.8,30886.81,0,17906.19,11896.55
3594,17024.08,43624.45,5739.363,25858.8,16695.9
3595,14102.74,20603.54,0,51983.26,5381.879
3596,8032.857,12828.56,0,0,0
3597,35566.24268,60429.98047,15164.23682,18454.55713,10180.22192
3598,25207.82,49464.97,0,14479.37,5933.109
3599,45712.14307,36761.73926,8480.802002,23603.2334,0
3600,19437.1,24509.71,0,18351.29,5615.525
3601,30029.875,43247.46973,9625.46875,15805.81543,6929.622925
3602,43236.53,58259.47,8821.517,28850.15,7084.422
3603,32758.72,64205.58,9981.318,51219.87,7123.028
3604,9045.858,17615.34,0,14761.27,0
3605,57234.64,49833.31,9576.477,44307.48,13304.4
3606,10305.86,17337.83,0,0,0
3607,11352.75,22302.52,0,10668.71,0
3608,25366.98,25951,0,14116.77,5987.069
3609,48191.87,33005.58,0,34460.23,5498.102
3610,31125.79,37545.6,6052.539,21957.86,9830.861
3611,128172.5,47385.51,5408.776,75360.19,11822
3612,18709.57,23390.31,0,11448.53,0
3613,31742.95,33426.43,8961.114,22769.37,6337.282
3614,28146.47,29755.42,8222.554,23047.05,12248.44
3615,52129.94,60239.66,6507.009,51849.74,25238.05
3616,14735.06,45995.31,0,19828.7,5207.476
3617,16760.93,17566.28,0,8029.075,5992.891
3618,83608.02148,49535.74316,9425.551025,49296.51367,12317.53174
3619,39866.75,58243.02,15138.62,25579.42,6989.604
3620,28964.61,34677.35,14806.39,20865.9,5495.879
3621,15009.71,25844.65,5198.469,15729.47,12210.45
3622,50421.89,47297.68,9728.739,60600.48,25696.61
3623,16469.63,30730.16,0,18945.04,12906.18
3624,12024.97,18350.71,0,0,5346.64
3625,27012.58,57223.46,9170.817,23289.74,13265.84
3626,14023.94,9688.133,0,7282.51,0
3627,0,12040.93,5636.379,8231.337,978.5434
3628,92362.72,60173.07,5639.677,117491.4,26449.27
3629,12667.50464,22303.68359,0,6302.354248,0
3630,36622.89,60056.38,11611.15,48624.76,31988.3
3631,23260.4,31655.84,5617.613,31571.88,13588.72
3632,38653.63,40536.91,8916.299,68789.47,17522.58
3633,24622.96,31770.93,0,15029.88,6411.166
3634,53464.2,53042.94,6275.405,106627.5,13928.04
3635,12440.73,26063.99,5369.471,11990.41,0
3636,26708.8,55687.65,8335.354,18621.46,9215.223
3637,29531.62,14147.55,0,7181.38,0
3638,62559.9,58929.12,14125.23,61649.01,31793.64
3639,20344.49707,40067.00586,8517.423828,13954.40137,0
3640,17009.59,25524.82,6422.261,8731.783,0
3641,16663.54,28481.77,0,14660.49,7895.194
3642,20532.39,28508.5,0,28260.36,0
3643,25563.27,38764.09,6033.168,25839.07,14641.79
3644,22582.73,20162.65,0,0,0
3645,21834.73,45199.7,13016.5,28626.93,4066.01
3646,37280.63,40941.04,5263.408,42316.28,11230.57
3647,46464.78418,49678.21875,7811.769775,20433.97559,7233.361572
3648,15896.11,12642.13,0,19726.49,0
3649,30052.36,35772.59,8067.049,16135.69,16296.88
3650,33974.1,47978.37,13097.73,28205.33,9585.778
3651,30729.57,19704.26,0,24141.22,6452.268
3652,47696.78,58366.15,10596.4,18406.75,9484.303
3653,49943.54834,64483.12109,11875.77002,32121.85938,14588.91235
3654,13339.8,43162.8,8479.868,15796.23,6567.584
3655,31905.396,42038.42383,5822.171997,48499.27148,7916.78833
3656,28133.51,53131.04,7724.953,37606.95,6210.378
3657,59125.49902,61911.35938,12504.68823,30076.32715,8794.727051
3658,27431.37,44490,0,100212.4,0
3659,56408.09,60821.54,11423.29,31896.09,7276.79
3660,46057.54,41401.29,7295.762,42609.97,6725.279
3661,9920.798,7900.812,0,8252.672,0
3662,42297.93,25597.64,0,12452.59,9462.711
3663,27994.37,31042.59,7162.813,24341.61,5504.186
3664,32722.28,47577.01,0,31502.43,10137.26
3665,49310.69,62251.55,10078.97,53035.37,8731.292
3666,15597.46,17875.06,0,12006.58,4408.482
3667,7699.197,14237.69,0,8774.02,6833.748
3668,30919.57,29402.64,0,26273.59,0
3669,31183.39,49926.36,0,17111.22,10383.18
3670,23114.36,46499.32,6925.363,15758.01,9057.455
3671,13475.68,25268.41,0,11751.83,11375.84
3672,27302.31592,39393.70801,7298.907227,25987.20752,0
3673,32341.02,43887.44,10942.17,35168.88,5407.969
3674,20648.81,24214.82,0,10596.16,0
3675,42013.4126,59510.86523,12985.03149,23948.18018,7886.493896
3676,42964.01,60026.39,6764.924,83293.25,22348.36
3677,49097.56,61665.72,11310.84,20432.09,12121.71
3678,9626.249,10121.59,0,9346.968,0
3679,8704.237,17224.06,0,9371.93,0
3680,283208.1,56035.31,7881.092,188121.1,13871.45
3681,15072.83,29188.91,0,18135.64,0
3682,33688.03711,59906.69336,12925.17871,11302.64844,8816.116943
3683,8953.761,20735.49,0,31088.15,9566.815
3684,58708.43,62704.41,16500.04,33554.43,10999.09
3685,57322.12,62995.41,8472.799,49235.3,36567.95
3686,33578.21,54376.3,6511.293,49252.75,22731.06
3687,136103.1,64510.02,0,101187,20998.51
3688,36581.61,57155.14,14094.99,18972.61,7285.481
3689,34530.43,48310.11,6893.7,22142.4,6530.154
3690,48791.47,61487.29,13671.6,39454.11,10412.18
3691,13434.73,30751.29,0,11268.07,5519.075
3692,41831.65,61816.28,15373.39,32417.11,17885.57
3693,25178.47,25087.27,0,18300.69,10136.33
3694,40329.25,49963.77,0,60655.15,7167.719
3695,22134.52,28061.43,0,42464.62,5273.764
3696,16425.83,13664.69,0,0,6636.895
3697,36139.2,50063.6,8676.341,27741.76,19802.33
3698,36814.29,21029.48,0,21806.98,8165.647
3699,16818.2,29948.64,0,10192.5,9723.317
3700,16818.72,15204.14,0,10907.7,0
3701,74172.9,46953.11,0,50407.69,12229.81
3702,26981.21,25581.23,35908.32,18486.35,4640.586
3703,11933.82,27143.13,0,14390.21,4851.828
3704,10700.21,9873.056,0,6581.126,0
3705,20517.65,43966.02,11603.55,21841.4,18224.87
3706,11211.98,17615.57,0,13820.27,4781.824
3707,34020.86279,51342.22949,10469.25293,18020.5625,0
3708,20742.13,19210.16,0,19508.29,11168.27
3709,6959.195,19970.08,0,5146.687,0
3710,32475.67,52859.94,0,41283.7,15306.72
3711,22206.24,18161,6051.707,14714.15,11105.75
3712,34525.4,42640.79,9373.853,26205.69,9318.575
3713,0,18439,0,14456,17330.4
3714,31256.77,36141.5,9369.65,24481.35,7111.949
3715,49957.6,55079.06,14764.11,28344.09,15818.03
3716,38623.31,20517.01,6749.679,33118.66,8553.652
3717,50908.86,48967.23,14627.77,29195.23,12727.23
3718,23746.82031,37711.88965,7650.57666,10013.38916,0
3719,0,12678.79,0,7752.667,0
3720,49519.56,56368.83,0,83903.17,18814.99
3721,17099.77,32146.8,0,54923.37,14844.61
3722,24201.85,39241.66,0,12494.74,10481.89
3723,88476.38,51381.98,7377.25,58833.25,13752.49
3724,43969.74,47750.92,8666.853,35924.05,17119.35
3725,7734.981,22282.41,0,8384.442,6111.601
3726,29479.34,33211.67,0,20938.36,18106.62
3727,22971.4,17764.39,0,15063.73,10508.62
3728,11096.14,11813.86,0,0,0
3729,231801.7,53176.71,10631.29,149982.4,11372.61
3730,24740.75391,34612.39063,8142.820557,0,0
3731,43608.34,57129.87,13164,24961.26,8612.588
3732,84984.76074,64744.34766,18509.78613,45256.88574,17297.8252
3733,18174.48,37625.11,0,15630.6,8298.741
3734,12326.89,18141.04,0,10067.07,0
3735,0,16713.89,0,12119.1,0
3736,29747.72,39027.83,5661.037,40255.21,15392.55
3737,124282.9,61639.43,8010.885,102801.7,18154.3
3738,31218.74,28746.26,7027.688,17376.85,9409.5
3739,31765.16,33918.68,5881.087,29116.69,6297.997
3740,19530.17432,62756.97852,9960.453369,23064.48682,7916.787598
3741,18682.99,29576.8,0,17460.1,7044.243
3742,65002.95,28582.55,0,70532.26,4868.389
3743,27667.97,25404.07,7370.869,15059.12,5619.042
3744,29628.95,38053.7,0,30291.73,10245.44
3745,56817.03027,58287.32617,12136.85669,22183.19629,0
3746,17548.35,14613.42,0,40631.87,0
3747,19331.27,26811.53,5832.845,15150.41,7454.343
3748,23530.19775,32420.47559,7374.758545,7561.799316,7537.95874
3749,7919.301,12197.93,0,8397.8,0
3750,48907.89,57115.33,7957.093,42760.92,18331.23
3751,30683.45,37003.21,0,34289.24,10906.95
3752,83351.38,49451.82,6782.461,57809.58,9565.423
3753,46805.22,34622.92,0,22591.81,6889.707
3754,18808.34,15989.33,0,6610.812,4962.568
3755,34350.99609,51552.20996,6055.84668,80771.74023,6209.669189
3756,29783.05,17930.83,0,16745.03,0
3757,11632.37,19605.23,0,12025.86,7187.077
3758,47488.04,62402.87,8980.774,36576,17376.43
3759,26943.29,38113.96,0,28482.64,13135.29
3760,49055.29,58426.43,8427.972,93748.77,13226.56
3761,10186.03,25985.96,0,30982.07,0
3762,26683.18,30426.11,6692.413,22448.7,4821.217
3763,42721.50439,48558.62598,8718.796387,16071.2666,0
3764,39061.07813,51242.6084,11184.34473,19301.729,18201.01025
3765,107565.3,60275.3,9670.698,96193.22,30305.52
3766,134259.1,50732.43,13770.88,113423.2,16756.8
3767,18988.33,55006.29,12863.41,25615.78,13189.54
3768,20551.62378,40158.63086,8496.811035,6451.463989,0
3769,28081.25,37719,0,63299.58,0
3770,7704.333,21371.93,0,62464.32,4723.761
3771,23978.51,64606.24,14659.3,19038.95,15129.5
3772,19463.26,34113.01,0,58979.38,7987.456
3773,19945.14,18281.36,0,6302.222,10625.99
3774,22066.42139,41795.04883,6726.285767,9096.158447,0
3775,73374.27,42559.5,8970.788,38817,14726.91
3776,13282.81,26606.47,0,15086.26,8422.793
3777,43739.65918,43355.42285,0,21576.46045,0
3778,14729.56,21565.01,10226.58,12936.99,7171.706
3779,16527.16,18041.01,0,0,7767.617
3780,20733.27,32820.57,10210.15,11225.29,7122.042
3781,32522.71,44537.06,4652.839,39031.93,19582.95
3782,9652.829,24348.61,6559.916,16914.46,9835.049
3783,20420.74,23303.16,0,12023.86,13995.46
3784,5967.91,8653.399,0,7949.355,0
3785,23146.8,37753.37,7107.671,32125.8,10907.62
3786,33085.84,41351.22,12185.74,38143.53,18385.26
3787,15572.79,18344.27,5962.127,8007.404,0
3788,7725.133,7316.132,0,0,0
3789,12588.18,23052.15,0,11864.3,6937.157
3790,26044.41,33843.42,7520.745,23446.35,19323.83
3791,27259.96,43230.92,8671.906,0,7314.414
3792,44564.87,50080.19,9843.308,44187.14,16559.14
3793,16742.32,35050.07,0,15773.15,0
3794,29375.72,45412.77,0,42635.87,13353.04
3795,26644.45,47633.17,9966.439,0,0
3796,36011.47,40988.75,7100.412,18036.44,7833.461
3797,62321.48,48580.75,8142.87,75986.82,8913.704
3798,49988.21,48203.68,0,24984.12,7824.094
3799,62120.2,52453.07,12722.74,35982.53,18977.88
3800,45867.77,59456.43,0,62678.44,22844.26
3801,47227.18,57899.62,0,82532.87,12701.29
3802,30185.21,47764.44,12419.79,26545.07,13640.97
3803,15048.02,18614.33,0,8879.858,4873.858
3804,40707.42,49844.2,5840.083,52888.11,17489.25
3805,10922.04,29657.35,0,10891.52,6321.798
3806,35934.24,38096.74,7758.698,17072.14,10497.98
3807,22514.57,29116.04,0,25508.41,8963.236
3808,14565.94385,19496.3335,0,10749.81494,0
3809,43895.84,60862.15,0,24498.47,0
3810,30281.25,37751.61,0,141828,7048.044
3811,17270.18,28103.24,5840.626,14414.08,11307.48
3812,38678.21,44426.34,16282.76,23495.29,11442.11
3813,58682.26,52308.7,8606.366,55992.52,12451.97
3814,20353.24,31266.75,0,27395.54,0
3815,35518.21,54758.44,6742.795,78616.56,14362.65
3816,29780.49316,56288.87402,12688.15527,18686.6123,0
3817,17979.89,39438.87,0,51716.59,4874.363
3818,45911.09,25657.78,8874.422,45052.77,13591.39
3819,34133.09,37329.3,7882.497,20605.05,9982.427
3820,37488.35303,65265.98047,14505.14014,20438.86914,13379.34058
3821,30458.49,53291.39,0,56958.19,12051.97
3822,104287,54599.65,5292.651,76235.99,15705.64
3823,25450.78,42352.46,7508.641,72274.43,8970.044
3824,18554.68,24723.79,0,21081.14,6073.739
3825,56796.75,58011.49,11329.39,54775.05,26201.82
3826,55411.08,60631.38,15051.27,83169.68,26410.89
3827,32390.76,52948.03,0,47672.63,12529.32
3828,49465.73,47803.07,0,52629.72,18060.46
3829,15303.11,25347.54,0,11495.18,6685.865
3830,32558.21484,63055.86328,7980.789063,20342.62891,13386.90796
3831,20981.72,34858.72,12402.4,15924.46,7932.759
3832,18750.13,36645.19,9639.142,18148.23,6724.155
3833,27270.54,46703.21,11934.39,17306.66,11083.5
3834,0,15909.59,0,0,5047.414
3835,43703.32,64968.77,11471.76,23846.25,14658.89
3836,33262.06,47083.7,10937.03,24135.53,12978.03
3837,24847.55,38794.49,0,52201.79,13709.28
3838,23231.49146,45383.46875,0,14773.33545,0
3839,62875.03,65129.39,8286.647,48855,26683.46
3840,9693.603,26700.41,0,29259.79,0
3841,45291.63037,59681.0332,8438.351318,26492.40918,0
3842,31124.73,53922.81,12342.67,38512.56,26094.31
3843,14757.82,45572.49,0,30320.14,7631.545
3844,16393.81,16549.74,0,0,7309.97
3845,42375.07,35366.61,0,37753.58,7467.162
3846,69958.15,56471.04,0,56793.51,15720.82
3847,17958.87,12262.94,0,23165.98,0
3848,33284.92,26851.83,0,28979.18,9594.277
3849,29839.9,53115.97,0,24081.44,16513.23
3850,50595.11,52301.88,11593.98,42651.44,16937.17
3851,27663.05,52509.13,0,21017.11,14994.24
3852,28835.92,58432.14,7355.965,22658.87,21351.92
3853,10245.75,13983.62,0,16532.99,0
3854,27286.27,41548.91,8347.106,29712.83,11595.79
3855,53128.54,62209.9,0,47299.83,32199.76
3856,26719.84,50791.42,8152.237,52109.42,0
3857,16369.81,34169.52,0,21356.53,5528.865
3858,10472.22,21854.1,0,12017.06,8421.619
3859,66783.83,42673.1,0,63086.05,9477.248
3860,31147.28,46608.92,7907.556,25343.6,19754.47
3861,12148.89,24995.19,0,23501.44,6651.28
3862,37093.68848,64152.52344,15093.19531,21209.92041,0
3863,18277.53,39399.74,13431.68,11394.5,0
3864,13864.37,24777.42,4672.49,8509.383,0
3865,25540.40356,34644.00781,0,12399.21338,0
3866,22593.29,56814.4,10726.29,17853.37,10050.5
3867,17137.2,12070.93,0,10900.15,0
3868,39501.5625,63423.00977,0,30223.91357,0
3869,0,15880.76,0,0,5958.836
3870,38696.64,50520.95,12610.6,33768.94,8546.221
3871,45486.24658,60210.55859,12745.3313,57325.05664,19434.53223
3872,9159.58,15055.96,0,15228.32,0
3873,10981.91,20992.98,0,12490.68,8836.23
3874,17501.25,19334.77,7312.944,9625.509,0
3875,17034.67,16100.78,0,13435.32,0
3876,32338.34961,52640.03027,8348.916748,31816.04785,15968.14453
3877,33080.37,55637.96,9794.861,28975.04,28285.5
3878,18810.17,46807.78,0,58001.19,10563.83
3879,35835.92676,52786.9707,14536.4707,21664.20996,10813.7666
3880,19144.46,34749.89,6552.804,15170.23,8853.897
3881,33217.85,42168.47,0,48945.69,11459.07
3882,45710.83,58809.6,7298.453,80454.46,18456.12
3883,15789.69,22602.05,6809.734,16477.2,0
3884,64239.06445,65016.43164,16900.61914,13675.94995,9430.553711
3885,26828.49,47895.18,5969.81,24306.62,10958.88
3886,26798.48,48618.13,9096.212,54520.1,15574.82
3887,35013.49,49929.87,6007.969,65919.72,0
3888,34350.33,58988.67,12184.13,33454.06,14513.54
3889,19656.17,27991.33,0,19264.59,10909.35
3890,13904.35,16188.06,0,19860.59,0
3891,23797.46,29177.2,0,50079.28,6823.222
3892,42799.99,49441.65,6728.142,39053.93,12237.05
3893,37892.95,58417.43,8798.805,48207.9,12830.35
3894,19038.42,9207.244,0,14160.71,6433.803
3895,18362.81104,26086.47168,10570.78784,0,0
3896,26844.54736,61447.87891,11178.93994,21995.66699,9916.105225
3897,14525.69,16027.58,0,13090.06,5923.163
3898,15860.3,29139.71,0,33162.74,6101.69
3899,30522.08,43179.61,5511.633,19177.76,10855.99
3900,42577.2417,62448.44531,10876.146,21244.69336,0
3901,17515.26,16904.39,5249.04,6936.006,0
3902,18025.24,38402.74,10018.71,20982.32,6523.565
3903,18037.94,30386.54,0,16647.01,6217.938
3904,37967.06,47620.68,9041.378,54852.8,17812.42
3905,39113.46,60449.13,5987.63,18991.96,11893.65
3906,37484.48291,53988.81152,15679.88647,29575.04395,6567.57959
3907,16210.93,22696.35,9671.148,11510.9,4179.99
3908,60501.59,43382.2,8672.483,43431.28,11735.2
3909,16757.9248,31565.94238,7131.757813,13361.02051,0
3910,20097.67,40378.26,5227.585,24353.13,7069.595
3911,28399.96,57722.01,11375.57,34405.08,0
3912,14132.42,21399.43,0,10270.49,0
3913,20378.14,22066.19,0,23587.97,4743.53
3914,46861.77,53774.63,5857.43,131787.4,15265.61
3915,39413.02,57846.96,10418.37,25050.81,11169.85
3916,26109.44873,60750.25586,9759.426514,22620.05078,9056.372803
3917,31103.56,44235.69,8171.771,19448.3,10259.12
3918,28008.37,49179.61,9287.684,21630.2,17445.66
3919,0,30271.99,0,15084.57,0
3920,28159.81543,40470.2207,0,9821.695557,0
3921,29060.01,29435.26,10491.18,22102.6,17860.28
3922,17619.83,52125.03,8447.982,25644.71,20253.79
3923,36107.94,52339.24,0,41635.81,19437.38
3924,60370.14,54420.8,0,38828.53,9256.364
3925,30208.37354,62709.11719,13724.95508,14516.43164,17278.39941
3926,36683.17334,38455.375,10688.83105,18061.59912,8284.72583
3927,15818.39,28661.22,0,57578.9,0
3928,47853.52246,57353.22461,13312.86157,30312.45996,9250.147949
3929,47688.5,39592.86,0,29184.19,19674.42
3930,24676.06,33944.44,6318.458,18905.28,7189.33
3931,56493.63086,60837.50781,7517.845459,29667.30664,7754.49292
3932,25357.18,65199.27,15680.77,17707.97,12158.3
3933,45717.58,47409.33,10981.75,43405.3,31499.02
3934,42451.54,26824.96,0,32557.76,9934.415
3935,18761.95,35366.46,8554.362,15853.5,10793.59
3936,15466.38574,25890.77686,0,13322.65991,0
3937,38274.41,51839.66,8769.649,59793.9,11277.68
3938,90756.06,43122.93,7938.301,103140.1,21472.55
3939,37106.17,56005.2,9616.103,63300.83,10971.11
3940,31725.46,53205.78,9276.664,23820.69,4574.1
3941,36894.42,58334.73,9155.67,39669.17,9188.161
3942,22405.12,14396.63,0,16212.44,8641.767
3943,44883.24219,41315.00586,8461.584717,28645.97363,0
3944,30577.55518,59541.4668,0,10923.80469,0
3945,7105.59,12777.51,0,0,9193.808
3946,17584.23,34330.66,0,11505.55,0
3947,15523.94,27727.96,0,6301.513,4938.985
3948,48811.95,43440.97,0,32167.08,19290.94
3949,30068.80859,40045.66992,0,17920.62939,0
3950,7273.761,24015.67,0,15240.67,6664.005
3951,150760.8,55426.52,7028.304,132182,11755.19
3952,37311.94,46126.08,10625.88,59026.48,16390.52
3953,16969.16,39234.34,5893.602,30483.79,9989.188
3954,19883.39,32475.81,11150.2,26929.75,10448.66
3955,106259.1,41367.2,6054.219,111669.4,21722.74
3956,21416.89453,33237.88867,0,20940.8125,0
3957,5535.927,9316.673,0,0,4408.621
3958,29131.65,25750.33,0,23387.69,6756.749
3959,35523.34,55164.99,8980.767,24520.18,13433
3960,108356.3,64432.3,11535.51,43867.6,15161.54
3961,37305.06,56236.57,14437.24,35702.29,25580.38
3962,31243.87,41865.2,0,92469.75,18279.67
3963,72840.82,53489.41,6125.589,60080.59,6799.819
3964,44040.08,44213.99,0,43722.68,20596.98
3965,52565.44,56511.27,7469.084,57106.11,26551.7
3966,21985.61,37806.75,5665.738,15258.28,7481.406
3967,52035.78,56433,6220.306,48131.12,10935.17
3968,26654.2,56133.23,5220.161,15896.01,10902.2
3969,16238.77,29605.7,5093.39,9827.109,6543.087
3970,21501.76,25616.91,0,19435.83,6707.466
3971,46489.94,51747.51,12214.34,74737.97,18126.97
3972,27980.02,32933.91,7535.516,15272.51,4688.933
3973,33949.95,45050.95,0,25941.27,10587.07
3974,24883.72,37861.41,7769.32,20065.93,0
3975,16972.18,27128.73,0,13877.27,5363.729
3976,20906.43,20213.55,0,11896.9,9482.656
3977,30590.29,30407.08,0,29127,14674.24
3978,26791,36911.06,6776.829,19482.58,7875.46
3979,55943.26,53710.96,11022.19,63907.02,17314.73
3980,15197.95483,32137.36133,8014.519531,0,0
3981,42581.45,61867.72,12314.92,36780.81,13203.55
3982,19580.17,29203.5,0,18576,0
3983,23187.64,32267.01,0,10903.04,12202.64
3984,16475.61,16128.69,6483.994,27953.12,6604.755
3985,44303.18,47837.97,0,21722.93,17127.76
3986,16588.99951,31744.19922,0,15215.22266,0
3987,30753.57,46133.72,0,67398.81,8180.984
3988,31471.63,44955.7,9054.052,25205,7650.612
3989,26543.05,23632.03,0,31818.47,8346.323
3990,18764.3,46310.37,0,17802.68,8723.629
3991,44502.34,63404.27,12493.82,64097.68,15946.66
3992,29775.85,54146.19,7252.129,36518.39,24519.52
3993,22836.44,22825.1,0,27502.58,13405.16
3994,19469.83105,30548.75195,0,17587.74512,0
3995,90744.05,41165.33,12388.48,54864.83,0
3996,39767.65576,64472.27734,10361.99512,11332.80713,13126.84253
3997,55992.45,54714.79,11971.33,33195.05,17743.47
3998,53556.5,62607.11,0,36208.04,29320.57
3999,33979.36,39264.49,0,34490.16,7178.387
4000,22480.39,50651.57,9076.911,29028.76,7524.504
4001,28670.04,49591.89,12023.97,28402.05,15415.98
4002,21394.96,46309.02,8714.186,14164.77,5850.269
4003,34507.08,59317.8,9357.801,31300.66,29089.17
4004,11915.15,12990.03,0,16582.56,0
4005,13279.79163,41040.90625,0,17567.63135,0
4006,8691.387,16394.03,0,11239.51,5541.032
4007,43650.43945,43066.71387,6466.808594,21708.7793,0
4008,24311.77,37293.86,7553.329,20009.48,20428.03
4009,23605.46,34943.24,7883.803,16382.47,4345.523
4010,29670.73,39531.63,0,43888.03,18909.17
4011,63266.10645,58332.98242,11717.32129,18790.16113,12120.53101
4012,17286.76,15183.74,0,10648.88,10527.97
4013,0,13741.8,0,14449.99,4243.978
4014,15139.84,30746.95,7040.843,15707.13,6559.435
4015,12929.77,15510.47,0,19272.46,6500.191
4016,10205.09,20183.1,0,11469.74,0
4017,16762.08,37168.43,11157.37,13514.1,7645.91
4018,34383.96191,46067.55371,8472.928955,11930.57129,0
4019,46403.46,58594.01,13558.53,31836.48,5387.061
4020,37960.81,41150.47,0,60478.12,15189.85
4021,45743.11,50726.6,0,38435.36,7443.728
4022,16923.53,31431.24,0,15788.92,0
4023,25422.97,47690.78,7464.284,17873.71,6633.069
4024,67914.92,43176.17,8290.906,39804.91,9176.421
4025,58608.7,62903.08,12155.95,47408.52,18367.33
4026,16121.51,25222.46,0,16826.55,0
4027,22457.67,44458.98,13413.97,11760.55,4977.305
4028,33018.45654,57227.93359,9782.063721,22865.61621,8064.344971
4029,51660.96875,50194.19043,8122.43457,50829.10645,8006.850586
4030,32531.34,52792.32,11414.92,22273.73,5617.369
4031,29819.26,34276.64,8613.816,19793.43,8798.304
4032,16247.93,14689.57,0,10264.82,5916.013
4033,10310.39,20157.98,5726.376,10060.69,0
4034,20127.19,20104.06,0,14775.1,0
4035,33228.12061,54335.89941,12695.29419,24170.69727,13372.13525
4036,41573.96484,61145.54102,15206.57227,22151.04834,7399.013184
4037,27572.96,28797.62,0,19772.68,9067.111
4038,19178.44,29242.16,0,20159.93,8643.501
4039,26592.40527,54695.71582,6686.187988,21501.37451,8415.904785
4040,35205.56641,62522.92383,0,23954.74658,7581.022949
4041,51790.31,34418.7,7648.218,101707.6,15774.23
4042,20894.56,48983.82,9311.962,17023.33,15658.32
4043,18089.03,34429.25,10481.2,15002.75,6634.238
4044,25484.73,23203.69,0,7044.224,0
4045,22013.38,52777.72,14450.56,11461.27,0
4046,35247.09082,53791.66309,14471.01025,11861.54028,7821.408447
4047,60045.56,56053.45,11521.63,42572.56,10614.65
4048,18848.71,19358.18,0,26629.3,8349.531
4049,23722.09,34955.14,0,26432.47,4689.324
4050,30394.69,53445.12,8803.765,24102.89,15313.83
4051,13124.56,14462.34,0,11408.48,0
4052,14673.11,18991.72,0,15223.81,0
4053,34507.98389,51682.7207,5966.174561,17772.15186,8253.198486
4054,14229.62,11875.33,0,34192.95,4847
4055,54713.57,49478.79,11104.44,33193.19,17015.44
4056,36471.37,59584.94,14943.16,23018.98,10374.06
4057,21555.91748,57031.86133,14991.43359,12607.95728,10808.08105
4058,0,10817.99,0,14862.8,0
4059,37006.29,50042.85,7792.161,38146.04,12080.61
4060,33601.42,63042.76,9891.622,34691.54,7344.544
4061,30209.78,39370.29,8096.834,29531.06,10829.49
4062,43367.45,52790.56,7849.635,19182.26,6085.229
4063,25104.8,31342.32,7050.44,17550.51,0
4064,32699.44,20216.94,0,31100.65,6058.213
4065,21684.3,32346.01,0,67535.95,13100.54
4066,44479.74,62285.56,13088.57,25269.65,25542.04
4067,46135.16,63127.17,14043.49,41829.48,9636.524
4068,24115.4,29291.25,7072.082,16287.13,7819.01
4069,27547.7,19629.36,0,24698.18,0
4070,31064.36084,47369.56738,0,15700.96875,0
4071,15094.32,17953.38,0,9382.825,9310.646
4072,27823.76,29000.81,9849.2,26500.1,11440.85
4073,35811.06,29466.45,0,19813.77,6850.419
4074,14912.31,24962.79,0,11331.02,5970.623
4075,36062.85,42684.74,6929.238,31748.04,15868.21
4076,13575,19783.73,0,0,5684.904
4077,18192.56,16501.53,0,6705.019,0
4078,0,9164.594,0,7477.077,0
4079,22384.3,24599.13,0,21369.19,15713.46
4080,47191.44,56622.14,0,26800.69,14768.71
4081,86533.08,64757.53,14776.23,74863.66,21915.83
4082,23349,38694.45,10308.36,16058.68,8530.813
4083,34528.77,44330.22,6963.755,34450.77,23812.92
4084,34229.02,51304.86,0,44376.27,10990.55
4085,39523.6,58193.73,12026.17,22401.63,6386.219
4086,7299.72,22083.65,0,10519.84,0
4087,49550.31,61630.44,7039.409,30077.66,17502.49
4088,53732.64,55996.35,16254.49,30777.53,5395.963
4089,38621.34375,64149.70508,12577.7019,20488.85254,8052.842529
4090,75098.11621,60373.69922,6490.737915,44039.64941,13257.04492
4091,40976.28,63227.36,0,37358.35,7318.013
4092,17375.06,24093.7,0,17363.68,0
4093,46913.75,37332.9,9931.058,38880.63,8182.563
4094,0,14817.55,0,10037.15,6285.958
4095,19542.71,19196.58,0,21863.16,0
4096,29748.3,56458.01,0,30062.48,4199.112
4097,78635.76563,55588.4082,9228.4021,44190.46582,8957.040771
4098,15471.40771,22576.88281,0,11930.57544,0
4099,21644.05,20102.57,0,25821.06,0
4100,40113.06,31422.38,0,34922.43,9134.083
4101,138260.3,51688.97,6560.54,126869.4,14404.34
4102,52629.58,62791.94,7536.574,49713.17,8105.604
4103,59995.2959,56194.23438,9976.384277,44265.92969,9795.099365
4104,19934.70264,59128.58594,9834.647217,9668.100098,0
4105,38323.07,26144.8,6667.686,49391.84,10399.28
4106,26550.56,41177.76,0,15662.86,9413.301
4107,34755.89,53090.94,6365.036,59384.73,25021.68
4108,41935.19727,61016.4082,11912.40088,18578.11182,9032.639648
4109,25224.43,55623.63,8016.484,23426.48,9381.597
4110,17889.67,38090.57,0,26934.34,17133.63
4111,32505.01,49165.6,5725.514,121959.8,10231.3
4112,41787.29,49243.67,0,44269.55,18903.76
4113,29283.94,65208.98,10654.97,52110.02,20982.75
4114,6748.208,6934.595,0,11634.66,0
4115,50799.89,50041.78,7863.115,55240.06,21776.41
4116,24378.38,29243.14,0,30994.36,7587.304
4117,33253.63,52496.69,0,44863.84,10786.02
4118,78017.56,59327.86,6406.907,73276.21,7620.284
4119,19689.68,32952.9,6583.619,44125.83,12681.61
4120,43063.73,63192.15,0,41300.12,11285.73
4121,51757.31,55617.54,9314.827,38705.19,22191
4122,47022.93,63446.02,13730.9,31092.2,8908.062
4123,24245.62646,33520.94336,0,36186.74902,0
4124,27078.76,48234.55,8581.427,26568.38,15693.65
4125,38540.50391,60892.7002,15497.01172,22230.59131,6024.812134
4126,28993.3,49126.47,11910.61,20285.48,10481.83
4127,19118.87,19806.28,0,11972.83,10126.07
4128,20548.58,42025.52,0,25809.58,13529.04
4129,34345.33,46285.21,6204.562,67966.7,10790.3
4130,24444.54785,63213.58789,11440.51733,18133.89795,0
4131,12216.22,18886.54,0,11334.66,11866.75
4132,46740.6,53299.64,10177.96,35495.28,9987.739
4133,14565.43,12939.79,8155.437,13589.12,0
4134,16115.24,27964.58,4182.43,6688.403,8486.749
4135,39759.23,36942.77,9716.956,20236.35,12572.72
4136,16671.09,22261.59,0,17008.79,0
4137,38843.36,56520.23,8229.809,39837.21,22885.74
4138,19169.66,25609.71,6656.855,17744.16,6654.763
4139,9797.585,5698.25,0,8522.606,4863.973
4140,36923.84033,56773.51465,8502.274658,53919.0166,7131.877686
4141,22308.64,36350.75,0,24495.78,9538.883
4142,33100.97754,53416.27637,7313.049316,29756.2583,0
4143,60545.58,37843.82,8522.353,34430.18,11419.43
4144,49181.02,34232.62,10653.92,45782.79,15051.23
4145,19205.14,41139.71,6142.335,24089.39,17486.58
4146,45704.66064,64778.73242,10762.02734,34896.72168,8530.484619
4147,46017.32,39290.63,0,54390.75,6002.687
4148,19568.19,15281.21,0,22718.77,0
4149,9959.528,18846.05,0,18956.99,6668.468
4150,70562.69,45982.39,0,71855.74,10577.47
4151,11593.72,14742.71,0,6551.73,5520.342
4152,40354.94,63387.53,8423.631,39847.93,28022.78
4153,5334.74,8763.546,0,10244.64,0
4154,31669.8,50146.29,12315.53,55113.25,8969.077
4155,20655.9,29815.16,0,49533.96,0
4156,57380.69,54772.94,15551.9,47588.41,14125.95
4157,24746.00684,59865.61133,7120.709717,31300.85547,0
4158,0,7965.235,0,0,4362.379
4159,18773.05,40990.75,6205.497,32582.31,6507.558
4160,43704.17,64707.89,6419.774,38977.2,10295.18
4161,59144.75293,64321.94922,13539.78198,33248.4541,12136.26147
4162,32740.29,54111.05,6258.859,53689.98,7001.794
4163,41925.64,44224.63,0,45003.61,20819.6
4164,27383.17,60540.82,11528.73,33439.41,5778.096
4165,71564.94,17582.24,0,61237.86,8102.673
4166,27246.82,56144,11157.96,58047.35,6323.435
4167,5842.227,10327.97,0,0,0
4168,36508.88,29436.08,7347.067,33510.07,16939.87
4169,19387.28,20675.61,0,19785.8,7476.487
4170,17717.83,26390.05,0,8485.142,10702.82
4171,52543.78,59334.91,6770.319,39145.12,15318.62
4172,32102.02,43975.33,0,39606.53,16895.64
4173,47238.83545,64833.52734,8217.377197,35328.13965,0
4174,21596.00537,29131.12988,5894.528931,37083.72559,0
4175,24864.5,38515.41,5688.155,41964.23,11872.6
4176,59689.56,58610.09,0,35037.84,14754.29
4177,15267.41,20668.58,0,49627.71,6601.817
4178,48207.32,32796.43,0,53020.61,10281.52
4179,33530.81,44670.14,5336.803,43274.54,13732.3
4180,18303.73,33982.07,7860.771,14087.7,12268.28
4181,36764.72,48250.15,7398.446,20016.38,15452.18
4182,8000.866,12871.19,0,7484.393,0
4183,37835.74,60505.04,10760.09,111977.4,28626.72
4184,27348.72,43461.19,8818.222,20843.99,11032.67
4185,47080.25977,60409.80273,10984.24951,24559.33936,0
4186,45551.78711,62978.93945,11330.25659,20831.14551,0
4187,46319.66,64510.1,12435.18,33605.93,17841.26
4188,48116.85,63098.1,7844.884,37282.13,7816.345
4189,32423.05,42909.83,7076.824,39587.12,4546.426
4190,17061.48,25533.24,0,27799.68,0
4191,11064.61,10366.33,0,11696.38,0
4192,34596.25,19445.8,0,27909.25,0
4193,94398.37,42142.29,0,83664.6,14162.65
4194,20690.58,14233.11,0,7206.713,0
4195,66762.05,33608.81,0,67398.69,11617.81
4196,12761.43,13932.51,0,21045.68,0
4197,24125.27,43137,12280.64,17346.36,10160.4
4198,48422.73,51395.6,7515.621,24315.53,21959.63
4199,27172.62,46611.91,0,23876.44,5843.021
4200,56503.24,58227.94,7535.487,43231.08,17262.03
4201,32335.16,31714.18,4605.581,66044.79,8859.465
4202,0,16853.85,0,8700.925,0
4203,17262.58,20968.57,0,16965.91,0
4204,42398.81299,46465.19141,12604.51514,28221.81543,11342.33447
4205,9816.118,10838.41,0,0,4009.395
4206,18379.57,40731.59,0,73805.29,10032.51
4207,34062.72,48354.93,8716.466,58774.99,5659.625
4208,35507.03,40121.63,6953.951,26113.21,8033.125
4209,40663.41,59999.51,18029.52,24481.67,11012.6
4210,11495.23,18713.45,0,8093.148,0
4211,18208.48,23275.05,0,20537.19,8194.458
4212,12219.41,24807.97,0,10864.25,8010.752
4213,37512.9,64767.52,11014.74,31397.53,13779.74
4214,12714.96,14285.98,0,0,0
4215,104776.8,60846.38,0,89136.36,7515.723
4216,51458.88,45132.12,7555.566,43532.06,0
4217,38530.604,61442.60547,11188.54028,41280.04492,0
4218,19624.08,13284.97,0,32275.2,6315.746
4219,23533.51,28808.4,0,15476.47,0
4220,11347.37,29435.8,0,61695.2,0
4221,50969.51,49709.05,6311.609,52094.27,14255.71
4222,31102.98,24920.98,5695.118,37839.1,8708.364
4223,48108.74,26728.76,6113.378,34088.4,9739.191
4224,18420.95,32502.38,7057.844,8353.569,6427.74
4225,73095.45,62811.57,13920.37,45753.44,14657.34
4226,40326.27441,57433.73047,15581.46924,23700.65381,9356.027588
4227,11502.49,13584,4505.701,8851.093,5783.989
4228,29449.1,44604.96,7579.917,117932.3,20714.38
4229,58045.94629,62127.59766,12106.84814,32686.51953,7842.388428
4230,12360.34,28371.75,0,25721.52,0
4231,16399.71,17510.27,0,12334.82,0
4232,11078.78,12774.72,0,9293.344,5678.016
4233,10406.51,12897.23,0,27312.1,0
4234,92584.26,48521.18,8087.27,61736.09,0
4235,48911,57118.68,8177.928,37156.2,11298.36
4236,63323.24512,58971.29492,13159.82129,56488.48828,11116.8833
4237,10559.34,6945.224,0,8620.505,0
4238,22378.24536,32661.38574,9622.544189,9343.40332,0
4239,47629.6,53760.02,7577.733,52275.67,17743.53
4240,12545.97,18730,0,10986.43,6709.454
4241,26254.88,36423.73,0,46677.53,0
4242,60558.39,27605.31,0,55321.94,10468.32
4243,30820.51807,55259.91406,0,36740.48535,6464.181763
4244,63601.86035,57365.70313,6420.554321,40395.26367,0
4245,32432.5,36282.96,0,18350.83,14220
4246,6037.193,14885.82,0,14023.1,8295.147
4247,19743.29,43806.02,0,110557.2,6254.86
4248,110387.5996,64424.95313,7942.84082,40980.0293,14267.18872
4249,12883.13184,15740.30225,0,10162.69238,0
4250,42730.5,58058.14,10494.68,31448.49,19740.53
4251,15859.03,44823.07,8620.118,17053.15,8630.815
4252,31563.19,12037.04,7518.602,25296.09,4431.814
4253,0,18763.83,0,15131.11,9411.835
4254,14116.03,26189.06,0,45546.24,8641.654
4255,40943.32324,43539.77637,14436.05029,18987.10156,0
4256,31203.49,49340.07,6957.766,24180.14,10035.84
4257,15912.41,19967.52,0,45128.94,0
4258,23168.74,33948.62,8432.881,10000.94,0
4259,0,12114.45,0,7359.456,0
4260,29954.14746,39316.54004,0,18305.88916,0
4261,42589.74,64591.89,5244.597,28873.93,14752.75
4262,8921.849,10651.75,0,6383.278,0
4263,33311.08252,40596.16504,9656.787598,19160.85742,7874.771606
4264,21912.68,43449.31,6328.919,51207.29,7153.375
4265,45566.17,58153.9,7175.853,45813.55,18613.32
4266,24087.67,21139.37,7945.762,22101.25,13157.22
4267,18200.98,28454.46,0,19129.1,6452.409
4268,36775.44629,56304.95117,9012.605225,33517.65625,14445.13818
4269,20782.66,23479.26,0,17789.75,6616.647
4270,31751.55,41104.17,5932.436,48074.94,12917.07
4271,15950.02,16306.54,0,13989.38,4140.951
4272,81603.91,52513.86,8014.387,40519.37,8361.577
4273,37267.37,52466.35,0,36459.07,22922.09
4274,26579.7,30203.04,8559.618,25303.52,10112.94
4275,27003.86,25587.35,0,43225.7,9907.616
4276,31005.48,39409.12,10839.56,33222.26,11993.04
4277,18727.12,36274.87,0,39775.91,7520.331
4278,18472.1,35121.01,0,24773.37,10703.22
4279,11349.37,10113.22,0,0,0
4280,40078.11,48035.1,8802.293,36326.25,14956.69
4281,22353.23,62587.66,15086.54,21506.05,23318.48
4282,25559.35,37306.91,7074.706,33383.42,0
4283,24368.75,33215.23,7999.057,10931.12,7450.57
4284,16685.36,22168.79,5138.939,6866.212,0
4285,16496.36,61169.4,7375.195,16787.69,9717.185
4286,37590.47,54921.83,10487.28,26916.26,20155.1
4287,19294.92,28173.77,0,97525.89,10305.52
4288,13096.65,36815.88,0,9922.933,8782.15
4289,42578.53,57788.52,13595.38,43916.49,10814.2
4290,18776.95,15696.96,0,33025.07,12398.44
4291,29122.95,54287.01,0,77443.05,7485.341
4292,7484.719,10518.65,0,6543.116,0
4293,15629.37,29091.37,0,74118.74,0
4294,8630.05542,14169.11719,0,0,0
4295,18050.52,43963.51,0,19231.25,7803.167
4296,23773.04,34553.03,7288.667,14414.95,5446.591
4297,36458.75,50656.67,8825.371,66210.68,12186.29
4298,65584.91211,54084.07715,15960.81104,26678.07129,13851.96875
4299,38076.61,59448.04,13049.79,20863.12,20600.64
4300,52508.57227,64396.70313,8961.448975,27440.93604,0
4301,85777.54,51666.13,9719.89,50251.72,8641.102
4302,33059.2,52850.11,0,91008.3,8453.612
4303,19295.6,31308.74,9554.356,14904.83,6319.168
4304,16373.14,30704.6,0,34776.37,12119.75
4305,22670.92,33835.27,0,36992.64,7970.627
4306,16052.89,18801.13,0,7139.009,0
4307,44144.96,55581.44,8977.634,113579.1,19985.86
4308,32549.15,46427.32,8621.189,14727.04,9883.25
4309,34388.06,60910.57,7091.181,25738.5,12623.69
4310,31820,39541.17,0,16828.71,11658.97
4311,27389.86,34939.76,7526.213,20202.52,12887.64
4312,12716.37,26879.64,0,0,4763.093
4313,27971.2,29139.48,0,25470.48,6570.513
4314,34036.1377,50594.87695,6851.364014,23510.40088,0
4315,16492.94,17425.5,0,19686.75,8534.237
4316,21302.43,17868.11,0,13153.01,10629.43
4317,70545.02,58395.29,9365.939,58722.21,5657.622
4318,8066.028,10151.65,0,17883.66,7293.963
4319,24806.06,37487.5,0,55220.5,16143.8
4320,27079.48,47060.13,0,31732.26,20927.91
4321,50647.99707,56074.6582,8018.310303,41732.21191,11043.85107
4322,38932.38,64888.18,14609.11,40918.74,13661.75
4323,23260.74,39917.91,9020.021,13307.51,8149.609
4324,14819.68,21017.81,0,12294.94,9627.707
4325,27276.21,44312.87,9281.344,27296.75,7950.434
4326,22016.84,24255.77,0,15872.7,9189.955
4327,36042.57,59933.57,15554.25,27860.48,7077.219
4328,28231.88965,39999.08691,11861.78955,9135.476563,0
4329,137212.8,57029.56,0,101458.9,14930.55
4330,12373.22,17124.36,0,8446.759,6343.315
4331,25440.94189,46603.42773,0,15522.17188,9710.51001
4332,0,13919.95,0,12823.68,4946.085
4333,29197.16211,60238.85547,8475.449951,13686.15283,0
4334,47583.44,18307.01,0,54148,9832.362
4335,43323.42,34413.4,0,17979.79,5054.486
4336,15924.29,19819.39,0,7976.305,0
4337,16831.45,38110.75,5055.122,20957.5,8405.128
4338,35069.15,43655.64,8227.322,38128.16,11944.7
4339,19620.35,26686.31,0,43690.12,7415.129
4340,41859.14941,58341.36816,11277.51709,17786.49756,11564.93433
4341,6932.399,20513.79,0,0,0
4342,28229.06,37775.31,0,41043.71,17899.26
4343,39795.35,52582.52,0,39345.77,13661.32
4344,44497.53662,61667.13086,6203.245605,27966.63477,8721.595703
4345,13069.42,22287.13,0,44615.61,6208.166
4346,13189.11,11327.73,0,37512.24,0
4347,22703.12,31814.03,8769.266,19598.04,5691.804
4348,32720.87,41031.98,0,22102.34,15917.06
4349,35547.75,52182.88,9485.931,40277.94,17699.66
4350,32819.15,38594.98,9408.919,13244.7,6940.709
4351,59993.96,53462.93,5235.742,75355.54,21025.26
4352,14911.98,21646.39,0,8669.011,6573.491
4353,0,10126.29,0,7443.785,0
4354,26089.39,41094.54,0,21126.77,12416.24
4355,12686.13,32940.1,6485.731,0,7424.609
4356,18080.55,32703.76,5902.076,18271.02,4584.368
4357,98947.88,57406.94,6616.521,116610.1,23049.38
4358,34484.11963,61069.32617,9071.135498,28871.48096,0
4359,37756.46,64849.33,0,26202.23,6803.415
4360,34596.75,35133.62,0,94614.13,11498.68
4361,35025.31,49655.03,8604.096,49426.24,11928.95
4362,19844.8,27829.81,0,55068.85,6402.577
4363,42044.47,52799.01,14724.02,25254.86,20582.98
4364,11927.17,15840.5,0,10428.42,0
4365,19585.22,31314.96,9180.971,12142.74,8114.202
4366,31030.14,46115.46,0,28154.48,24201.56
4367,15380.65,17860,0,9860.556,0
4368,18566.52,28907.75,6921.638,22063.84,10000.1
4369,38663.7,36048.62,6014.686,15108.67,8717.372
4370,16945.43,16938.15,0,17373.21,8918.587
4371,6801.408,13633.07,6934.815,31015.23,5395.47
4372,28273.38,48585.33,9975.301,20929.57,5900.052
4373,17180.17,23047.1,0,12799.69,8889.233
4374,35014.61768,51625.3418,13436.19556,30928.73633,8394.997559
4375,0,11292.21,0,7409.161,5101.873
4376,30116,59313.04,8235.945,25337.79,0
4377,43875.5,48895.54,11438.61,78457.03,10132.39
4378,32393.89,50947.58,0,23696.47,21813.97
4379,35338.24414,65119.01758,13045.56543,26510.04248,0
4380,27405.03,46343.57,7864.761,17042.51,5069.251
4381,56642.42,62981.13,0,43780.9,20681.34
4382,35192.25,63124.12305,13580.07349,15866.21924,9244.008057
4383,7666.165,13227.2,0,8119.177,0
4384,36569.7,53340.56,14344.05,30386.41,0
4385,12193.64,19908.64,0,19102.15,9845.632
4386,12973.88,28750.96,0,22943.06,10501.1
4387,18985.69,24044.75,0,13799.66,6504.164
4388,25353.52,29652.39,0,28378.68,14560.36
4389,30702.01953,58932.30078,13673.83374,23160.75635,8890.883789
4390,21972.51,39172.28,0,63619.27,9278.364
4391,38126.17,48013.97,9802.354,27610.42,22244.54
4392,16830.31,43476.73,0,64688.07,5777.436
4393,6911.789,15750.45,0,23576.32,0
4394,51394.5,44515.42,7512.187,56134.51,19194.77
4395,30018.66,25351.85,8530.505,28023.74,8352.014
4396,36153.76,63326.07,10162.04,33589.91,10465.24
4397,13553.28,17331.74,0,11447.25,0
4398,25941.02,43712,0,51609.1,5790.661
4399,15565.18,25370.47,0,20231.41,4556.709
4400,33414.4,53463.43,0,79849.36,14838.64
4401,40741.04688,57601.39453,12952.14844,22502.34229,0
4402,36694.59,53357.28,7293.763,34142.37,16138.59
4403,28009.49,61844.3,7809.519,51319.51,4727.397
4404,67520.74,52321.51,7614.567,47033.95,9706.174
4405,35162.73,35104.22,0,27390.42,0
4406,23656.61,49382.36,7749.602,23649.81,5136.568
4407,28958.04,54319.47,9019.582,30603.42,22856.47
4408,9031.91,14366.56,4590.375,0,5255.33
4409,15830.93,9565.608,0,7541.757,0
4410,18035.95,25183.72,8784.152,47838.17,7351.727
4411,16675.41,26999.23,0,12783.65,5847.571
4412,25941.56,31515.37,8190.304,38188.62,7714.005
4413,38077.36,19475.8,0,31603.82,10532.86
4414,19075.78,22300.36,5209.832,17356.84,15786.68
4415,28806.46,50662.3,0,28392.98,9436.209
4416,14925.29,43222.87,0,19638.72,14738.1
4417,33142.79,37841.33,0,28211.65,11674.39
4418,42845.02,51572.39,13045.96,31333.72,7076.4
4419,51152.09,55875.38,0,78371.26,28741.08
4420,40326.27,64244.92,0,36899.51,21655.24
4421,20524.21,45152.76,0,32759.14,4848.034
4422,11173.77,36732.12,7354.577,10938.44,4699.928
4423,38889.41,47953.13,0,45355.5,17202.21
4424,18971.66,30401.04,0,11356.7,0
4425,22368.27,25022.39,0,30236.44,6096.997
4426,36936.42,56578.71,5855.236,37538.53,15760.51
4427,19085.11,45228.46,5736.78,14084.4,7558.785
4428,38516.64,59224.58,12085.07,118543.6,13696.66
4429,36305.96,51820.79,0,15966.9,11070.62
4430,142466.7,48186.42,8182.94,98279.21,10530.97
4431,55174.63,57917.87,13861.26,33844.71,19446.67
4432,44463.19824,59261.63086,12050.70508,22428.97168,12360.98608
4433,20052.71,55006.68,9873.004,12639.14,19245.99
4434,15590.77,22121.5,0,14550.78,10128.79
4435,42441.12,43692.41,0,121652.8,9943.254
4436,17139.49,51063.02,9782.047,27935.03,8258.461
4437,29415.92,50654.74,0,26149.4,7544.051
4438,17924.66,23103.52,0,18379.4,7844.074
4439,14119.04,25594.84,0,17677.8,6142.607
4440,30677.74,33810.76,0,40558.28,19940.21
4441,17036.64,33146.74,0,24137.99,10535.72
4442,138499.6719,53659.26855,0,81322.44336,11085.57886
4443,35552.01416,60573.38672,11119.11816,36590.15039,6649.444458
4444,43476.72,57124.72,10610.12,33155.29,5638.282
4445,10612.36,20010.42,0,11610.78,4416.934
4446,13930.46,26990.51,0,27632.55,8836.822
4447,75576.98,48856.75,7071.744,77653.59,17167.41
4448,55722.02,58335.72,13444.59,46002.08,12768.51
4449,36984.38,51725.75,7914.737,48686.49,14659.73
4450,37059.51514,56600.30664,10318.01733,15700.69189,0
4451,10520.65,20763.74,0,9516.1,7251.107
4452,23283.18,29043.85,0,58633.95,5617.486
4453,41611.09473,60405.23633,6991.05835,27446.54443,0
4454,79252.07,49641.57,6197.815,62881.86,10759.56
4455,42996.37,54880.79,5648.136,43808.66,16059.17
4456,19589.59,19873.93,0,7751.338,0
4457,31261.87,40423.06,11956.18,21377.67,9965.049
4458,11390.84,13567.56,0,8335.778,0
4459,25758.57764,58711.29395,14935.67432,12552.44482,11845.67944
4460,27881.52,43553.28,10896.79,25214.77,6664.331
4461,35057.11,49616.35,9889.217,27206.34,13734.89
4462,16432.65,11558.93,0,15976.12,5975.708
4463,62284.83,63251.54,5776.17,62904.68,22994.78
4464,15951.01,17731.72,0,0,0
4465,52314.54,48115.02,10015.82,46559.52,10565.23
4466,38418.46,53029.78,12017.33,47459.06,19626.05
4467,43998.13,40738.12,0,36284.65,24436.87
4468,34325.31,33470.78,0,29084.26,13135.22
4469,12410.71,24210.57,0,28387.54,7208.36
4470,19440.06,34218.39,0,53933.29,0
4471,41405.91,52839.32,5947.071,50665.2,23914.91
4472,35175.08887,62035.59375,14119.66113,25227.25684,0
4473,49887.95313,62727.01758,16020.0127,18448.09619,11155.86743
4474,50169.58203,56814.0625,0,38277.35938,11277.16016
4475,40029.45,40725.71,5531.095,25378.25,4980.373
4476,27475.14111,61178.85742,7667.21875,46136.44238,0
4477,32768.84,54738.38,8165.904,20364.11,13209.42
4478,18796.42,34334.5,0,50725.69,15902.11
4479,32906.17432,39492.38086,6448.651123,15961.38232,0
4480,10298.21,10205.29,0,14516.12,0
4481,24219.58,37155.86,0,23556.96,11617.33
4482,43970.23,58092.48,7888.056,62941.56,7897.474
4483,12738.04,25371.39,0,9936.936,4239.463
4484,25117.56,51922.8,0,32756.68,22418.97
4485,45764.6,43343.3,9162.488,40339.18,0
4486,24611.83,44834.16,0,21736.73,20357.05
4487,26338.52,50711.38,14011.93,12450.07,7481.516
4488,76180.19,42550.7,5740.78,45958.17,6912.907
4489,6568.323,16171.08,0,8562.071,8490.594
4490,11776.94,19072.33,0,6998.778,0
4491,22442.87598,37511.75098,0,24125.26172,0
4492,28311.01,24714.04,5661.529,30677.97,9150.508
4493,23521.28076,45253.42773,10366.41943,25872.53174,8540.927246
4494,50283.09,58623.91,6858.381,39269.71,12407.66
4495,17930.81,28985.75,5306.751,31230.74,8600.148
4496,17182.18,18455.41,0,25976.42,9667.698
4497,17432.11,20431.3,0,0,5087.068
4498,16718.97,17526.54,0,16485.08,5753.94
4499,0,21903.12,0,7214.673,0
4500,9216.476,6693.851,0,0,0
4501,22408.36,31919.38,0,16919.37,17556.68
4502,25968.62061,35065.98535,9577.472412,16051.00928,7994.335693
4503,18862.47,29199.02,6587.231,23743.83,5543.148
4504,17769.89,26399.44,0,21634.16,6660.564
4505,28472.1,23966.34,0,16119.1,4605.365
4506,32237.39,36369.77,0,30862.87,23389.79
4507,38836.68,63366.56,6413.988,85149.67,11202.61
4508,39373.02,62762.25,14602.14,33208.65,12182.67
4509,19662.82,21273.43,0,45154.84,7490.027
4510,9157.189,22313.27,0,19989.6,0
4511,9394.76,14062.2,0,13798.9,4793.654
4512,34873.47,44802.74,8354.392,24805.87,0
4513,29421.99756,62666.42188,7767.129639,42723.52441,7764.445068
4514,29599.83203,45391.66797,8714.022705,9645.149902,13988.81592
4515,18928.35,23298.42,0,18490.39,7147.594
4516,25193.12,28419.73,8234.982,20043.98,7601.737
4517,6861.16626,15171.7251,0,0,0
4518,71397.36,42084.29,8695.79,72797.09,15375.79
4519,55885.24,43283.13,7686.698,44310.76,10389.82
4520,16929.55,35410,8813.767,16514.96,10347.6
4521,49820.56,55189.93,0,55907.63,19932.43
4522,28590.63184,60401.66016,10919.42798,13006.53101,0
4523,15159.07,14195.9,6206.873,34550.99,5554.281
4524,18467.48,17054.64,0,12062.31,7068.591
4525,57589.83887,48248.21582,5309.798096,39705.74707,0
4526,75326.48,51618.36,7037.756,52556.37,13216.96
4527,51659.68164,57339.02148,9027.689941,21077.0625,9408.064941
4528,7563.083,13135.64,0,0,0
4529,55408.44,64505.97,6115.325,34119.75,14911.05
4530,31446.87,57155.76,8535.528,24787.4,9367.976
4531,25948.94,47193.63,6365.921,57393.03,8871.07
4532,43927.49,55174.67,0,115301.4,7856.617
4533,42278.9,57675.76,11800.54,46898.06,14921.2
4534,17431.24,37832.83,0,45718.04,5811.952
4535,28893.6,59706.17,15093.5,23046.35,7489.71
4536,17762.55,21892.63,0,9486.756,4465.949
4537,25454.5,32866.91,0,47974.33,9083.649
4538,33548.93,54004.53,7256.933,29327.74,20825.5
4539,10923.88,19731.46,0,38214,0
4540,34376.83984,49906.52832,9194.207764,12991.54907,7917.953125
4541,11767.01,30364.34,8567.91,14013.34,7614.548
4542,121106.1,43403.68,0,108646.9,18715.98
4543,63508.62695,59142.89453,12911.0813,28949.29541,13528.99146
4544,44868.77,62612.4,0,101214.3,14512.21
4545,12065.91,26099.26,0,5472.943,9618.046
4546,26415.63,39298.01,0,15533.4,6786.079
4547,21978.97,24356.92,0,25569.94,12042.16
4548,8773.931,14637.32,0,8470.624,6520.981
4549,25802.75,32122.78,9677.102,17032.54,6919.685
4550,40408.53,50709.47,11492.82,36652.9,14942.05
4551,28409.48,59823.01,0,99748.95,12873.61
4552,41383.56,55221.49,0,25309.83,6682.591
4553,37973.00244,61930.43555,10280.8313,24875.57861,9445.992432
4554,31753.73926,31752.84375,0,12756.64771,0
4555,34090.58496,56913.63477,10137.50293,16047.47827,0
4556,31390.8,52963.83,7632.881,117282.5,13682.15
4557,21958.29,24957.92,0,23858.4,12226.11
4558,8743.482,29719.01,7840.744,10257.33,5595.707
4559,51672.05,45802.27,0,59296.54,22001.37
4560,54514.16,56046.4,11171.92,47777.19,25920.21
4561,28687.28076,47206.29297,6901.328369,13991.25928,9180.451904
4562,68032.38,43091.84,13539.18,38490.32,7248.027
4563,11400.91,27071.06,0,9215.533,5705.238
4564,14274.73,12675.1,0,0,0
4565,37317.31,61148.94,10516.84,75097.62,12849.94
4566,32709.72,39588.86,0,26557.87,14942.91
4567,9678.504,18957.07,0,13819.48,9253.708
4568,36498.53418,59157.46875,12546.771,20536.06152,8612.282471
4569,7552.177,20771.1,0,8290.639,0
4570,21627.26,40378.28,0,22280.74,9789.773
4571,15473.7,30432.75,0,21991.03,8518.89
4572,29993.49,39460.37,9364.684,31874.77,11664.14
4573,22003.2,57069.18,14617.78,28529.48,9199.657
4574,14601.59,28219.32,0,29009.75,0
4575,38007.45,41260.74,9207.994,35670.53,9150.809
4576,35685.54,57276.82,8213,49337.15,28838.94
4577,61855.34,60585.77,12509.64,29714.72,9579.349
4578,8857.643,26945.57,0,27128.51,0
4579,37928.3,50184.35,10799.39,24672.7,16603.23
4580,24111.34,34356.59,7553.207,34324.67,7433.302
4581,21849.57,42255.01,6920.576,14749.59,6511.179
4582,29942.01,26552.1,0,19611.87,10147.35
4583,92175.95,64814.51,9313.309,59684.47,14042.31
4584,40296.69287,41019.35547,8928.627686,20425.14746,7439.713135
4585,23059.62,55820.42,9610.912,40797.99,8239.447
4586,34896.03,42630.37,7977.402,73358.43,5236.2
4587,29107.57,43416.79,0,40335.34,10110.33
4588,19059.07,49851,9293.073,28774,9956.942
4589,44312.18164,64272.89258,14973.63721,33637.48633,16767.33057
4590,54760.95,54122.58,11298.15,45840.04,17516.12
4591,15405.61,17139.39,0,0,0
4592,35015.92,30849.63,0,26602.84,10650
4593,35139.05,58665.98,7602.572,55756.28,22423.22
4594,23192.33,24830.06,7753.616,18983.14,0
4595,38814.98,38706.14,0,32298.18,5318.839
4596,52288.99,47950.81,0,37600.86,15816.82
4597,14456.14,45812.7,6302.739,16397.82,4171.605
4598,52062.58,62227.97,7064.945,44821.3,15282.98
4599,33242.52,49533.07,7512.975,70346.21,15356.58
4600,0,10446.86,0,6504.451,0
4601,114646.2,63160.83,13881.31,73100.61,12320.45
4602,104524.8,53166.43,4974.148,107242.1,12191
4603,46468.33,19264.83,0,37610.01,0
4604,59317.62,30598.13,0,48773.07,11229.71
4605,44413.11,40775,9621.53,30541.74,17509.93
4606,53130.86,61744.53,11626.94,22562.58,12692.62
4607,17021.49,22660.24,0,18901.91,10189.31
4608,37095.45,47965.65,0,23267.12,4492.885
4609,30163.54297,60059.37891,10288.40112,25782.55371,0
4610,19061.32,60781.65,7128.277,27861.52,27023.62
4611,30205,34617.25,0,35887.27,7431.717
4612,39433.62,42894.75,0,42992.6,11725.04
4613,7778.27,13988.14,0,0,0
4614,20211.87,37097.62,7073.725,15400.09,12539.45
4615,47975.7,52117.19,8750.901,59971.12,16146.72
4616,14924.32,31849.38,6258.543,15862.09,0
4617,22957.59,36642.2,0,15253.04,0
4618,17892.85,21505.55,0,14491.73,7140.985
4619,34336.6,51731.8,0,36335.23,11279.38
4620,116806.9,59986.22,0,73166.71,13950.37
4621,8521.49,20873.11,0,13286.81,0
4622,37909.89,27968.31,0,55872.42,5938.905
4623,32229.40869,54740.18164,11108.21021,14873.06787,7605.169678
4624,39705.85,52353.78,5663.747,53389.01,22359.04
4625,26010.91016,22797.30225,0,6714.005005,0
4626,16941.51,34451.41,0,65565.41,6668.901
4627,38071.46729,58393.79688,14976.14844,21244.81494,12392.40771
4628,6685.551,9255.483,0,11073.85,5127.867
4629,9187.991,11253.88,0,13989.21,0
4630,6795.886,14455.55,0,30028.39,0
4631,38393.7085,57203.66602,0,48730.86328,12494.09692
4632,25265.65,50578.54,8604.165,32508.87,21225.53
4633,41427.1,41701.84,8991.118,27524.43,8945.991
4634,14856.78418,24360.17041,0,0,0
4635,33379.56,46009.02,16090.46,18286.97,9516.954
4636,30595.92,47041.93,0,38170.4,8373.551
4637,29894.15527,41630.55957,6768.633179,25540.88672,0
4638,20891.82,30387.74,0,18908.53,7698.25
4639,209286.4,43792.83,7355.79,121183.8,15367.7
4640,44436.45,59945.78,10373.73,42911.21,17269.89
4641,6591.442,13276.18,0,8164.056,0
4642,38948.66,55587.12,11900.92,30134.97,28401
4643,19231.98,62197.83,9869.207,25600.4,17661.88
4644,33924.42,49539.68,0,40084.04,22248.15
4645,42357.11865,48838.09668,0,36369.64746,14549.37012
4646,28424.41,48600.72,15439.26,13776.12,9863.621
4647,43776.47998,64887.92578,14781.32861,24030.86865,8745.748291
4648,23532.53,34375.86,0,30367.84,10984.48
4649,226391.2,62108.6,0,165481.9,20802.68
4650,33444.82,41906.55,0,17300.74,13387.69
4651,24753.8,21752.03,0,14777.44,9888.721
4652,18818.7,24436.86,0,8685.017,7792.641
4653,26162.98,43793.74,0,40391.01,14033.14
4654,12070.8,19805.53,0,20961.59,5026.054
4655,0,8856.216,0,14907.07,6013.399
4656,17303.39,30720,6927.159,18522.48,7625.826
4657,17555.36,19879.56,0,13229.25,0
4658,43798.97,49806.45,12827.6,30481.85,10031.75
4659,29726.76,40275.74,0,76883.92,6164.237
4660,37790.63,34463.28,0,34200.56,6903.501
4661,27225.42,31486.47,0,24399.52,10902.21
4662,40959.36,43712.13,5834.827,39338.05,18869.07
4663,60120.8584,64720.62891,12682.43799,29111.66602,10233.61133
4664,184695.3,61659.88,6506.231,117913.8,17561.58
4665,48754.11475,64703.61133,15473.70361,36609.18848,10936.45313
4666,14020.24,30227.67,0,12530.58,6328.888
4667,24126.37,45294.05,8852.172,20692.35,12124.08
4668,30813.97,59917.41,0,18001.93,12903.39
4669,36857.47559,64154.38867,10875.19385,11636.34497,0
4670,29295.52,21972.27,0,19164.44,0
4671,30085.97,55329.35,10422.73,18883.37,8792.054
4672,0,24103.97,0,18710.83,7387.01
4673,54057.28,63233.45,13220.97,30326.43,15976.65
4674,18752.47,33897.23,6937.602,17543.97,0
4675,35495.64551,51157.83789,10406.24951,21674.71436,0
4676,18433.34,23391.46,0,29682.68,5819.229
4677,25186.02,36666.43,0,44443.84,17610.17
4678,32024.49,46693.18,0,31656.89,13437.57
4679,38567.92,48388.1,13836.95,32500.81,9602.398
4680,35037.83,34625.26,0,64650.09,0
4681,41730.91162,58937.41602,13612.71436,30046.41211,13000.20337
4682,52916.16,62522.18,15327.35,39261.29,7054.431
4683,7924.823,26654.89,5444.734,7316.609,7247.458
4684,42479.19434,59967.53516,11483.77856,50111.00391,6678.697388
4685,9497.367,10420.09,0,6647.744,0
4686,16038.99,19785.9,0,15287.25,6878.429
4687,48780.68,44628.03,6188.083,29619.1,27539.43
4688,50511.08,65135.97,11008.96,22710.03,12053.7
4689,65808.43,60949.61,11652.19,46250.27,10696.43
4690,25868.46,60373.65,0,25080.61,28116.43
4691,30721.41,52189.23,13972.73,22111.35,6095.699
4692,0,13491.09,0,9079.47,0
4693,19251.89,38674.19,0,6742.279,0
4694,27656.75488,47799.19531,8700.287109,12229.37573,6991.924683
4695,17050.2,50023.41,10211.72,21859.62,4759.249
4696,43221.42,62809.38,0,164423.2,22866.94
4697,18553.17,22149.36,0,28750.83,10847.32
4698,15144.09,32326.26,0,17896.13,9646.854
4699,135464.9,55293.23,0,141054.7,23095.72
4700,27557.83,44911.77,13102.27,29276.78,12068.42
4701,27341.58789,59645.21875,7017.122192,27475.79443,0
4702,50360.08984,53423.08301,13828.23071,22552.86475,14110.94336
4703,130974.3,36171.25,0,138117.8,16843.13
4704,45284.85,61057.42,13943.82,44096.85,17639.42
4705,24912.04,49610.59,6782.349,24480.99,20713.78
4706,71001.85,52517.61,9490.117,32050.4,15659.48
4707,13921.96,27832.07,9250.691,8134.098,0
4708,7724.148,29049.27,0,8288.82,0
4709,18173.87,27156.99,0,15179.52,5867.142
4710,24314.81,31599.63,6182.74,15144,7210.292
4711,38949.73,55984.92,0,25470.13,11517.38
4712,9272.177,23617.17,0,36142,0
4713,40053.03418,49100.9043,8578.987549,13812.74194,8495.455811
4714,11287.32,19295.96,0,12049.1,7267.713
4715,42465.80176,59313.42969,10785.65747,22235.35547,0
4716,47213.05078,62241.20313,14236.93799,26548.59473,11974.01807
4717,25601.99,32247.07,7485.7,24192.99,14428.82
4718,29530.54053,55930,0,18852.14551,7841.401123
4719,27784.87,62931.87,14687.9,30502.28,26647.03
4720,27775.31,37572.88,9273.709,17423.12,7641.768
4721,43891.51758,55470.00293,8720.79248,19963.00439,14216.29834
4722,25713.15,44593.82,0,17820.18,8424.17
4723,178860.5,64939.17,11546.63,121950.2,14646.61
4724,37471.04443,57389.26563,7897.674805,25933.36084,9332.053467
4725,35979.08,41633.01,6111.189,27439.57,7717.15
4726,32647.50098,61217.58789,15719.69287,17113.41016,0
4727,38609.87,49710.83,0,113363.8,14164.91
4728,34529.61,52902.67,15672.81,21672.71,14464.24
4729,32107.67,63415.98,10938.79,19054.58,8286.354
4730,13681.13,31635.26,0,15193.29,9040.048
4731,123620.4,37709.31,0,149150.5,19955.73
4732,26965.93,45381.08,5191.743,17091.38,6923.55
4733,23069.15,11937.96,0,17301.65,0
4734,42359.9,61411.66,5924.368,69540.96,9653.189
4735,23209.37,46323.11,6972.78,23574.44,7968.366
4736,33618.41,42997.69,0,46584.18,11318.32
4737,29533,61824.11,11661.24,34595.73,19820.67
4738,35284.21,32125.65,0,29539.61,8267.338
4739,16698.25,20726.72,11550.72,11405.63,6099.986
4740,32637.84766,53969.8418,8384.573242,28825.04346,0
4741,61679.65,60616.1,9869.985,39966.39,12516.72
4742,194411.3,60267.6,10631.98,171168.1,26197.88
4743,30353.35,59199.73,7304.173,34643.94,4583.4
4744,35725.97,52927.92,5587.238,39563.12,19146.6
4745,44099.7,56299.47,11425.69,19997.9,11136.69
4746,37190.36,37898.37,0,32332.73,9799.654
4747,30038.56,36784.33,5961.883,29687.5,14250.89
4748,38465.96,46203.98,6936.665,63584.74,15404.81
4749,11805.22,24017.24,5593.419,12139.32,10305.97
4750,15692.14,24497.64,9110.959,11227.79,4622.123
4751,35987.26,37936.74,10793.82,32213.26,16938.69
4752,25734.17,47677.69,11650.31,29884.95,25979.48
4753,39579.55,40864.04,0,30976.15,17517.94
4754,30080.62,60495.95,9945.608,33128.26,9174.235
4755,20219.78,24288.29,0,25607.91,9092.138
4756,39289.71,59765.73,12112.48,42701.16,18462.69
4757,16725.39,21353.91,0,38815.75,6195.729
4758,27440.35,44062.59,0,20496.83,7895.518
4759,27716.94,46888.3,10485.33,30986.92,20377.57
4760,26446.05,51063.94,7585.313,76031.39,9690.732
4761,34016.97,34666.58,8261.803,21982.18,10159.17
4762,29840.29004,43536.90918,12309.53613,14625.99683,7054.513916
4763,19149.08,31944.69,0,28117.61,6772.519
4764,47799.27344,62908.17969,15068.21777,24219.87109,10667.18384
4765,9296.246,24735.37,0,0,7309.919
4766,28500.39844,45550.25195,7947.217773,21083.82227,8863.498291
4767,32485.42383,60856.03906,11432.49927,13028.177,9691.876709
4768,38541.76,64919.43,0,65184.89,26599.83
4769,16653.76,37310.36,0,25309.96,11095.13
4770,35634.96289,44549.75879,10763.64087,22742.01221,12800.31274
4771,17280.63,38367.95,10218.38,15818.19,0
4772,28394.97,38072.45,0,26592.36,5380.021
4773,48541.13,42873.91,9501.458,40375.57,9772.688
4774,51730.43,63234.01,12842.36,42924.55,33705.13
4775,12728.6,25480.71,0,12837.23,8460.813
4776,32439.04,24319,0,20621.89,16626.1
4777,38774.17725,53542.43945,12316.42505,26114.14063,18358.9165
4778,14863.25,15923.79,0,14341.73,5842.63
4779,44282.56,53269.01,12375.65,29273.56,17290.37
4780,35172.68,58248.01,11270.57,27947.63,13204.77
4781,15713.46,41080.15,9328.017,28198.92,16030.58
4782,15544.23,25600.55,8578.412,41026.01,10182.29
4783,35433.95,59590.8,0,39170.09,14959.82
4784,38916.29,26512.21,0,47461.27,6850.39
4785,29087.72,40389.77,0,74778.83,9162.967
4786,39820.84,59598.08,12855.95,38143.3,18182.17
4787,20224.77,21905.68,0,17102.87,8075.355
4788,22803.89966,28217.66113,7831.492676,8140.641846,0
4789,0,23971.91,6336.005,12485.76,6055.604
4790,12136.24,18730.1,0,10086.06,0
4791,11576.94,13967.47,0,7173.848,0
4792,54999.28125,58889.10742,12220.08374,28649.09473,0
4793,11149.54,18146.05,0,14097.65,7762.339
4794,31574.42,35395.92,11653.8,33144.18,11905.56
4795,30409.03125,53855.3418,10309.30078,23050.87939,14385.09229
4796,43961.91,64387.94,13453.39,29297.56,21069.92
4797,17584.48535,29157.78516,9818.596436,12485.37646,0
4798,18643.23,19122.58,0,12548.74,6219.096
4799,16260.41,32580.16,4932.788,11543.2,7362.887
4800,20537.18,26781.44,0,11056.37,0
4801,36329.23926,61102.28516,11357.99023,16563.68457,7362.819824
4802,11021.78,12388.95,0,12175.34,8387.535
4803,34459.84,43678.18,11528.67,38848.13,13701.58
4804,25079.22,46280.21,8657.399,19847.43,8093.268
4805,19127.5,20899.47,0,28024.72,0
4806,27577.15,56392.14,0,28258.73,10487.72
4807,57282.84,60752.08,0,39295.5,0
4808,28948.46484,51827.56445,14146.91138,10136.47998,0
4809,15654.68,23510.94,0,16377.65,9711.653
4810,5540.032,12951.68,0,0,5307.366
4811,39492.31,64739.87,14316.98,29834.7,8094.311
4812,38929.07,59395.97,12996.06,34099.04,10128.24
4813,30032.17,44505.89,7644.925,32952.47,20666.79
4814,42031.35,59238.02,9210.493,49647.8,13746.99
4815,15217.72437,37903.5293,0,0,0
4816,90775.17,58785.9,0,80173.54,12636.31
4817,28956.34,62126.61,14702.44,23616.8,12494.49
4818,15521.26025,24116.29785,0,0,9644.59082
4819,23041.97,23943.83,8239.284,30572.14,4967.422
4820,21203.1,47575.84,7341.245,9401.524,4904.025
4821,45278.08,64673.63,6881.072,39741.45,27257.68
4822,23921.64,34362.86,8781.47,26304.65,17084.25
4823,34523.90039,45297.01953,12858.59668,12866.59497,7680.150391
4824,107826.043,35683.95703,0,53206.88477,15409.64502
4825,45651.51611,65059.10547,7052.799927,22262.95313,8793.946777
4826,35783.5,49652.75,15358.49,28324.62,19297.58
4827,17295.34,35049.46,0,15623.66,12992.55
4828,15509.44,52793.25,14871.89,23135.43,12986.01
4829,16380.71,16990.21,6719.345,10555.18,5571.996
4830,35734.62549,58529.35938,11539.92969,23684.15332,0
4831,23266.36,32437.47,7629.149,24675.66,10458
4832,31870.64,54015.44,5988.749,20215.59,5314.361
4833,45198.15,58713.32,14645.93,28682.76,12951.67
4834,71846.34277,51861.37305,10873.50024,61379.33008,14106.11133
4835,18913.08,26482.32,5893.398,22635.93,5872.011
4836,38624.57471,58183.32227,5257.031738,32882.76465,0
4837,57037.91,44715.38,0,36987.28,0
4838,16665.98,22989.45,6722.542,15576.35,0
4839,38347.74,50073.1,11256.61,23365.29,9967.596
4840,54420.59,52174.71,5997.782,39969.31,11336.89
4841,23621.32,29623.11,0,15336.9,14672.99
4842,44358.01,47917.53,0,19113.69,11444.33
4843,39856.13,58489.84,6538.403,27522.93,10378.25
4844,8222.482,12121.07,0,20655.3,6142.355
4845,24151.27,35379.18,0,44634.26,6227.649
4846,31030.27051,64955.36719,15137.91016,23547.34668,0
4847,18278.2,36576.17,0,11017.14,0
4848,42403.68652,44504.33008,0,17501.52197,10797.68506
4849,31186.51,49772.9,10394.79,29429.41,16148.52
4850,156280.2,57726.58,7444.734,171913.9,19770.25
4851,27458.91,62892.34,11617.78,19086.04,19004.9
4852,41101.97949,49416.6123,11285.11694,20210.80176,8161.031006
4853,23469.00757,25932.01514,0,13927.17285,0
4854,54960.07,55706.74,9904.06,42735.22,10701.31
4855,47957.83,64540.19,7162.102,36157.87,19655.49
4856,164837.5,54772.7,10825.85,104802.9,12305.63
4857,16570.39,27538.81,0,14972.02,9213.519
4858,18374.37,24354.8,6123.506,8151.791,0
4859,13255.19,29283.45,0,12243.46,6904.198
4860,34469.67,43656.79,11836.69,20302.45,9018.523
4861,12352.36,23452.68,5386.735,7078.312,5354.509
4862,33956.48828,49371.86035,11616.9873,19615.26172,9003.075928
4863,44197.46,54142.11,8524.479,28306.75,11555.25
4864,29830.91846,37532.80566,0,27397.38037,8210.493164
4865,23786.53,43032.56,7236.266,47556.08,10689.84
4866,20935.99,35126.24,10566.3,17804.35,8289.167
4867,43905.41113,59462.17773,9895.655273,12233.52881,0
4868,29278.6084,61538.67773,13095.90771,18872.2583,11743.81787
4869,16171,27180.28,0,11854.63,0
4870,9766.767,12233.85,0,6528.26,0
4871,48885.96,39982.48,7193.811,22334.35,6975.423
4872,23822.18066,46588.38672,12202.43237,19105.76709,0
4873,41339.34,34810.82,11527.23,30419.59,9392.374
4874,28545.94,40098.69,10488.96,17540.66,10407.39
4875,65168.18,63278.03,8898.807,44422.53,27329.16
4876,16154.49,28113.24,5343.596,12405.27,0
4877,51197.41,34978.73,0,42510.77,10333
4878,8785.936,9601.018,0,16745.46,6269.106
4879,18547.54,36857.77,0,84202.37,0
4880,18611,52686.71,0,21926.88,0
4881,17098.88,28958.56,5374.34,21712.59,11947.27
4882,19094.33,28294.06,0,21161.98,7833.785
4883,21322.98,53201.2,10272.03,15745.92,0
4884,43841.58789,60014.37305,11162.54907,22119.10938,12683.17847
4885,146510.1,47988.58,0,104760.8,13507.51
4886,10306.95,20275.19,0,13121.43,0
4887,35009.41,55784.69,14526.13,27111.74,17141.49
4888,24504.61,39660.73,0,20830.48,12999.74
4889,105863.9,55407.16,0,65792.43,5859.557
4890,31482.14648,61315.93945,11922.4126,15748.65234,0
4891,8197.454,6821.419,0,6219.091,0
4892,33981.04297,44443.30859,0,14961.16968,0
4893,18992.44,23822.19,0,14743.4,0
4894,203020.6,64842.36,0,188272.2,28504.76
4895,39813.91,55101.19,9273.871,36665.46,17487.65
4896,48908.3,58745.11,14415.09,40800.41,5791.507
4897,30053.7,48868.76,0,30372.5,10897.67
4898,59147.39,63404.57,15680.53,85934.63,15773.25
4899,15105.56,32603.91,5238.594,17254.48,0
4900,51179.62598,60156.62695,10590.50562,26424.52344,6341.143311
4901,30290.49,50129.31,7819.644,23532.79,0
4902,11218.05,11649.53,0,8293.823,0
4903,48331,59457.11,6410.148,96556.16,8575.967
4904,39504.91,37477.36,12727.11,23970.79,10196.87
4905,75221.78,50107.31,9195.989,49320.18,0
4906,6261.765,13230.1,0,0,9068.373
4907,40105.59961,54336.79004,14513.52197,20629.54688,9025.443115
4908,16374.13,25443.71,0,24133.49,7720.853
4909,12304.24,12888.26,0,11205.84,6201.252
4910,17086.61,34933.37,0,11378.48,10229.25
4911,38733.3,40873.76,12011.58,22178.16,7833.941
4912,27389.25,47324.04,8632.151,93555.43,6226.247
4913,19994.47,32411.47,7994.806,15059.19,5660.692
4914,9131.723,28729.16,6460.844,12046.85,9464.566
4915,18589.21,30207.39,0,20076.87,7400.044
4916,38096.23,52377.62,5626.34,28355.69,7570.718
4917,30418.66,46002.98,9870.78,31332.26,0
4918,56888.42,53438.75,9577.054,57611.66,9586.315
4919,41144.59473,59905.60547,15488.81104,19712.58154,0
4920,45382.2,54474.85,7039.442,21957.45,9040.655
4921,55231.28027,58019.82617,11826.15698,18782.04102,9412.022217
4922,29196.82,64656.45,7977.554,25604.15,18916.22
4923,28887.38,35486.11,0,37859.12,9965.338
4924,49288.13,62659.51,13171.55,31070.55,11737.05
4925,8348.881,16098.02,0,13254.93,0
4926,20074.41,30228.13,0,68050.06,14255.78
4927,33361.06,41652.54,5842.017,20325.94,17411.74
4928,36911.55,57105.3,12218.18,24590.95,8104.603
4929,61531.07,47438.39,0,36335.65,11099.08
4930,24773.01,36378.37,0,12138.97,10988.7
4931,87023.80762,61160.82227,8553.284912,51331.11523,12952.63843
4932,16845.77,28560.34,4961.967,17901.12,0
4933,13451.79,25785.56,0,9374.323,5194.104
4934,18042.23,20736.64,0,8155.407,9185.447
4935,62346.5,57418.53,14983.48,43481.13,13104.23
4936,0,14971.12,0,7545.723,0
4937,16697.66,35385.08,0,14646.94,12633.29
4938,37244.62,39478.12,0,12565.5,7712.337
4939,24075.27856,36384.41016,0,13948.08887,0
4940,24047.93,49905.32,9942.656,76453.03,4803.746
4941,0,17847.22,0,11486.86,6897.264
4942,40307.521,58953.76172,9903.811768,27212.59912,7761.09082
4943,30039.04,41366.33,10522.58,14154.48,13400.5
4944,45181.08,61097.46,9093.765,31345.37,9975.853
4945,22589.4,39181.84,6467.46,29622.15,18691.18
4946,114532,36715.51,0,139167,14605.76
4947,16622.01,12555,0,11992.68,7637.454
4948,36148.53711,61619.17383,8298.462158,15279.26172,0
4949,37147.88,38223.6,0,39915.7,9844.031
4950,35444.1709,55447.32715,6219.133911,17138.27979,0
4951,11380.81,21879.61,0,8816.957,0
4952,42943.69678,58320.49023,11396.24927,32760.17578,11457.59619
4953,35652.20361,57713.64258,6123.87439,89441.99609,6091.251831
4954,14800.69458,30130.73926,0,8364.288818,0
4955,84140,53986.52,10236.27,51584.76,14996.78
4956,30326.12,62067.17,8033.919,71970.65,24420.43
4957,40384.29004,57058.05859,8901.184082,17124.83398,0
4958,0,13707.15,0,7277.671,5529.004
4959,44030.21875,45905.24121,12676.04492,13684.43457,10107.87671
4960,44161.6,60059.91,10895.79,48387.77,27966.53
4961,49308.88184,44031.4668,14010.5625,18300.61768,9744.298584
4962,50053.72,20086.91,0,47092.87,10486.18
4963,20980.12305,27062.3374,0,15762.64355,7452.17627
4964,40620.53809,52836.36719,12079.48364,26459.53711,8077.975586
4965,22737.76,32529.13,0,25290.52,6680.006
4966,15120.62,16817.94,0,19982.89,5932.152
4967,24112.09,44079.56,7667.404,23907.23,12427.09
4968,17523.53,28371.07,6016.015,10859.9,7690.948
4969,23794.72998,30445.58789,6485.361938,10512.06787,0
4970,28226.21,17407.8,0,18668.98,11172.65
4971,19280.6,15411.35,7412.281,29772.72,0
4972,21128.53,14441.8,0,19912.78,6894.266
4973,17728.27,25289.33,0,29301.68,0
4974,24022.04,36821.59,0,93830.4,9794.039
4975,36969.17,53529.62,0,49570.34,9320.272
4976,11576.87,13971.24,0,12513.2,0
4977,22170.61,48765.67,6466.756,15600.94,11134.22
4978,45233.92,65213.7,11369.17,54140.65,6246.999
4979,15159.28,25577.58,0,20486.31,9061.177
4980,42371.23,57613.34,9470.376,74224.77,6958.576
4981,31511.61,45812.3,7226.467,32076.82,11525.66
4982,27359.64,36812.21,0,15091.6,6386.303
4983,21678.35,28363.51,5853.079,16661.18,10967.18
4984,29078.17,44435.2,8991.552,33044.4,9211.577
4985,64055.37,51789.77,6718.012,53399.88,11266.88
4986,39949.56,58975.87,5865.057,24220.55,0
4987,43280.56,59559,7379.077,53484.07,10537.45
4988,48963.28,47029.3,5983.183,25276.93,12468.75
4989,52217.36,50803.49,8549.67,50004.03,11244.28
4990,33192.91,49479.28,9726.719,27079.66,22478.64
4991,11206.28,28155.15,0,10251.48,0
4992,11572.7,22571.07,0,25123.1,0
4993,35215.92383,56351.42969,8105.676147,21053.08057,0
4994,39363.5625,50607.33398,9387.840088,31574.70801,6436.721558
4995,34531.51807,59216.54297,11732.63306,21897.54688,8365.929199
4996,7062.039,9772.136,0,0,0
4997,20985.84,14925.6,0,20139.77,4888.047
4998,25634.55957,38959.64648,8853.022461,17544.48242,0
4999,39294,48648.02,6949.101,39431.53,18206
5000,31248.1665,58989.50391,14650.40332,22230.73193,0
5001,17991.95,14620.85,0,14818.42,0
5002,12561.6,15211.09,0,19290.87,6177.175
5003,25485.62,41847.29,7604.186,24843.62,8026.1
5004,31869.43,43430.58,8344.945,30919.04,16389.88
5005,30734.34,57663.15,12169.94,19756.8,16267.46
5006,35291.59,58721.61,15623.49,31092.55,10625.83
5007,20988.06543,44136.71094,5753.189087,17892.14941,9092.887939
5008,29929.29,52534.81,9067.312,28580.92,10300.11
5009,34395.96191,49972.97852,6932.255737,18500.10693,0
5010,34977.43164,64701.82813,12670.50439,18046.22852,8363.253418
5011,7227.772,20197.35,0,0,7829.39
5012,23693.62,35233.52,0,32969.38,12990.13
5013,21739.02,36793.44,7483.18,15948.81,8586.924
5014,23589.91,42897.35,0,68406.74,8922.988
5015,25422.92,29869.83,0,48815.89,5987.177
5016,312685.6,53798.64,7909.796,232146.4,19904.42
5017,51723.24,64154.92,10710.25,33478.71,8524.161
5018,51336.14063,59034.09375,10210.58325,26235.09912,7580.84668
5019,28302.77,45064.97,12209.93,32121.38,9926.009
5020,36635.42,43689.76,6650.614,38271.58,9860.315
5021,16367.25,30013.01,7748.852,13826.94,11910.88
5022,31179.77051,52042.20605,10276.9104,22259.7583,0
5023,36273.68,53448.45,6902.852,39780.85,19864.31
5024,13289.88,23770.77,0,12635.09,5738.657
5025,39756.02,59428.07,9774.378,82974.65,8124.289
5026,27537.4,34597.41,0,21220.29,14436.86
5027,36192.29,42529.19,8095.97,38156.84,19067.38
5028,185759.9,61855.29,0,145017.2,18746.11
5029,14733.11,12571.9,0,31319.24,0
5030,25270.23,53056,16258.92,33259.58,13076.6
5031,50144.33,56624.2,11220.55,42738.68,10938.57
5032,52437.37,25580.6,0,57263.14,10626.08
5033,45220.85156,61743.06445,13866.11133,10941.31494,5965.25
5034,12455.94,16595.65,0,9869.814,0
5035,35336.71,53294.78,11843.45,29887.75,13406.59
5036,30407.44,45919.06,10800.74,22676.51,20709.33
5037,0,7115.099,0,6104.298,4496.589
5038,14448.35,24651.4,0,14609.19,7797.157
5039,33587.77,53096.03,10239.69,21953.91,4982.024
5040,52966.78711,58603.11328,14148.53906,27678.26904,14008.25
5041,20419.9,33199.17,11305.21,24310.23,9314.382
5042,11685.49,14147.03,0,20855.73,0
5043,34329.41,64592.66,11663.23,79735.33,10598.85
5044,40945.77,64864.23,11309.25,44437.76,28889.41
5045,7416.167,7930.567,0,8751.509,6093.772
5046,33354.18359,54386.92285,12762.90674,17659.23926,13291.10156
5047,18945.33,23848.16,0,31772.35,5755.924
5048,35726.74,56388.56,0,85018.25,18731.67
5049,61193.51,49157.89,6902.46,33296.43,14563.6
5050,35304.63,52217.35,7818.77,38110.08,20319.28
5051,25845.4,46950.23,10120.82,55377.14,13806.66
5052,35523.95313,46099.39844,0,30891.86133,10210.5293
5053,19427.14,54984.86,9688.611,27663.32,20806.19
5054,19152.16,10012.28,0,17553.76,0
5055,18970.3,23792.3,7899.333,17141.55,10496.88
5056,38351.73,50382.97,6798.853,29061.19,18543.62
5057,30938.42,49350.81,13803.63,17228.1,5338.554
5058,23567.47,30737.5,8184.591,20743.63,9042.759
5059,8503.811,7854.832,0,0,0
5060,21708.87,46717.34,6489.426,21547.21,7972.768
5061,35000.54,50597.12,0,85619.95,4262.28
5062,79207.16,48659.95,6727.099,74513.23,6128.386
5063,15272.41,20461.81,0,22094.65,11047.01
5064,29461.44,51083.41,7501.664,29885.4,4922.195
5065,21575.58,25786.01,0,21882.86,9817.065
5066,16692.73,24016.59,0,16143.83,9881.159
5067,31956.95,48881.48,8043.842,23282.81,9007.333
5068,30185.74,59798.57,7442.606,19782.52,16467.38
5069,34366.69,27928.01,0,44382.69,9653.56
5070,43746.92773,48011.36426,16237.75879,21691.9585,10369.37695
5071,68799.15,49267.21,9842.833,54817.73,6563.999
5072,60758.6582,60180.80078,12503.16553,23887.32715,13562.90479
5073,28812.60889,51527.77441,0,21400.84619,0
5074,14323.85,21823.16,6802.307,14079.09,7015.623
5075,85554.22559,59249.83203,11904.90503,49941.73633,6908.680054
5076,34785.42,56371.25,9815.625,27861.76,10105.41
5077,40865.7,28829.31,7358.303,23851,6700.702
5078,28486.05859,48187.96973,7499.470947,16901.0835,10342.41138
5079,39015.3,35050.39,10357.6,23976.9,7235.991
5080,22875.44,56560.07,6815.032,73331.1,16037.61
5081,111282.5,57769.19,0,116852.8,26331.57
5082,99141.53125,27203.36816,0,59656.90234,6556.533203
5083,31542.93604,46654.29688,6543.727295,25763.06641,0
5084,45535.02,57631.65,6598.376,101475.3,12017.22
5085,10087.43,17519.43,0,9463.723,4805.071
5086,62618.56,52276.86,0,58894.56,18358.16
5087,32825.68164,42300.98242,0,16851.48877,9414.075684
5088,32311.13,60946.27,12724.96,14271.7,12558.11
5089,40374.46,55208.96,0,66277.7,12675.61
5090,15600.54,24986.39,0,0,0
5091,18191.53,27693.48,0,16047.92,9657.066
5092,8138.01,16300.84,0,12652.89,0
5093,45015.77,48633.36,5385.788,46717.25,7739.565
5094,10151.17,16378.34,0,10179.26,9162.018
5095,7168.384,12417.77,0,10587.63,0
5096,109244.4,56502.6,14099.36,11023.09,6436.06
5097,38948.3,54631.92,14986.14,40195.02,19293.05
5098,25586.13,32445.93,0,30364.37,0
5099,20811.88,33767.04,0,21751.47,9870.336
5100,42246.93,57679.17,14008.97,27743.39,9976.012
5101,6353.417,19428.23,0,8621.522,9853.716
5102,18244.03,22347.43,0,17410.33,7217.013
5103,19611.1,7247.087,0,17774.05,0
5104,0,21191.4,7936.456,8857.219,6803.788
5105,13317.52,23326.41,0,18666.55,0
5106,55906.89,61074.04,11656.53,34061.09,10502.05
5107,174898.9,41702.45,0,170277.1,17694.2
5108,22696.76,42906.21,9860.149,23339.61,5533.425
5109,53942.19,59236.21,10050.53,37407.46,21899.22
5110,49544.96,56905.18,11225.7,36724.76,10135.4
5111,29043.36,31224.29,6405.563,28284.05,4787.72
5112,31378.09,43535.01,6055.301,24253.32,7876.127
5113,33247.63,29160.3,7221.549,12857.96,0
5114,18318.32,36827.59,0,12523.25,9621.906
5115,114278.6,64852.11,8035.722,85774.57,8851.515
5116,29593.22,22230.46,0,34461.84,5194.834
5117,49252.99414,54334.65039,14415.28174,22782.58691,16908.73975
5118,35950.85,40114.06,7270.316,40202.62,5821.46
5119,25464.99,10687.31,0,20818.23,824.6528
5120,72399.24,38693.32,0,75011.22,13746.85
5121,21323.29,28415,0,11716.57,9661.662
5122,29571.29,61010.8,6396.361,84053.34,9343.517
5123,102944.7,37797.7,10870.74,65361.73,9289.001
5124,14591.03,9515.216,0,13814.29,9653.31
5125,29336.61,52780.68,0,22235.5,0
5126,31202.08252,32394.37988,0,17980.67334,9537.108643
5127,35495.1,47168.62,0,26750.36,16441.94
5128,13299.6,20009.28,0,17082.34,7829.871
5129,28119.37,24952.54,10120.05,15914.76,10852.98
5130,53805.58398,65173.33984,11988.88135,25732.26221,11309.4624
5131,16198.63,25305.64,5494.474,24734.22,7486.375
5132,40446.08496,65239.92383,9479.019287,15303.40356,9586.97168
5133,35246.99,35008.67,0,28197.55,18665.06
5134,95954.3,58097.98,5178.248,117565.2,20092.22
5135,88987.32,58794.5,5540.772,48381.47,7681.965
5136,12089.65,15777.84,0,36734.65,4633.647
5137,13990.6,37266.97,0,24962.44,10459.68
5138,25447.43,38139.76,6910.842,45681.94,12811.99
5139,42184.74,24870.17,6645.766,48886.09,13414.58
5140,33899.79,57926.59,8465.135,44660.72,12891.2
5141,26047.41,35939.27,9609.541,15550.11,4597.881
5142,276518.8,40111.97,0,265040.7,19369.51
5143,13624.58,16819.98,0,17352.27,0
5144,25008.6,29961.81,0,17026.21,8325.937
5145,28967.2,44716.21,0,23058.22,13735.77
5146,16454.83,14800.58,0,14924.62,6391.827
5147,20578.53,46660.9,9299.204,39676.8,23382.37
5148,139797.4,38817.29,0,71493.08,6644.645
5149,41146.72168,56723.59668,13252.9375,26963.14697,9342.482422
5150,29825.13,48327.93,0,25359.69,19504.47
5151,55567.36,43520.39,10089.93,49456.9,17211.65
5152,39727.57,44076.92,8563.777,34924.8,17611.88
5153,40160.01,56161.21,12159.25,48196.51,9300.298
5154,35335.89,60245.81,9340.855,21849.65,11982.56
5155,188395.7012,65021.90234,10522.11865,112584.0508,20319.33545
5156,56204.1,43759.72,0,32126.64,6367.807
5157,116219.8,42783.25,5400.47,78671.93,10287.59
5158,32287.93604,44302.15527,0,29304.44629,0
5159,38579.51,45379.48,9225.661,41057.3,22202.11
5160,16831.43,32498.11,5310.192,11696.27,0
5161,9221.395,11540.88,0,6585.108,0
5162,6402.198,13776.26,0,7280.713,0
5163,18421.94,17755.8,0,0,6550.721
5164,44407.94,49207.31,9109.567,33075.7,14126.02
5165,30058.51,20608.82,0,31452.76,9080.217
5166,27033.26025,43233.82031,6006.157104,24776.19189,5969.605103
5167,15184.47,26230.9,0,29153.76,9882.529
5168,32641.3,39583.25,10081.18,49726.68,10726.88
5169,38172.43,45597.68,6635.072,59569.55,5622.92
5170,21044.7,34740.85,9657.722,32330.98,8648.327
5171,35096.62,46543.8,10567.77,16946.31,8125.708
5172,41761.77,44430.61,0,28734.55,10654.09
5173,18784.26,15415.4,0,8560.302,0
5174,34738.84473,48846.78223,5097.405273,20593.59082,0
5175,20425.38,32205.43,5834.169,14441.05,12371.27
5176,33322.41,42012.46,0,20899.44,12831.76
5177,38050.42,41638.86,7465.64,33369.19,0
5178,34088.17,37892.17,7700.19,30159.26,16201.18
5179,45182.58,48053.84,8869.201,30598.81,7307.183
5180,34111.90088,62735.39844,16187.64258,27163.38135,0
5181,69954.38,35185.29,0,41992.93,9915.648
5182,47873.68,44831.05,0,28011.6,13561.63
5183,28539.98,61512.52,8769.639,35194.76,0
5184,31972.57,35790.17,0,67207.63,5235.622
5185,8530.599,7006.242,0,5902.773,0
5186,48493.75,20271.47,0,54964.23,13628.71
5187,18257,27988.97,0,14361.96,0
5188,21759.36,34540.96,0,21115.65,18797.5
5189,4878.523,14033.97,0,0,6107.749
5190,21814.66,21284.69,5809.949,17163.96,7676.611
5191,33579.32,37614.22,0,21321.64,5230.135
5192,39554.27,53629.78,6143.355,30513.54,13862.06
5193,13490.13,17975.04,0,16856.33,10557
5194,183843.3,50148.64,9393.98,148691.4,21742.58
5195,23330.77,19000.42,0,32662.98,9184.426
5196,9148.245,21580.71,0,9592.945,0
5197,18464.4,25323.58,6385.477,15271.46,8350.648
5198,19208.76,17808.74,0,20821.4,10733.13
5199,38199.46,50076.92,9198.932,19728.69,15099.99
5200,17516.7,15130.14,5874.384,16971.93,7497.677
5201,33895.76,32036.96,0,29479.96,6803.374
5202,51644.14844,52109.02637,10010.82422,22625.7915,0
5203,23890.77,35890.86,6204.433,15822.31,9294.755
5204,45429.94922,48583.74902,15270.91797,23744.35938,12522.46851
5205,24999.01,51950.98,6102.889,31165.9,5273.127
5206,17313.03,35073.61,6886.061,51882.39,16110.03
5207,57020.83,40889.79,0,39060.32,9617.238
5208,41853.2,17239.78,0,36933.96,5636.151
5209,44949.37598,51046.75195,13649.27002,33068.37793,0
5210,29309.21,56615.54,14848.68,28503.95,17110.79
5211,7694.509,15312.29,0,0,8880.576
5212,17333.26,35383.88,7775.219,15755.87,9760.24
5213,38656.5,47785.39,0,29488.16,23548.3
5214,21593.59,42120.38,0,29413.89,12721.92
5215,18949.62427,13122.75635,0,11316.89233,0
5216,30113.74,49897.38,9303.778,33563.92,8849.514
5217,61461.76,61175.64,10936.77,40959.04,11520.3
5218,46003.57813,47128.13672,10118.802,33189.15039,0
5219,16819.01,38448.59,8829.637,17276.33,17647.31
5220,51979.41699,59943.73438,10491.7229,26716.60889,9414.047607
5221,35804.48,48493.6,6361.545,29417.44,16129.58
5222,45221.89,61943.82,0,65093.79,15175.97
5223,23272.01123,56802.0332,15062.02246,26036.99072,0
5224,9899.555,16579.58,0,12886.95,0
5225,39826.26,55175.33,10973.3,36646.57,10262.15
5226,31537.72,38004.93,5635.773,19968.87,5769.015
5227,8120.672,18399.88,0,22085.85,4384.602
5228,33981.39,37990.27,15215.44,18111.99,6640.243
5229,27206.14,27674.12,0,16540.51,5661.465
5230,33528.34,38973.63,0,20154.94,9315.877
5231,136762.8,64940.94,0,78579.43,22865.63
5232,67211.85156,53901.4668,9984.994141,36654.61328,7080.283813
5233,23552.58,32092.71,5454.569,24866.64,12881.63
5234,40991.96924,42914.58984,6566.901733,33635.92383,12638.21606
5235,30371.62,32600.08,0,26004.63,19473.14
5236,23306.70703,31937.69531,0,14866.10645,0
5237,7706.295,11669.95,0,0,7555.137
5238,28074.55713,47864.27734,6621.140381,10402.18262,9851.883545
5239,11211.92,20004.39,7047.933,12596.67,9960.63
5240,36806.25244,42220.35352,8386.583496,14599.0293,10099.33447
5241,40756.04,43813.68,6210.881,35669.56,18699.33
5242,45459.64,47717,5919.444,29754.39,5012.498
5243,15093.98,22399.8,4998.135,15538.93,8210.313
5244,38346.07,55197.52,8451.902,23205.54,8387.748
5245,49859.03,54201.71,14762.57,29143.31,28208.27
5246,7231.02,13431.06,0,24637.25,5344.521
5247,30729.78,35852.56,9119.009,17153.7,9713.786
5248,8670.441,10961.35,0,0,0
5249,11314.43,17792.27,0,7067.311,0
5250,21097.27,19654.26,0,28894.23,8138.905
5251,28682.47,43002.17,6755.689,28786.57,21511.62
5252,75582.71,38668.53,0,62130.52,0
5253,27485.44,27499.9,0,23470.57,10644.4
5254,30585.63721,46533.5498,13989.08813,21643.96826,8930.080811
5255,11758.66,17882.18,0,0,0
5256,35418.32,51459.9,7233.853,60058.03,12221.52
5257,12977.08,15285.09,0,12524.43,6062.737
5258,42049.21,42923.06,7367.308,46115.12,10247.48
5259,7836.801,9756.071,0,8733.953,7371.238
5260,6225.02,27385.67,0,11295.17,12409.68
5261,14678.21,24688.87,0,11239.25,5809.205
5262,13603.76,45672.51,7722.133,25134.83,15586.81
5263,47492.33,64252.57,15492.56,30306.64,11828.43
5264,16272.89,19943.36,8866.877,14263.21,7136.346
5265,16266.16,12268.36,0,5563.516,4489.546
5266,34371.06,52862.16,5231.884,31709.99,21260.63
5267,44897.19,42791.63,12070.35,32233.62,7170.842
5268,0,8835.949,0,9118.079,0
5269,9249.844,8466.008,0,6660.398,0
5270,40755.33,47812.07,9439.575,19566.92,7246.153
5271,16278.22,21602.39,5881.085,9852.643,5216.454
5272,31842.26953,43320.75586,5860.853027,15469.21094,8211.074951
5273,72316.63,46003.31,9654.91,65468.36,20384.05
5274,34155.34,39561.64,0,16136.56,5712.45
5275,13823.41,10949.07,0,11706.88,0
5276,21038.27,11859.6,0,27528.75,7506.01
5277,11365.35,18277.58,0,0,5852.181
5278,20719.07275,32353.19238,10440.06055,13760.7002,5982.118164
5279,48478.4,55682.84,7198.361,18316.19,12522.52
5280,45602.22,53552.75,7702.242,31327.42,15523.09
5281,15248.49,30161.42,7296.908,28074.35,5488.393
5282,11759.53,30770.71,0,24103.78,9889.964
5283,37188.17,39086.44,5049.986,27219.31,5570.759
5284,35940.76074,55117.53809,7099.875732,16636.12891,13211.85205
5285,27147.63,23257.05,0,25951.7,4803.734
5286,29311.78,42503.89,6005.423,125492.2,9516.292
5287,93318.52441,42754.9375,0,41672.43066,10037.27368
5288,88282,60945.48,11231.35,55365.07,21665.59
5289,10041.38,15468.07,0,13994.86,6087.148
5290,26446.35693,41698.58594,12105.5813,12589.16089,6182.761597
5291,39860.27,64513.34,9579.223,20217.42,16880.35
5292,27139.3,32661.24,6510.924,30641.45,13279.95
5293,14904.36,50478.34,12842.49,11795.39,9925.908
5294,19937.35,27456.32,0,92672.82,5678.847
5295,17432.7,16890.54,0,7527.633,0
5296,16911.90137,45010.16699,6633.049194,12409.34961,12192.64429
5297,27676.45,50322.38,0,26610.26,12817.62
5298,35716.48,51541.36,7936.138,72104.89,17200.97
5299,37678.5,37237.08,6544.319,21975.52,6088.179
5300,31830.85,48637.9,13586.29,19739.23,22100.27
5301,45148.69,58541.44,6963.354,48914.55,13589.64
5302,50314.74,61206.97,11238.66,31443.51,7994.686
5303,17103.53,15962.53,0,10168.41,5745.628
5304,151334.2,58620.25,12669.04,156529.6,13983.43
5305,7547.995,17923.57,0,11152.01,0
5306,28394.95313,49308.16211,8611.52832,11047.4502,7954.233154
5307,58502.72,43131.31,10457.35,27299.95,9915.51
5308,29479.9873,55393.92578,14082.47632,33371.38867,15150.65723
5309,41114.41,55539.06,8425.813,33544.17,10725.27
5310,32634.80225,57501.04688,5866.657227,66767.12109,0
5311,89650.12,50183.99,0,71093.8,7863.169
5312,20644.38,35666.01,6311.633,17167.63,4541.412
5313,33251.24,19125.12,0,11656.81,0
5314,25244.57,30831.15,8232.499,12400.22,6915.793
5315,24016.68,17504.41,0,21064.15,0
5316,8505.609,40409.04,0,27086.34,0
5317,22861.87,37047.06,0,12645.91,10839.78
5318,35323.38,52958.13,5930.416,29537.27,15865.61
5319,30191.44043,53492.37695,10610.5708,20967.99121,9473.790283
5320,25216.98,38158.53,0,51712.73,13235.52
5321,62428.6,36897.57,0,79760.18,17752.55
5322,40501.84,64241.7,9867.735,29317.07,14133.92
5323,41154.16,63180.1,12275.77,35421.53,11053.18
5324,13372.82,15234.58,0,0,0
5325,43157.82,47856.85,0,60030.09,19088.42
5326,0,11049.25,0,9587.069,0
5327,40014.12,47528.06,7825.949,23842.12,11153.28
5328,42529.73,54612.18,7727.946,96628.85,10556.99
5329,0,14141.23,0,11744.65,0
5330,17174.15,23627.45,5788.85,23489.61,0
5331,46002.57,47170,0,41606.21,7338.591
5332,36021.1,59075.91,11005.39,18997.44,10557.72
5333,17510.41,17464.96,0,17542.23,6095.944
5334,39359.6167,50110.90234,10774.81079,22449.28955,6387.644409
5335,35441.67,47314.06,7304.202,25658.49,21401.69
5336,41085.54395,57831.47266,9481.543213,23416.38281,6940.5
5337,35526.56,38810.39,8087.346,38185.11,9535.034
5338,60067.63,54778.38,7827.738,34956.55,25060.56
5339,65802.92,31535.53,0,56622.23,7210.95
5340,25147.29,22022.74,9586.348,15295.81,10952.52
5341,21963.89,23484.23,0,13928.68,5173.272
5342,111972.2,58695.02,11759.78,83199.9,8947.763
5343,41959.83,57594.63,8286.674,32968.57,22675.48
5344,0,6760.982,0,6163.193,3983.112
5345,29402.15,52813.5,13882.25,19072.65,14751.84
5346,70156.37,47369.19,0,105695.6,23761.77
5347,19464.22,49401.44,12432.79,21876.02,8834.746
5348,24049.76,50101.26,8285.268,22375.13,14071.84
5349,32222.52,33747.44,7522.785,34861.25,9649.235
5350,14141.48,48543.9,0,27438.41,11737.87
5351,31316.49902,56021.54297,15404.60449,12507.64819,0
5352,18474.28,27641.77,6600.581,43070.66,16886.41
5353,27353.24,28731.32,0,31791.11,9568.982
5354,166911.2,59013.36,12204.18,108101.7,15246.92
5355,80358,39410.36,0,60723.44,9127.415
5356,19850.18,35699.14,7502.714,19316.01,6317.406
5357,36955.61133,50938.26855,8766.880127,18253.81104,6343.339722
5358,59832.33203,64673.125,15502.03906,23536.14551,18307.77539
5359,23441.64,36415.9,0,16854.17,18596.58
5360,17696.94,40510.44,0,12120.21,12535.94
5361,17226.15,17023.33,0,13516.48,0
5362,31555.35,54717.56,8631.643,16506,9828.983
5363,36860.15869,53126.8916,14267.41333,24016.87646,8921.94043
5364,36512.51,53681.82,13493.2,24657.19,11773.99
5365,6134.19,15610.98,0,12401.3,5086.242
5366,26812.69287,46533.00293,0,12509.62939,7876.791504
5367,154705.7,64198.15,13363.45,103136.4,12718.47
5368,11725.66,35670.58,0,10328.49,0
5369,12796.85,19460.12,0,15182.44,10493.23
5370,32367.4,44069.3,0,34059.73,4703.999
5371,39331.7,43290.25,8774.939,37794.75,18733.12
5372,96948.83,45825.25,6752.709,67328.44,10987.5
5373,16894.88,19008.52,0,8404.37,0
5374,39125.83643,43190.65527,12450.96509,21000.32471,6392.823364
5375,35101.7,27561.77,4963.627,25772.96,9355.292
5376,25224.72,37615.24,0,28423.62,14089.33
5377,12684.5,15816.42,0,7998.207,0
5378,177124.7,52733.22,7211.785,188815.2,25374.02
5379,25616.24805,33440.32129,5565.323975,13055.1311,0
5380,127803.6,43097.5,0,130749.6,15146.25
5381,22865.88,22742.79,7858.015,14927.87,0
5382,18102.19,30694.1,9411.714,11101.39,7764.614
5383,23363.70044,31986.92676,0,12978.31226,0
5384,41664.16,54690.13,12350.92,32102.54,30647.38
5385,36170.51,58252.35,7367.943,24386.51,5702.425
5386,63279.2,42473.59,0,42481.55,0
5387,23418.98,29800.27,5542.846,43908.67,7264.296
5388,30542.03,30364.7,0,26391.22,0
5389,17134.12,22115.03,0,18458.52,8838.902
5390,49845.19,45413.54,12324.97,41503.33,14597.76
5391,0,22056.09,0,17645.67,0
5392,26083.84,41944.93,0,49079.1,0
5393,44701.91,26343.39,0,48535.94,9715.31
5394,39837.35,55361.29,0,34723.87,11146.05
5395,38979.78,18989.37,0,34550.08,6443.526
5396,29443.14,39294.39,0,20330.54,10090.1
5397,40376.2,46469.05,0,20458.47,7797.127
5398,21034.91,38635.92,0,18299.71,7777.93
5399,61395.94141,56399.36523,12805.80469,31580.89063,6868.237427
5400,53540.39,23847.29,0,62420.05,6451.405
5401,24575.79,40641.81,0,28941.95,12652.73
5402,35837.37,28277.26,0,31240.86,13840.67
5403,57979.37,60055.98,12650.88,45223.56,33620.69
5404,26195.86,39309.77,9635.563,41813.58,9704.843
5405,52416.23,50001.11,10907.6,24364.25,6748.623
5406,57814.80469,32741.14258,6321.263794,31444.23438,7557.088623
5407,43457.96,55397.74,10240.56,37332.53,30737.15
5408,38526.1,56174.04,7826.73,31378.7,10943.7
5409,69155.4209,53158.53418,15332.82568,36363.20996,15013.58447
5410,30037.68848,58650.09766,17969.27148,9159.971191,8784.018066
5411,20336.07,19759.63,6085.26,13675.53,8935.195
5412,75565.4,57103.51,14506.71,82043.08,9575.86
5413,15143.1,23880.39,0,34907.97,0
5414,25476.76,31215.36,0,13039.98,10156.59
5415,31718.54,52259.43,6504.736,17563.88,6006.458
5416,28051.53,42291.39,10189.67,18861.55,8241.147
5417,39282.17,59089.87,0,82298.25,9471.33
5418,47542.64,44820.33,0,35944.53,0
5419,25767.54,53972,6214.527,40060.2,10342.35
5420,30726.09863,61197.57031,6742.248657,36928.16406,9274.934814
5421,24403.29,29338.74,0,28341.43,13704.27
5422,32061.48,47816.2,10139.1,29077.97,14793.36
5423,30050.93457,58774.49414,10137.5564,13890.71143,0
5424,42190.59033,52275.85742,15453.72607,12963.31787,8826.119873
5425,18094.7,31931.57,0,18542.53,6483.624
5426,18618.09033,32470.8457,0,14751.23853,0
5427,36538.61,50809.72,6187.083,33146.75,16276.29
5428,48685.16,58347.64,5075.006,40789.64,24253.74
5429,27630.63,39648.14,7869.868,35146.17,19180.04
5430,20412.99,31162.08,0,21481.72,16296.85
5431,41760.29541,47504.2959,9266.349609,17123.19287,10694.43457
5432,37722.4,58503.15,10438.51,30509.48,12044.03
5433,33136.78,32973.76,0,21133.58,0
5434,35977.18,27111.26,8904.788,46907.04,0
5435,46082.54,56996.66,0,31774.19,0
5436,12570.1,32752.73,0,13670.22,7502.749
5437,29337.4834,51946.6543,10522.03638,15394.45874,10587.52808
5438,21343.03,13119.08,0,29998.21,5916.581
5439,93720.33594,61789.40625,8653.98584,58015.20996,20339.37891
5440,21814.99,30997.65,0,16343.51,7667.083
5441,27200.65,37461.02,0,37781.12,10145.86
5442,104949.2,50791.44,6069.251,88241.57,25967.85
5443,40828.56,51941.62,8950.295,19167.75,5658.857
5444,29735.95,53891.5,12597.38,31172.09,11556.84
5445,23340.97217,31426.29199,10848.31226,11315.27612,0
5446,39619.1,49500.1,7606.096,32947.65,20105.45
5447,56279.41,60091.6,12640.69,45788.98,11351.46
5448,0,7534.55,0,7571.625,0
5449,30386.89,54926.94,12174.42,61785.26,9218.518
5450,47870.79639,64563.9375,13651.58301,19609.87695,14670.34033
5451,108508.8,40111.39,9140.514,94024.3,16605.23
5452,17697.1,8062.924,0,23653.84,0
5453,89827.4,29401.48,0,83810.73,9329.671
5454,36747.02,48660.36,9800.411,34058.51,10426.99
5455,17534.03,12699.42,0,19111.27,3840.62
5456,55018.39,29213.29,0,68895.05,24853.91
5457,37410.09814,39018.83594,9208.731201,17701.34814,7965.95459
5458,18837.93,40018.77,0,20199.38,10723.04
5459,23938.74,44855.74,7498.339,21015.91,0
5460,80779.84,64519.27,14992.04,72342.21,27742.49
5461,45987.71,61078.85,6931.523,50563.44,9792.194
5462,10829.83,11462.03,0,7672.448,8176.1
5463,26920.32,34650.11,0,18437.51,5982.01
5464,23137.2793,35954.68555,0,27343,0
5465,27005.96,42331.39,0,29971.71,11442.32
5466,55394.08,54174.03,5721.962,43507.88,9342.661
5467,61538.32227,61611.88477,15097.1709,24536.93604,6553.484741
5468,16437.70728,33779.4502,0,8035.472656,0
5469,42276.02,41072.92,0,94142.37,15826.65
5470,10183.04,6689.494,0,6539.459,0
5471,10855.83,26043.03,0,30454.07,6621.963
5472,75296.11,46405.82,0,62415.21,26370.08
5473,74370.02,48333.15,0,58904.03,8817.562
5474,61021.5,56167.79,10873.11,39922.36,9187.539
5475,125121.3,44575.28,9803.806,121302.8,19371.53
5476,27527.91,44980.19,0,21329.64,9827.333
5477,51474.51,45029.91,0,49005.34,17182.87
5478,45251.15,36745.31,0,139767.9,12116.95
5479,93427.17,46559.7,9864.045,14552.53,8318.555
5480,30013.83,47615.95,5704.463,71050.47,7517.737
5481,8413.24,11070.55,0,7197.835,0
5482,10041.56,14483.76,0,7339.527,5154.852
5483,44790.49,47625.41,7972.547,25907.76,11478.33
5484,14539.04,27910.17,0,12264.46,5215.415
5485,33098.52,45028.27,0,16834.79,7361.984
5486,29419.72656,59176.84766,7162.321289,12884.26172,0
5487,79193.04,64520.58,7143.313,64096.76,14405.43
5488,28857.75,40694.61,0,21688.95,6800.799
5489,23396.45166,57304.25977,7013.995361,17791.2334,7216.673096
5490,54380.14,57438.73,6390.115,49201.64,30600.32
5491,28993.16,24738.29,7477.284,22496.63,7029.844
5492,34571.00635,41813.58691,11305.98169,15013.32617,8394.464844
5493,33729.29,54493.29,11588.33,20963.53,8271.057
5494,36599.64,28703.91,7033.961,27199.35,13672.69
5495,12567.93,15941.25,0,8212.218,0
5496,21688.4,33119.56,0,23812.34,11976.74
5497,37443.24,44070.21,6409.829,43673.24,0
5498,16662.65,40706.26,0,9245.708,4503.141
5499,13276.46,11109.95,0,9216.182,4528.684
5500,34629.67,41390.59,5348.876,26522.41,8392.893
5501,14949.14,16337.51,0,16210.69,7760.104
5502,28198.61,35235.63,0,60517.13,9190.931
5503,49091.99805,54379.53711,11701.0415,33417.70996,12241.06763
5504,13817.38,16380.63,0,16756.24,8507.95
5505,22405.21655,35717.22754,0,39821.89746,0
5506,23096.78,34379.42,0,23156.58,9496.02
5507,79869.94,59521.13,9319.497,63666.32,11304.52
5508,59561.17,62225.03,5862.571,71723.2,31827.33
5509,34012.21,45787.06,6555.483,33719.21,18553.31
5510,50628.95,51677.79,10301.63,28024.28,7882.21
5511,9500.678,23347.58,0,14928.07,8474.015
5512,23836.95,27074.26,0,29787.53,15593.6
5513,41067.02637,41687.26465,11845.54956,18758.63281,0
5514,37501.01,51826.4,0,51133.97,21364.74
5515,20789.72,34275.72,0,58366.44,6063.676
5516,44193.68,46448.31,11048.28,34678.36,26397.09
5517,73779.48828,63076.51758,9888.000488,54213.28809,12133.93604
5518,6620.177,16840.65,0,7229.237,0
5519,27356.93,39228.13,8791.932,9018.276,10663.55
5520,42494.68,42118.34,10751.67,30799.93,12411.58
5521,18585.13,22104.77,0,16667.23,9318.659
5522,195535.9,55664,7034.81,152269.9,21462.68
5523,31160.46,43553.92,8829.025,21883.86,18661.36
5524,38813.1543,38749.87207,8722.745605,19642.52588,10111.27344
5525,34901.6,44499.02,0,26083.89,7680.811
5526,40427.29,49017.18,8043.848,0,0
5527,18942.87549,48385.84277,0,10206.45215,5781.279663
5528,26279.85,47623.93,8967.198,27730.11,8982.731
5529,58304.43,46355.61,13043.16,44485.51,7572.141
5530,12511.47,25498.88,0,28182.58,0
5531,39206.86,56213.34,11454.32,31244.09,7821.02
5532,13686.85,18032.34,0,7986.152,0
5533,42465.31,50148.05,12642.74,26880.42,11822.21
5534,40163.79,27651.63,6617.51,33412.43,12885.69
5535,13481.22,28957.45,0,10179.88,4242.571
5536,30973.98,38181.29,0,40256.3,9858.11
5537,36943.73828,51602.86816,14380.83838,19851.86182,0
5538,32079.36,41447.69,6818.504,41471.68,14201.35
5539,36878.2,57158.46,8625.023,14218.45,10557.51
5540,19850.53,23193.43,5857.585,13130.6,8685.277
5541,48954.58,48043.88,10275.95,22287.37,11359.47
5542,41138.75,40646.77,5463.469,51423.9,18636.44
5543,26277.08,36783.04,5314.603,18947.68,0
5544,43989.85,64220.6,10290.77,27514.35,20421.97
5545,33003.73,42571.44,0,20610.76,11868.17
5546,27285.77344,37497.63965,0,23783.36182,0
5547,40207.65,47452.38,6866.13,28655.24,12748.16
5548,42429.82666,40596.16992,10019.6272,16509.39502,0
5549,9924.913,8224.362,0,0,0
5550,17354.15,30853.33,6426.591,8361.511,9153.564
5551,61299.04,36058.21,0,62135.95,16647.85
5552,38336.29,40932.82,6093.793,49214.75,14654.36
5553,42205.39648,52607.41992,9729.790771,35726.61914,8579.12915
5554,57687.5,43297.09,5084.603,53514.13,6776.793
5555,58120.52,42908.27,8816.029,39448.69,7882.547
5556,0,12825.85,0,9460.792,0
5557,15863.39,18882.99,0,12986.7,7310.376
5558,69227.25,46152.31,0,61618.53,0
5559,102248.4,53884.19,8931.233,77990.94,17167.91
5560,38208.98,61813,6867.85,27603.72,10583.38
5561,21548,41346.49,5109.409,21017.58,5852.748
5562,19120.73,31793.71,6314.982,14530.76,13869.27
5563,84511.44,51349.57,8033.495,71370.64,13078.31
5564,52085.73,42469.45,0,37462.58,23195.88
5565,35634.91,33632.51,5613.778,52149.67,15598.5
5566,34957.62012,58293.60449,12026.41431,17995.41846,0
5567,45421.57861,61502.25,9693.239258,15869.2583,6600.322266
5568,24996.37,50780.87,7404.304,22771.82,8924.002
5569,32294.5,54034.13,4889.958,33180.95,23506.29
5570,33402.53,39982.69,7192.734,21921.61,11777.37
5571,34877.74072,55925.92188,6085.603149,25553.84863,10133.37646
5572,29536.9,46902.73,5182.94,31526.85,14709.91
5573,49312.8,62292.88,14971.46,22889.18,13071.07
5574,9600.033,20625.08,0,13260.46,6458.308
5575,38393.91,64782.14,12320.57,27598.15,13355.87
5576,34141.93555,51642.52637,0,20039.65576,7937.138672
5577,17783.92,31184.7,5917.16,66212.8,7185.456
5578,16043.1,7387.808,0,7305.461,0
5579,38664.15234,50196.67969,13800.22705,11874.17456,0
5580,102934.2,62540.87,7831.207,88733.91,25674.48
5581,40431,42641.8,7044.356,52387.96,7814.468
5582,51628.75,62063.7,12894.97,41413.42,31951.32
5583,16557,27662.9,8041.03,19464.21,6575.524
5584,17815.81,37890.58,0,30298.06,9395.917
5585,22788.73,22632.1,0,13831.24,6923.594
5586,78094.17578,50590.6416,11129.86719,0,6793.494873
5587,33012.83,40618.9,10867.29,16859.51,5621.712
5588,8717.415,29745.04,0,18357.26,6885.531
5589,38947.24,53054.17,0,18778.47,8611.359
5590,39675.69238,41514.16895,11232.55298,18984.75342,12159.12915
5591,242625.6,54685.31,11086.73,192840.7,19590.22
5592,35068.05,54727.47,11815.55,29540.27,22523.82
5593,39466.6,62843.32,9172.052,22482.17,9504.664
5594,32383.22,39648.19,6482.094,72203.88,14758.52
5595,46578.84,48956.42,12779.86,27167.58,8742.4
5596,15854.65,20468.6,0,19507.67,6222.326
5597,9176.834,18413.04,0,11320.09,0
5598,37030.20361,63337.45898,6454.587769,23468.19824,13955.87646
5599,37463.95,41708.51,0,14426.74,8628.21
5600,23579.86,51422.2,7023.892,28294.51,15616.66
5601,12045.27,21767.83,0,16879.15,11877.91
5602,37811.27,37615.81,0,110955.4,7250.248
5603,11603.13,13963.35,0,10564.09,0
5604,28496.57,56746.23,11713.54,21449.95,6763.624
5605,36383.13,24262.09,8347.731,30521.23,7253.946
5606,45702.99,64848.31,7273.294,30501.3,33439.8
5607,35920.23,11004.7,0,16772.7,0
5608,38067.89404,42124.56641,6900.248901,16341.39453,9933.051514
5609,23788.92,53476.88,6791.646,21956.52,8692.348
5610,39586.90283,49127.02148,5657.843628,22623.21875,12989.03516
5611,43821.26,62578.43,11452.94,31265.33,21764.52
5612,23983.38,40325.74,0,24002.52,9608.447
5613,56329.28613,48530.25293,8805.487549,30290.45947,6830.762939
5614,43523.01,60679.68,13774.96,17236.67,9640.119
5615,29522.89,36704.13,7328.617,54008.58,0
5616,34762.6,38626.19,9366.832,28732.89,9661.507
5617,35310.38,34717.48,0,39540.71,12014.9
5618,50494.1,27616.04,0,37659.53,8466.76
5619,22044.83,33784.71,9044.881,29457.59,20236.5
5620,27582.74,46025.97,6008.271,19877.84,6798.168
5621,59575.38,53833.96,15450.82,48716.09,10105.14
5622,16883.28,11449.81,0,0,0
5623,26559.82,23911.96,0,21658.35,12356.52
5624,53511.25195,50692.91797,12139.13672,39188.41602,7267.990845
5625,97033.9,60312.67,8311.488,86477.52,14512.26
5626,49771.08,47886.3,7464.31,26643.44,6501.699
5627,29047.76,45776.81,9817.583,14787.7,5832.003
5628,34756.39844,54485.58203,14244.25635,14448.46777,9010.324707
5629,33310.23,58796.55,7287.616,39921.88,22557.79
5630,18460.92,31203.99,0,16626.84,0
5631,79831.61,38927.6,0,72788.54,18863.37
5632,22610.28711,33393.09961,8265.473145,6962.350464,0
5633,28445.72949,44798.14063,12682.81934,19799.35449,0
5634,60908.64,55113.81,8012.253,47016.27,10486.95
5635,9513.121,8596.136,0,0,0
5636,19374.11,28136.12,8131.849,20342.87,10683.53
5637,22389.28,27056.03,0,21043.89,9762.559
5638,28341.46,59419.12,7905.818,27941.57,17974.03
5639,30077.8,48404.29,0,20930.22,5145.37
5640,102750,63055.07,9891.27,104407.4,28135.64
5641,9956.642,10045.75,0,11022.66,0
5642,32230.96,35596.1,7450.509,18042.25,5661.531
5643,18523.68,30637.39,0,17782.23,13603.85
5644,42936.18,63303.95,14404.49,24252.21,6527.514
5645,57301.01,52018.43,5769.461,28507.08,5903.586
5646,9817.487,20205.27,0,7816.828,9191.533
5647,90002.47,37787.41,8108.859,64275.78,13919.06
5648,30052.38,39778.61,0,42997.24,17295.98
5649,18702.85,31432.36,0,21207.85,5852.232
5650,33840.35,36885.32,6935.531,28005.93,18380.78
5651,148660.8,45175.66,0,106432.7,14527.14
5652,19024.25,22905.8,0,14917.87,0
5653,60529.81,61281.91,10634.3,18131.16,13774.76
5654,56445.15,59128.87,14942.42,44849.25,11074.02
5655,54080.41504,57759.66797,7751.387695,11243.73364,0
5656,13439.29,15008.88,0,7998.987,0
5657,28496.27,32509.95,7051.736,21322.64,18095.65
5658,50440.73,55705.99,0,100334.2,0
5659,13855.01,14540.12,0,44329.32,0
5660,6978.08,14851.35,0,21182.31,0
5661,52267.08105,59216.5918,9801.96582,22719.09082,0
5662,21090.28125,44683.34863,8750.673584,21609.64795,0
5663,49869.39,47836.49,11442.52,31150.71,14058.62
5664,24452.9,38886.69,6169.279,22043.36,8194.708
5665,25595.18,44312.03,8181.54,25318.19,5774.186
5666,51209.64258,55067.18555,0,25446.21729,9061.097412
5667,44926.1709,63341.17188,16044.75928,20184.6333,13071.104
5668,25272.98,24070.11,0,12372.64,8708.239
5669,26528.71,60259.69,0,21052.69,7925.828
5670,18495.88,47225.06,5316.63,19759.49,15771.33
5671,115639.8,30330.31,7223.603,92143.74,19159.38
5672,20722.14,37471.48,0,17353.1,9502.091
5673,40732.5,36168.25,9197.661,26318.91,6154.495
5674,38495.98,49035.92,0,29555.18,7319.971
5675,34293.9,57734.18,0,29171.23,22294.68
5676,20897.28,36926.51,0,20736.06,12544.01
5677,44968.66406,44030.4834,10726.98535,22815.72266,10197.00269
5678,12355.33,18450.74,0,40322.22,8264.367
5679,29528.85352,52956.63086,10855.05811,7712.029541,0
5680,45872.87,33241.74,8887.267,33050.98,9870.168
5681,16828.61,19036.08,0,22938.03,7117.021
5682,23841.43,27295.44,7803.307,28538.07,7994.641
5683,48499.57,21240.18,0,49927.15,5520.196
5684,18038.72,24557.96,0,18680.89,10057.87
5685,45165,50922.75,7107.153,49948.51,16454.12
5686,8986.963,17914.68,0,9909.521,0
5687,26931.59082,57548.12891,7185.593994,22597.72412,0
5688,35036.01,64505.09,7685.825,47093.19,26978.52
5689,45179.39,53995.61,13169.09,31511.72,21383.47
5690,56692.31,59489.39,13764.11,48551.43,21405.39
5691,32139.93,30398.98,5992.555,19228.81,11043.52
5692,8196.075,5878.082,0,7057.533,0
5693,34877.85,60140.6,10870.93,20320.96,12011.3
5694,11976.99,25440.66,0,7291.586,5554.81
5695,46276.60156,58539.96973,12779.22656,24072.99121,0
5696,28263,41573.31,8154.525,23350.21,0
5697,32182.02,45014.94,0,24079.73,15134.78
5698,43780.9,51370.55,6802.719,50966.14,6129.343
5699,144439.4,50753.25,0,115668.1,12181.43
5700,44403.82,51799.42,0,39115.96,24401.03
5701,49019.56,61074.88,12319.83,30308.43,13741.6
5702,6398.365,8347.579,0,0,0
5703,97554.18,60763.44,12990.06,62688.13,21027.75
5704,18566.67,21901.92,0,6982.431,4849.259
5705,24523.2,37603.1,0,53310.93,6846.604
5706,28115.69141,56924.36133,8445.004639,17929.25928,8345.932373
5707,71703.9834,52991.02539,6685.234131,37403.05176,11415.5957
5708,39524.72,55173.46,12425.64,26570.24,21559.38
5709,23378.35645,42685.24902,6396.675537,13673.09277,0
5710,78510.46,60734.85,10784.81,121353.6,20684.35
5711,38998.42676,65205.88281,7760.99292,49217.16406,10921.5813
5712,25248.95,34357.34,0,21872.68,15452.45
5713,31584.97,41186.75,0,32933.45,14421.66
5714,0,14327.99,0,7078.693,0
5715,24075.21362,43401.22266,7596.764648,30982.53809,11641.67822
5716,38696.34,43783.49,12504.45,27660.14,8548.941
5717,8756.338,10255.61,0,14150.08,0
5718,36402.26416,45661.71777,6310.093994,22160.59961,8492.506348
5719,11414.95,19319.67,0,30888.89,0
5720,31756.11,26426.57,6965.064,39540.29,8783.903
5721,25461.88745,40934.06543,7670.748047,19842.43359,0
5722,26739.48047,51654.13184,8915.570068,24535.60791,8054.281494
5723,45140.7,59695.69,6265.908,57600.26,10220.93
5724,86275.37,36776.31,0,78278.27,11292.04
5725,40934.11,62883.64,10896,25964.17,12353.92
5726,68383.32,57728.51,11965.47,41668.85,11550.59
5727,18979.91,27375.5,5607.43,16165.14,8674.367
5728,30461.38,52531.54,11593.72,28910.17,22905.23
5729,103118.8535,60417.70117,17899.56738,47601.55664,19076.35059
5730,31640.93,27754.1,5985.679,19031,10575.32
5731,15977.91,36080.14,5930.961,29104.47,15243.2
5732,28266.33887,55283.1123,6247.942871,28570.79883,11016.14795
5733,10911.6,12356.47,0,10424.53,0
5734,33994.9,35163.86,0,20164.84,0
5735,33192.25,46784.73,10325.64,30812.33,15929.13
5736,38517.14,35099.68,0,22925.23,9577.944
5737,25359.69,36096.72,10217.62,19530.14,5203.206
5738,80380.53,42065.77,8284.655,81016.32,25486.61
5739,57411.2666,47968.93945,6928.962891,22373.60107,7953.520264
5740,32688.37,52933.81,6826.507,18949.33,11671.66
5741,37433.21,50501.15,8714.864,21499.88,15089.64
5742,35248.28955,60050.49805,11424.18384,12863.25049,0
5743,32447.78,61927.55,9959.826,30210.58,16701.49
5744,27312.07,20721.74,5646.473,0,6338.208
5745,59771.86,62316.95,7709.426,39078.48,21723.26
5746,7938.423,22409.68,0,22800.25,10868.87
5747,163200.9,51832.4,9746.239,136325.2,13200.43
5748,32584.87,57444.18,0,25195.36,10959.45
5749,14670.09,8216.731,0,13457.48,4292.747
5750,0,13854.27,0,11205.21,0
5751,34940.68,43321.12,0,25700.43,11106.69
5752,35315.58,49477.17,9818.391,31704.35,11654.28
5753,26999.89,32006.8,0,36102.73,6558.705
5754,35000.65967,58159.36719,13227.14526,20401.08301,0
5755,6938.796,18625.65,0,11284.82,4009.912
5756,18642.65,20145.81,0,14316.54,5151.802
5757,27673.8,40681.27,6706.421,22211.62,5529.822
5758,24035.29785,43836.78027,11041.26489,18315.30957,6884.796997
5759,31569.15,47885.53,11956.57,56297.92,10819.46
5760,16550.81,35185.41,0,11201.81,0
5761,15597.08,25150.55,0,15090.5,8252.767
5762,99435.87,55661.74,8036.606,68596.46,9491.73
5763,29683.17236,60098.53906,12884.49683,19499.66846,10885.21411
5764,37613.88037,48442.68555,9142.848633,34097.83594,0
5765,44316.86,47466.97,7565.89,21662.52,6549.542
5766,69715.16,53603.26,8501.968,60327.87,15765.95
5767,100553.6,62511.09,6806.244,46970.22,18325.84
5768,20702.66821,28754.02441,6706.061157,8803.730225,0
5769,29091.23193,57867.33984,14245.85205,26174.2207,12132.82861
5770,24987.85,25644.14,6625.099,15159.52,8024.345
5771,15240.5,8967.192,0,7757.862,5317.632
5772,31315.39,41347.25,10265.77,20316.74,7361.971
5773,138788.4,43130.97,0,106435.4,12817.77
5774,52150.91699,57225.875,12978.12598,31079.58887,17015.03271
5775,27313.42,60392.08,0,13848.4,6705.888
5776,10091.82,15603.16,0,15205.65,6982.621
5777,40051.81,60901,8539.535,32126.25,16034.35
5778,27995.58252,53334.21387,8443.843262,29816.72754,0
5779,31082.2168,62032.04688,9640.219238,33789.87695,0
5780,44342.26563,55079.96875,11131.70825,28381.12988,11648.94946
5781,32749.37646,43540.35254,0,17908.40332,0
5782,194222.7,54910.88,9881.655,160467.8,14309.8
5783,36672.23,55766.6,10087.86,35073.7,10759.59
5784,24399.93,38329.81,0,22817.19,11150.39
5785,42501.28,63044.94,7575.548,29405.6,19742.14
5786,45586.41,64514.22,12009.89,20192.25,11354.4
5787,30290.83789,49964.07715,13050.79858,16254.60229,6600.398438
5788,24064.89,56360.59,9122.839,21180.88,7092.253
5789,47910.76,16102.5,0,38029.3,0
5790,32248.05566,47041.52344,0,34587.59375,0
5791,25306.74,51744.5,8260.955,17339.88,6075.044
5792,38849.44,40986.44,8665.406,31630.8,6099.201
5793,8630.721,8221.711,0,0,4341.5
5794,0,11924.85,0,14753.97,0
5795,29669.69,50894.78,12477.5,23355.33,9945.014
5796,14475.61,17292.56,0,30034.76,0
5797,79841.78,49525.16,0,95383.04,15841.66
5798,78694.92,51050.77,9415.549,59317.03,6908.102
5799,50555.09,62804.73,14246.14,29127.15,25262.62
5800,98880.12,43400.62,8634.156,107417.3,13994.88
5801,32194.98,50114.88,7124.389,40467.88,4917.318
5802,48937.98,39355.18,0,52110.3,11687.78
5803,38863.66,47156.38,7685.926,25485.93,15658.38
5804,24113.28,43065.78,0,21754.7,6489.255
5805,28579.23,51247.64,8293.919,23040.97,12244.46
5806,38977.21,37443.02,0,38172.65,16526.85
5807,25131.56,38493.86,0,21293.66,10729.91
5808,21776.32,26637.67,0,33358.71,17384.8
5809,18282.34,43939.43,0,13777.87,11410.45
5810,40883.76758,58235.52539,12709.62354,14809.09424,0
5811,24835.51,24543.26,0,16164.3,7577.67
5812,58327.37793,41922.57324,11305.90527,29852.62402,10845.03442
5813,35238.82,43156.25,10178.24,36178.88,5340.679
5814,28877.93896,52841.98047,6759.516724,10492.5127,8800.104736
5815,25268.3,38974.74,8894.079,29490.13,15622.43
5816,25795.59,57422.41,15763.87,19936.18,6133.525
5817,34337.75,50592.67,7324.158,16276.74,6785.164
5818,20223.71,22356.11,0,13983.63,6264.184
5819,27425.41602,49961.09473,14149.22607,20810.1543,6547.940308
5820,41009.37,51001.92,0,101749.9,12946.16
5821,36034.69,38377.95,7013.561,49803.81,11192.93
5822,22561.8,36302.48,6268.349,15848.72,9869.347
5823,35116.58154,37137.68164,0,12541.14844,0
5824,14644.46,21559.43,0,20948.12,12375.19
5825,25268.02,32123.76,0,20009.3,10313.01
5826,29586.58,36808.07,12569.73,11819.39,4977.019
5827,69227.88,60351.9,11412.05,48329.78,9451.444
5828,59744.53,57133.41,11857.34,45323.37,8658.958
5829,31927.04,28756.79,0,36046.31,11019.09
5830,15667.66,26589.12,0,10303.28,9184.581
5831,47921.29,51362.73,12486.53,27212.09,11383.47
5832,16958.48,27912.48,0,25806.46,10289.03
5833,18748.06,22246.77,0,8282.564,8575.233
5834,121883.8,51030.27,8469.418,91408.08,18966.67
5835,25759.09497,64462.1582,12432.36011,25990.77588,7253.402588
5836,25044.4,39637.16,0,17048.93,9963.281
5837,60673.3,40466.02,0,80696.62,6345.53
5838,50691.47,64179.24,6554.371,39630.64,11381.08
5839,36257.01,60313.72,9486.502,33321.82,12453.3
5840,25200.6626,55109.93457,9920.089844,12565.98975,7175.851563
5841,23612.06812,64940.3125,14445.08838,10153.64819,14895.96436
5842,25408.72,51704.61,11026.39,13360.78,5867.108
5843,53471.65,51601.34,14344.06,15485.09,10758.94
5844,24978.74,53429.59,8242.46,88892.13,20923.97
5845,9415.95,16331.79,0,0,0
5846,26899.78,62790.62,9362.376,39207.8,5182.997
5847,18466.62,24026.11,0,16489.4,9608.747
5848,16034.39,30896.8,0,14432.43,0
5849,40315.66,38548.55,9566.381,18503.82,21416.09
5850,22022.67,22412.11,9147.669,17237.33,11928.2
5851,39535.71,28027.42,0,50500.87,5801.809
5852,25915.66,48474.01,0,51395.86,6819.636
5853,43376.38,39199.01,9456.313,25703.73,9222.911
5854,40691.82,64907.25,12283.77,35542.97,17689.98
5855,28504.10205,46354.3584,6524.088257,44374.73535,9676.939941
5856,15966.92,23026.82,0,9549.776,8697.513
5857,19591.18,25302.02,0,29556,15163.76
5858,19581.13,30425.42,0,15264.96,12258.46
5859,43418.97559,48081.89844,13105.67285,15249.25977,9228.047119
5860,36776.26,57558.63,10704.27,24613.36,19571.17
5861,52770.05,58964.51,12560.66,31833.63,18298.54
5862,32197.96191,62911.88281,0,64351.59766,10910.42651
5863,27859.41,21688.3,0,41961.77,7800.925
5864,34469.34,39677.28,9346.268,16490.18,10810.22
5865,85346.12,64160.9,10136,74146.29,13084.57
5866,5897.719,10055.46,0,0,5934.233
5867,16601.35,18548.44,0,22922.75,0
5868,14399.78,20930.05,0,17005.81,8820.176
5869,26324.12,52928.98,6768.029,16885.11,6982.879
5870,30127.52246,37044.72168,7323.211182,18322.15527,10308.17041
5871,51120.97,53121.27,11538.39,30800.56,15956.63
5872,33869.98,61716.22,8381.413,17384.65,8780.07
5873,48891.73,23960.53,0,57427.6,7159.67
5874,35352.06,46351.24,0,12947.47,8579.394
5875,61141.83,60577.73,0,41339.19,12497.28
5876,9355.642,18179.58,0,10031.42,7024.084
5877,15403.02,18249.9,0,23222.86,9437.306
5878,44156.44,45897.67,5895.519,42608.19,9946.906
5879,62117.21,56439.17,0,41753.44,17590.06
5880,18345.9,28775.44,0,0,5336.129
5881,15031.24,23111.31,0,10239.58,5574.108
5882,26703.62,47837.94,0,20220.43,16149.03
5883,23088.31,48309.35,12367.6,21845.05,5173.036
5884,17159.35,26681.62,0,22789.88,15253.1
5885,46364.48096,61873.14648,8904.252441,26416.68018,12327.20996
5886,40522.84,33532.05,6220.635,35446.5,15310.03
5887,39400.68,51921.01,0,26714.98,15182.62
5888,16465.97,18286.97,0,0,4340.88
5889,7375.915,15132.46,0,5681.932,0
5890,7656.692,32720.17,0,9173.986,7881.441
5891,27121.09375,39415.25879,0,13820.46533,0
5892,55325.18,53373.62,8705.934,28615.41,11784.1
5893,32642.69141,49519.00977,6892.515869,26359.80664,11750.13721
5894,39711.01,48537.76,8959.367,35783.98,12684.79
5895,28620.72,40176.04,0,12080.37,14120.13
5896,24636.72,12426.47,0,33872.91,8368.771
5897,30987.46,33562.87,0,23113.81,5154.471
5898,23507.00586,47968.22363,6804.591797,8744.050537,7387.105713
5899,100744.7,56069.35,7526.015,60169.08,13529.38
5900,31802.03,56139.05,14688.5,19380.44,8024.531
5901,22873.29,40233.42,0,39436.13,9630.018
5902,28558.85,52481.66,8590.173,24366.84,9822.729
5903,28491.46,40298.07,0,57906.5,8712.495
5904,40287.25146,52902.85254,12971.99414,19084.5918,10459.78809
5905,45056.87,54512.96,7825.973,26350.56,15405.24
5906,27617.75244,60178.79883,0,20230.0835,6446.195557
5907,52822.11,64155.01,10989.48,59698.53,32837.64
5908,23118.02,42713.39,7214.273,14604.78,10650.09
5909,62978.69,64495.33,11430.16,54364.68,31906.6
5910,37882.02881,45619.53223,0,31876.23047,10191.09033
5911,45541.2,47381.09,8955.962,36570.34,8369.244
5912,97572.65527,60706.34766,14607.49951,59831.13379,10514.90283
5913,23147.34,17426.51,0,22873.71,8727.002
5914,22838.67627,56228.91211,10248.21484,11625.2063,8661.834961
5915,29259.62,47137.2,6200.273,12590.82,7648.959
5916,42360.18701,54867.77246,7982.586182,22473.32129,0
5917,25655.52,25448.89,8251.829,21407.41,0
5918,58112.56,33306.29,0,51316.1,18620.45
5919,13389.43,43257.42,0,18629.68,9194.52
5920,39407.21,47548.17,14971.77,26422.17,6839.589
5921,60499.31,65221.31,11234.39,54373.74,23416.46
5922,22889.7,29076.36,0,58734.5,9022.926
5923,14411.85,37465.5,0,46121.78,8080.19
5924,32890.27,64943.5,0,35067.93,15081.51
5925,61308.35,54050.67,11090.04,35442.67,12773.82
5926,10328.12,16397.73,0,9280.811,9078.458
5927,59554.96,56757.5,10723.32,29260.92,12446.05
5928,22446.24,37892.44,7126.594,16808.73,7409.241
5929,27731.15,34793.49,6792.114,18085.57,8501.567
5930,41329.75,59238.2,5700.717,83779.88,7145.831
5931,75096.92285,45548.65039,0,40564.91797,8844.312012
5932,31171.81,52030.74,10431.96,35581.6,19802.2
5933,12722.2,19662.03,0,17743.31,0
5934,28979.01,45234.12,11767.79,26721.51,8827.574
5935,46991.69,60193.9,6159.908,36148.09,19008.29
5936,26074.89697,64674.50391,9247.525146,59352.99023,9865.939209
5937,18519,31422.4,0,35371.45,9243.881
5938,38063.44,52737.35,8670.661,21934.82,9616
5939,26739.34,22057.74,0,27307.74,12347.81
5940,26866.65,38524.16,6177.247,24198.18,12141.29
5941,29688.47,49616.05,8528.446,27030.04,7706.148
5942,71566.36,45585.65,6246.937,50576.07,8106.599
5943,33651.83,39028.57,0,21120.77,5293.065
5944,19645.47266,49430.44141,7866.28125,22686.98242,7553.493896
5945,42474.23828,56430.99414,11028.83911,21392.11182,0
5946,26206.04,42589.16,0,18335.29,0
5947,57927.62891,39140.27148,10613.2583,36039.125,0
5948,19519.19,42084.51,0,18242.02,8257.043
5949,18384.38208,57197.75391,10239.00146,12397.98706,9206.672852
5950,39576.59,59500.03,11519.76,26779.05,18932.91
5951,0,15973.6,0,8463.451,6184.514
5952,61812.24,58132.52,8020.787,58674.28,14294.85
5953,89519.46,58353.18,9702.358,64272.49,13833.46
5954,45181.17,38868.94,0,34461.55,0
5955,65541.15,55235.25,7768.414,69375.66,11259.94
5956,25373.25,37524.02,8688.245,22423.73,8437.141
5957,80643.56,23549.32,0,71568.3,12292.03
5958,36775.15,46763.52,6671.03,19736.17,10029.84
5959,28767.31,37039.1,0,32494,9409.54
5960,41454.40625,29229.19238,0,23919.55957,0
5961,25825.74,40144.01,8451.069,40455.06,8639.31
5962,27114.12158,39346.30762,0,32652.74902,8312.567871
5963,43043.19629,60154.2832,11567.30591,27565.31934,0
5964,18564.54,20631.69,0,8435.617,7324.634
5965,34996.15527,52281.09082,8435.965332,19670.56836,10596.20093
5966,34828.17,53842.54,0,17301.49,0
5967,37704.59,65300.45,6849.541,41513.2,21607.18
5968,21485.7,21136.21,0,9954.369,8163.157
5969,10390.19,22231.52,8798.925,15519.68,8522.519
5970,40165.01,42644.48,0,22300.99,7380.413
5971,44460.57,51267.64,11128.22,34874.79,9932.078
5972,30590.3,38404.19,8101.719,12694.04,7257.383
5973,35463.7,56159.21,11249.63,27200.68,13523.32
5974,65418.17,37063.45,0,61199.1,14212.97
5975,60954.55,49253.45,8379.329,38022.89,9342.679
5976,33026.78,35869.59,2289.127,18154.95,8033.252
5977,40658.16699,58540.375,10445.77026,16722.48096,13488.65381
5978,28086.15,39102.98,0,26575.89,0
5979,22415.5,32377.94,0,31432.63,0
5980,52150.17,40186.41,0,26330.25,10985.96
5981,29213.71826,59977.43945,10861.8479,17328.10449,8566.446289
5982,34009.48193,61250.19336,9624.449951,18690.40869,8873.57666
5983,16653.93,29703.54,5765.963,19026.16,7630.142
5984,36725.14,50015.78,10027.37,20407.22,9213.275
5985,23484.29,33967.73,0,63605.64,10254.12
5986,23754.65723,60364.13086,15044.61133,13159.96143,15432.31152
5987,26955.76,36889.08,11731.42,45039.91,14519.9
5988,28316.94,31768.55,0,21826.01,7214.589
5989,7362.71,7911.199,0,0,0
5990,50626.82,23765.16,0,49022.47,0
5991,35469.18,35101.93,5284.586,26619.58,18648.23
5992,54308.14,38713.38,5734.979,47015.76,5485.148
5993,9302.589,13321.05,0,18720.61,6339.186
5994,30199.62,42715.41,9633.109,26716.87,9969.331
5995,33594.21,49878.06,0,32322.86,17944.45
5996,28140.47,36667.57,0,22135.42,13811.07
5997,44437.85,51083.17,10037.91,27476.24,7985.002
5998,6206.104,11783.38,0,6083.815,4991.683
5999,19415.47,28625.14,0,25532.4,12571.93
6000,48443.36,26749.42,0,48359.77,17589.47
6001,27025.1377,43459.11816,0,24512.09521,0
6002,67168.4,49011.21,7023.831,59300,21021.26
6003,32766.5,35453.68,0,30149.62,5037.637
6004,0,13931.39,0,15449.6,6687.313
6005,29808.73,34749.27,0,26762.71,8872.897
6006,32723.57,45813.76,5976.783,14035.92,8884.63
6007,49344.09814,57595.91797,14039.2041,28432.6167,15098.94678
6008,59228.32,59771.91,12688.08,26018.39,22634.58
6009,15582.91,27533.96,0,11380.42,5170.819
6010,62071.02,45866.61,0,58497.59,17199.51
6011,34688.59,48504.08,7098.798,19924.12,11945.81
6012,28159.43,37967.72,0,26790.9,6638.314
6013,37886.68,57724.26,10860.84,32803.51,6760.253
6014,47634.5,61608.49,7360.057,108123.9,9644.042
6015,67954.78711,52651.58984,6774.710083,38546.8877,10825.61255
6016,0,14469.13,0,7852.996,0
6017,8310.146,11309.32,0,9592.857,0
6018,42381.63,45604.24,0,98441.91,8806.947
6019,32854.64063,49754.3916,0,26582.05566,13832.12988
6020,48339.68,53285.71,11061.5,28990.83,8696.167
6021,26812.45,19621.41,0,40090.22,5947.347
6022,60740.1,43982.72,6121.031,34220.95,8720.458
6023,120303.2,65301.71,9508.926,86611.25,16709.99
6024,0,15275.8,0,7200.969,0
6025,18761.57,25495.53,0,15311.73,6323.737
6026,5997.443,8706.878,0,0,0
6027,16645.65,30304.96,0,14658.73,0
6028,26763.07,48848.69,11618.67,18447.79,6913.588
6029,46694.29,50325.21,0,54541.56,16766.56
6030,125325.3,51831.46,8391.616,88795.72,18325.8
6031,8929.546,13987.04,0,7390.504,4654.638
6032,26103.87,29235.31,0,14251.64,6747.114
6033,39392.36865,49089.875,8406.180664,18375.89551,6978.095703
6034,40529.75,48568.99,6760.68,25378.1,11894.04
6035,45530.19,32423.86,5785.597,47693.64,18000.04
6036,38011.85547,54584.48242,6965.07373,29444.67285,0
6037,0,31829.77,0,26744.94,10772.4
6038,52049.41,49121.25,0,44678.89,4903
6039,26324.92,51407.08,10648.54,25060.06,8185.585
6040,33477.8,37551.03,7624.078,14530.9,9652.472
6041,24584.24,53713.54,0,28264.34,7882.455
6042,18676.93,18662.19,0,44172.39,9351.452
6043,24089.21362,47564.66895,7952.682617,12010.52344,0
6044,40577.05,41993.33,0,38040.55,16112.5
6045,18093.85,36572.24,10620.76,20143.76,18111.87
6046,12932.11,20988.15,0,8760.846,0
6047,30299.77,48735.57,0,53551.51,5764.215
6048,32173.47,59360.73,15178.2,32358.82,10251.57
6049,77759.32031,59952.12695,9655.735107,52445.87109,13872.68115
6050,58268.04395,47504.86523,9818.675293,25172.77783,13629.05347
6051,34062.04,60529.35,7746.156,30254.86,24451.28
6052,115741.3,52811.79,4983.973,119361.3,18406.89
6053,43860.34766,58618.30664,12583.81689,29345.31738,12744.72754
6054,33450.82,35536.88,0,35267.85,17328.43
6055,35521.95,52375.2,7609.177,20917.99,17290.5
6056,6888.443,7830.859,0,0,0
6057,25533.24951,49660.04004,0,52965.73926,0
6058,67638.65,63235.72,9919.433,46602.22,21812.2
6059,36499.3,44696.96,0,33550.3,6766.023
6060,43744.06592,60720.13867,12892.86255,24387.57422,11854.70581
6061,31130.55,34198.25,0,20960.4,11253.95
6062,30127.26,45661.99,13552.08,16756.08,4885.311
6063,31643.57,37050.38,7333.641,23515.06,7207.481
6064,23725.64,44488.93,0,16356.51,4811.254
6065,87079.86,40553.36,0,68387.48,4787.714
6066,24885.84033,57336.92383,14479.79004,14811.96704,0
6067,22174.64,41696.84,0,28122.58,0
6068,8761.142,16845.34,0,11681.8,9403.988
6069,54599.56,33232.08,0,33701.41,17125.81
6070,13451.4,45467.35,10216.51,34301.3,7701.308
6071,45580.14,61364.07,9742.301,24656.84,10605.44
6072,50691.64,50606.48,10267.52,26486.53,14942.56
6073,54942.49,53564.28,10644.92,36946.17,21816.53
6074,16791.62,32797.69,0,30214.11,5512.257
6075,26510.63,59939.82,8921.272,35119.39,26351.01
6076,35405.21,40012.96,0,33755.86,13684.99
6077,72836.25,43761.3,12218.66,41115.4,8658.71
6078,26320.69531,50094.03711,15464.84277,15473.38086,0
6079,30707.32,43471.78,0,41541.06,10340.35
6080,28447.35,49014.96,9884.86,26310.05,0
6081,32184.86,42550,6303.641,52149.47,6658.904
6082,11340.4,15939.43,0,10474.41,7155.499
6083,37309.18457,47352.87012,10226.1709,22293.31348,0
6084,31217.57,42566.16,7136.512,18920.32,18504.35
6085,19718.2793,42837.3418,0,0,0
6086,76794.4,59034.7,12552.25,58549.98,14600.8
6087,8375.385,13371.41,0,9579.593,0
6088,46506.23,38916.08,8219.81,31990,18563.06
6089,35325.65,58332.35,8175.08,29517.92,13356.58
6090,18713.39,27756.77,0,16924.13,0
6091,34157.07,47928.66,7383.068,44068.53,18660.13
6092,32198.11,49496.79,0,29003.76,8330.704
6093,28698.06,47963.5,13498.21,37298.97,6682.738
6094,36225.6,29233.48,0,25978.53,7875.313
6095,20895.95,44631.6,8112.499,17273.77,4832.07
6096,120325,56627.91,9024.009,110210.6,23891.23
6097,27604.53,41134.08,10431.59,24825.01,9818.419
6098,30742.79,59818.21,9136.216,41610.71,28291.38
6099,16786.04,38460.5,0,31179.99,7130.815
6100,43559.14,42189.18,10508.03,35768.34,17964.36
6101,36925.99,55737.28,11686.98,30115.78,12797.55
6102,11212.48,16581.13,0,19171.98,0
6103,43057.54,52508.92,8125.517,28516.9,8363.932
6104,34386.83,38920.95,5740.825,24432.99,5950.97
6105,11960.77,16243.21,0,14355.3,10745.86
6106,30681.33,44247.36,5146.635,67033.33,9205.164
6107,32268.68,50675.5,0,36106.01,20813.43
6108,15162.67,30746.49,0,21569.49,14594.63
6109,12463.3,29939.84,0,13673.41,6962.114
6110,29136.67676,47451.49219,8515.395752,19219.30957,8411.763916
6111,21384.08,51141.77,0,71541.24,8950.075
6112,41503.45,54573.8,7622.313,54081.13,0
6113,57337.4,35505.08,7180.386,48798.05,7536.781
6114,27643.17,29582.72,0,30556.54,14673.73
6115,32310.23,42205.06,0,26573.55,13509.56
6116,90340.03,54669.6,6828.972,54517.07,7620.443
6117,18242.03,27048.55,0,13862.64,6736.642
6118,38280.47,28402.17,0,33070.54,16370.75
6119,30672.25,26907.89,0,47048.39,7151.938
6120,16776.96,34668.86,0,13008.49,0
6121,22911.41,40389.12,0,20826.59,14798.27
6122,26469.66,35699.89,9185.877,7549.535,5823.446
6123,22946.15,32553.37,5777.011,15490.72,12724.48
6124,27713.48,53038.66,8547.102,20153.85,8851.476
6125,69347.69,37132.15,0,43878.19,8168.53
6126,36563.95,42499.7,0,37626.68,14932.14
6127,19785.67,24676.91,0,19663.53,14462.47
6128,37171.39307,47962.875,11280.46411,16954.12891,0
6129,40208.42,62043.86,12612.7,38981.44,17159.68
6130,35105.23,48088.6,8579.001,19705.02,10080.45
6131,45798.84473,57259.8418,15353.79639,17343.82227,11319.177
6132,18566.73389,36090.80371,6177.432495,10393.54053,0
6133,28794.55,42760.03,6995.295,32718.91,14870.81
6134,88807.98,33411.02,0,99689.22,14224.55
6135,41278.58203,52204.24414,10686.45337,15193.36841,9710.506592
6136,55199.49,37138.15,14829.25,28858.8,7708.998
6137,17141.54,39034.74,0,12988.45,8843.806
6138,33173.1123,43309.89941,6260.465942,24598.02295,0
6139,33610.65,48924.95,10669.76,22262.51,17449.83
6140,39075.52,49895.73,5679.041,31800.29,14579.09
6141,16913.1,31489.12,0,13400.04,8016.359
6142,22918.46313,35661.46387,0,15198.04932,0
6143,38644.66,59879.96,5990.795,38992.82,22668.89
6144,17008.56055,50213.41113,0,27329.40723,9305.179932
6145,51073.15,56859.89,0,48577.44,13451.88
6146,126008.5,58198.39,8605.566,122629.2,9760.415
6147,44569.82,36449.59,0,35838.9,6345.672
6148,84593.53,38453.26,0,70786.06,8154.166
6149,42226.82,49186.04,0,106483.1,17319.48
6150,62759.72,62839.26,0,53643.37,12117.31
6151,5891.935,19686.24,5663.913,9463.269,8857.501
6152,41479.28857,52209.2832,11029.20679,22232.50049,0
6153,51227.57,61297.63,6840.635,27165.42,11457.6
6154,39209.30127,43509.16504,10543.87988,22618.48535,0
6155,14648.96,17977.77,7254.103,20734.62,9604.494
6156,16401.84,21295.93,6343.821,16853.69,10394.81
6157,54699.92,63442,10095.76,75149.2,10722.58
6158,27256.7,39830.73,8835.321,31794.86,6262.195
6159,14041.32,23160.55,0,14887.81,10847.58
6160,14992.89,37789.66,0,10895.74,7764.159
6161,39133.34229,57624.44727,12221.19995,24058.80762,7609.950195
6162,43669.45,64687.23,13035.56,29514.92,15747.5
6163,18138.68,36954.25,8318.171,21277.9,12157.08
6164,31511.48,39216.99,10985.96,14325.22,4932.006
6165,30883.28,56680.8,5700.152,25950.32,12445.1
6166,33059.25,61252.71,9257.641,51259.33,31614.02
6167,0,9285.72,0,30219.62,0
6168,42478.57,45577.58,0,53567.73,14811.86
6169,10055.46,8091.021,0,6409.943,0
6170,36895.50781,58750.49805,12116.29297,16124.78149,0
6171,33855.69043,58152.87695,7760.510986,14263.18945,8072.688721
6172,90519.4,58293.27,12121.49,83096.58,22726.17
6173,51818.96,50626.67,8685.911,37247.39,9547.081
6174,43998.39648,63301.2168,12682.44849,26186.67529,13010.98901
6175,8086.246,17531.52,0,26139.92,4386.03
6176,40770.96,31663.2,10594.02,40464.41,4223.161
6177,35708.91,52803.93,13792.05,45982.77,10453.79
6178,12743.25,24456.5,0,12542.38,6493.896
6179,32486.31934,62552.16992,11951.09546,10096.95752,6952.161377
6180,24756.12671,54983.17773,9557.135986,17821.96729,5646.590332
6181,14625.87,21018.33,6246.223,10945.22,7984.612
6182,24375.66,44320.16,6582.139,118496.2,17843.92
6183,29329.64,31512.89,0,21521.65,7767.054
6184,41379.49756,54575.64453,13032.26636,15231.90479,8081.438965
6185,38361.91,37873.25,6440.036,19537.04,9874.114
6186,33081.63,64311.71,14970.87,33203.57,14263.31
6187,70657.81,45768.28,7669.915,91628.56,21500.19
6188,7956.173828,15264.77881,0,0,0
6189,27717.01,47265.38,7093.64,19892.61,12829.67
6190,47729.48,58618.46,12824.5,25669.36,18753.5
6191,6533.199,17744.86,0,0,5081.652
6192,41301.78,59865.01,15872.08,34176.21,19262.72
6193,32265.6,54245.27,0,92436.32,12501.42
6194,24812.40088,64630.16602,14152.7085,13920.35986,0
6195,40387.66,64601.52,13656.67,25138.99,6112.667
6196,16404.43701,23198.34766,0,0,0
6197,29743.38,46068.66,5531.606,81639.2,13466.09
6198,31182.5,51606.37,5648.598,26613.55,25950.4
6199,31088.03223,44717.95996,0,20925.11133,7836.428711
6200,38640.56,47864.47,9276.101,29705.43,10946.21
6201,25800.63672,34432.53711,0,18167.65137,0
6202,18392.92627,34615.73047,8242.848633,9436.141113,0
6203,39654.55,59868.03,12180.77,26147.18,7742.501
6204,25891.48,31193.72,5270.437,14321.75,7891.619
6205,30557.07,60239.21,9508.438,26257.9,22309.69
6206,25754.43,51680.21,7129.35,25364.53,8410.774
6207,20609.61,20550.29,0,14145.81,7937.641
6208,30352.65,30697.46,0,25974.5,5177.085
6209,29126.35156,53680.02051,6319.268555,22434.87256,0
6210,37885.85,43996.66,0,17478.43,6931.603
6211,19243.08,58303.53,10122.25,32833.85,25773.13
6212,23089.8,35438.94,0,52172.39,8806.301
6213,19366.81885,52533.15137,14533.69849,7836.810791,8009.605957
6214,35218.82,61955.96,7238.372,19488.29,12722.01
6215,32264.45,40401.7,6781.372,32403.39,14224.87
6216,31118.29395,48098.48828,9853.466553,20266,9538.923828
6217,44958.67,59624.22,11315.3,42393.73,32400.88
6218,48427.41895,48243.34277,0,26102.38916,9610.718994
6219,47354.59,61210.17,8699.175,90341.2,23825.55
6220,37667.87,65281.93,9434.878,19063.02,10498.87
6221,89699.19,30743.11,0,74713.12,11728.16
6222,34545.32,48292.59,8380.792,17341.98,17117.51
6223,31386.75,36996.68,7068.125,27647.61,15142.83
6224,16983.39,52354.11,0,18055.06,13132.38
6225,35787.17,53800.86,6547.061,34667.05,8652.423
6226,19654.45,52180.58,12426.6,14035.61,14336.6
6227,27799.94,39673.93,0,24164.6,5164.26
6228,27032.37793,49252.3291,15856.09521,9463.086182,9646.005371
6229,34898.8,64556.9,12430.73,38013.21,18627.1
6230,39765.3501,53549.18945,12632.73389,22866.81689,8793.732422
6231,19150.448,53691.97754,14423.1084,16312.48047,0
6232,56696.13,59228.98,12086.46,65290.9,21977.33
6233,28353.86,45736.53,6825.874,30110.67,15043.98
6234,42242.79,63418.1,11932.32,30769.04,15623.87
6235,179789.7,47579.18,9872.578,110632.3,15562.94
6236,38087.21729,53251.92969,11508.29712,30476.94434,7001.070313
6237,35468.87,56949.67,12216.01,22840.04,7373.288
6238,39246.30273,53213.08594,0,31953.4834,0
6239,44837.26,64778.52,7891.232,32530.69,14444.91
6240,25270.19,30104.07,0,27520.35,12671.53
6241,41221.08105,42810.38672,7715.221436,15751.31763,8725.699707
6242,54619.82,13577.44,0,53090.35,6501.724
6243,17846.08,32086.48,5863.651,11524.43,0
6244,93815.68,62181.1,10183.1,71148.68,16771.87
6245,28943.76,60145.04,8038.073,26773.87,16666.99
6246,21990.6,33862.96,0,36726.37,8484.21
6247,72814.34,50011.97,6842.59,46781.81,12082.09
6248,117693.8848,53025.31055,0,68405.5293,17223.5249
6249,36698.74,59681.32,9565.191,31858.18,15151.92
6250,30371.48,38582.71,0,28035.69,14297.97
6251,43879.89,52954.61,6142.012,21019.48,11112.41
6252,82149.67,45645.17,6803.051,91888.05,18230.74
6253,34424.37,50961.65,0,29832.01,13245.05
6254,43452.75,40463.84,5171.469,40762.07,16064.48
6255,24474.14,36745.9,0,25078.57,11676.17
6256,39478.46,47639.72,13249.37,29058.34,11489.78
6257,34882.74,38652.53,6907.701,23304.17,14059.12
6258,23367.78,15422.01,0,22920.38,4898.175
6259,75256.15,44518.37,7448.281,44559.45,8067.516
6260,54861.56,43085.02,6934.656,46353.41,12525.31
6261,30535.48,31382.85,9034.488,30180.32,0
6262,62432.31,46106.93,8969.928,52346.97,11274.33
6263,8340.158,13531.93,0,6953.83,0
6264,17852.01,16677.9,0,11295.31,0
6265,29411.19873,35600.70117,8926.062744,18539.55664,7147.021606
6266,33622.75684,59209.49414,6873.734863,33721.82324,0
6267,38420.56,50111.82,11089.12,30289.62,9598.121
6268,27688.32031,56086.94727,7241.212158,18098.83008,0
6269,43864.39,58299.92,10843.03,28325.61,10323.59
6270,32925.05,38245.51,0,25163.21,5531.145
6271,21505.22217,39923.3877,0,12765.85083,0
6272,35026.34,37393.6,8824.463,30685.35,9386.556
6273,13034.96,41950.48,0,11947.17,7116.618
6274,21581.6,15917.72,0,22513.71,0
6275,32483.81,50835.64,6184.842,22218.15,0
6276,23782.48,43384.2,0,19557.78,7419.028
6277,26440.35,47371.98,12339.48,32538.13,23052.65
6278,34805.9541,52807.27734,0,21364.90625,11292.23462
6279,46653.4,23320.1,0,30310.61,6882.202
6280,39034.45,60331.48,9881.126,39241.2,10612.48
6281,19662.32,43243.52,0,27087.38,8068.452
6282,18440.97,27593.89,0,25415.93,8997.891
6283,29700.83203,46239.52734,10871.29834,16780.22607,8296.174316
6284,42084.1,47654.78,12706.32,39638.93,10510.84
6285,20583.25,29807.8,0,17010.27,8348.836
6286,29743.99,39596.7,8164.391,28870.69,11404.12
6287,41936.70557,54771.81934,8938.349854,19895.25293,10365.92285
6288,29068.86,58575.46,10199.63,24966.84,11391.29
6289,23958.5415,39337.84277,5363.511719,17421.23389,0
6290,31533.08,46721.24,7561.953,34731.74,10050.51
6291,26944.87,37935.97,0,60124.22,5400.908
6292,28263.16,48955.4,11564.85,30478.06,10706.68
6293,17237.39,21676.05,0,13161.63,9531.059
6294,50686.5,40887.15,6034.687,43372.38,8584.328
6295,30180.39,35130.36,0,47716.57,6734.217
6296,68654.39258,44684.28223,0,21062.66699,8860.648193
6297,33957.21533,64231.57031,6543.87915,15268.20288,9955.202637
6298,46087.13,43512.47,0,45683.17,19185.81
6299,29094.02,46974.48,11211.83,29548.09,12284.62
6300,35641.92383,64199.36133,5255.900879,12907.39233,6552.68396
6301,37568.79,30451.26,6510.841,13984.41,5673.512
6302,28229.92,44662.06,11942.15,30395.7,17095.25
6303,29691.07,53320.95,11231.54,76279.51,29074.35
6304,38816.85,61492.86,17654.44,34813.7,14505.68
6305,32734.35,63214.88,14419.85,19834.88,6986.095
6306,26519.14,48824.79,0,36933.24,14357.46
6307,116003.7,48314.51,8867.636,75320.58,9796.28
6308,22279.60938,37550.61621,0,12151.77466,0
6309,32804.12,44453.02,0,16601.7,8845.586
6310,37774.72,60719.48,7711.63,27011.2,12250.9
6311,104649.1,36051.74,0,92844.81,6695.361
6312,25912.01,49611.64,10756.79,28847.6,22462.71
6313,31599.8833,50922.39844,14781.49072,30735.9126,7697.015625
6314,25660.53735,57551.50195,10862.80273,28061.8291,0
6315,31609.77,60141.55,0,68771.45,18227.11
6316,18744.15,30624.99,0,18442.81,10346.07
6317,17652.13,20451.27,0,0,0
6318,28214.44,31264.73,6765.63,23870.92,8503.856
6319,18070.35693,34978.2627,6824.23584,10396.84229,0
6320,35832.09,33708.98,13063.95,75511.91,9215.171
6321,33057.3,40010.66,8410.724,31590.4,13441.07
6322,44790.65234,49970.65332,11046.61914,15092.05518,6764.302368
6323,36563.27,63400.14,13997.63,33214.37,22411.77
6324,0,11508.67,0,0,8537.66
6325,27727.36963,50602.40332,8292.331299,19478.1333,0
6326,42021.05,52034.62,9004.77,25819.47,9308.833
6327,24699.70264,40183.61035,0,20640.81982,8744.389404
6328,46992.55,61644.26,13414.94,40704.76,22557.78
6329,10855.99,47524.67,0,15353.8,12577.49
6330,18314.7,32309.46,0,15229.23,7310.502
6331,34787.05811,45330.33496,7433.750244,14466.28735,11964.62524
6332,36848.23,62785.42,10823.34,45377.38,7586.879
6333,30221.84,32509.94,0,29403.49,12175.16
6334,34609.58496,38003.65137,8899.564941,13070.71265,7723.695068
6335,43915.99,58017.89,10846.53,32191.35,18030.64
6336,29200.82373,35674.20117,6975.327393,12250.23877,0
6337,73922.73,44051.27,9581.048,55513.24,9920.346
6338,33603.27637,61079.5918,14136.69971,18092.08447,12929.38452
6339,31225.49,55729.36,5530.142,35301.7,14722.31
6340,30069.2,43040.2,9951.095,19518.84,8190.605
6341,41770.04,55016.62,8063.925,18929.27,9554.23
6342,12703,7382.178,0,7133.139,4270.239
6343,48201.47,64775.15,13108.29,34054.68,5520.403
6344,22421.1,62056.12,6709.807,28488.6,16714.45
6345,24202.08643,34041.21973,6806.953857,21860.4541,7488.662354
6346,57095.42,48905.21,9371.729,51324.36,20192.27
6347,8166.226,12620.07,0,16755.35,6873.727
6348,30923.51855,28186.87207,13524.04639,8199.227539,0
6349,32991.13,43685.87,0,89228.54,9846.584
6350,23151.48,28764.43,0,33343.52,6675.506
6351,15809.36633,30823.0625,0,24864.47314,0
6352,30948.04,38700,0,27655.24,7919.852
6353,27769.32,42829.11,0,24139.39,7356.278
6354,152402.3,45797.97,0,125663.8,17784.95
6355,38188.59,40526.85,0,26086.26,11650.42
6356,51441.86,47688.03,6887.165,26846.18,11566.18
6357,24740.04224,52820.36035,0,42674.39844,0
6358,24815.79,35735.96,8027.242,13418.64,10407.28
6359,26610.61,23000.04,7098.588,27806.77,9405.889
6360,21369.11,44903.67,7191.915,16093.98,9098.147
6361,29201.09,50939.26,5924.006,24459.93,11297.65
6362,12168.64,21636.68,0,14798.71,7748.542
6363,34355.84,52582.04,9169.472,26025.69,8879.038
6364,31988.12,35803.58,5631.961,29897.59,6240.71
6365,29192.62,49947.6,11238.83,37239.07,10041.3
6366,21942.26074,40552.17383,5467.538574,16891.33398,0
6367,25155.34,47975.68,6912.478,27455.44,12859.99
6368,38213.46875,47989.76758,11871.18921,28535.80176,0
6369,47104.02,57621.44,12584.37,36675,10773.6
6370,16430.68,26710.77,0,15203.12,11853.29
6371,40954.02,62130.61,10939.19,32470.97,16588.16
6372,6746.683,13007.68,0,6513.835,0
6373,30561.39,26492.53,0,16591.91,8909.016
6374,40345.26,51960.36,7320.71,29257.85,6913.544
6375,15453.51,16300.85,5721.971,14692.68,6204.626
6376,7717.623,22780.37,0,21586.94,6312.739
6377,9835.679,8706.243,0,12644.32,0
6378,19878.03,25697.23,0,28167.74,9665.958
6379,17888.96,51334.82,9292.253,23188.74,6589.42
6380,15234.3,33292.2,0,23785.98,15123.9
6381,52016.87,58237.44,8160.28,29432.75,6294.096
6382,18553.79,39529.54,0,30016.86,0
6383,23024.08,26039.61,0,28829.6,9707.969
6384,80850.24,55362.89,0,39551.15,20523.18
6385,15811.89,17698.57,0,39873.23,0
6386,10648.62,8001.336,0,27368.49,0
6387,25422.62,39353.79,0,34362.43,9621.761
6388,36789.31,47301.58,13910.46,12352.68,8401.502
6389,50037.65,54936.47,14189.25,32168.73,13143.42
6390,36397.56,52431.56,0,30191.34,9997.751
6391,9754.88,6630.96,6143.831,11942.04,4582.45
6392,25868.36,36600.81,0,30788.51,12470.23
6393,9709.26,13481.06,0,26423.19,0
6394,32011.18,50664.02,8269.026,29839.97,17949.57
6395,15318.12,26702.76,6630.974,26164.02,5182.432
6396,19552.18,30348.52,0,19265.08,7880.026
6397,55618.73,34691.12,0,35829.15,12312.64
6398,26786.08911,45369.91504,11726.52979,45224.76465,6166.429565
6399,39020.97,56047.66,8848.052,14607.25,8667.921
6400,33149.27,41530.6,0,23906.14,7007.219
6401,29562.57,46626.09,11347.39,19839.66,21647.5
6402,31101.14258,49006.20703,5735.515381,33673.05078,10652.82959
6403,34519.13184,61324.73438,15318.20508,17264.72314,9751.927979
6404,39998.79,42711.93,5514.203,31359.15,8283.732
6405,52333.52,48297.93,9013.106,36135.66,14899.45
6406,18744.66748,29957.40723,0,11702.81787,0
6407,26106.47,41941.68,15308.03,23983.51,7248.032
6408,26620.36,52757.37,0,16667.3,14567.05
6409,33212.38,44009.19,8563.003,25212.02,9672.851
6410,30535.89,41255.66,7628.563,23346.74,16346.6
6411,24330.66,26047.27,0,14620.08,10961.23
6412,22628.98,30209.52,0,19076.63,5126.083
6413,36736.34,60010.96,8210.077,28708.77,25870.6
6414,24258.55,32066.95,0,26284.36,0
6415,34865.71,44222.34,0,89105.98,16607.3
6416,43130.0249,61673.61328,15466.04736,23385.05469,15279.69434
6417,56831.92,41369.17,12102.26,49588.27,18024.33
6418,36748.85938,65081.2207,11199.01147,23688.44531,7594.391479
6419,33899.34,65223.72,11260.74,43871.92,24083.98
6420,38831.14,47501.36,9843.827,29819.57,0
6421,25061.56,20060.55,0,15067.61,7453.995
6422,27578.44,36235.9,0,18244.35,6147.828
6423,22837.86,45851.78,6454.105,22428.31,14000.53
6424,0,28063.1,6738.022,8667.951,11190.67
6425,30547.03,39516.73,8060.213,14606.9,8404.639
6426,55573.18,53325.03,12994.04,27968.14,19422.63
6427,6852.409,16315.22,0,6352.245,0
6428,15207.97778,35579.09277,6607.381226,12184.94482,0
6429,54917.27,65028.61,6846.414,93683.33,8316.626
6430,30399.86,49752.26,11131.81,20272.24,10574.15
6431,32397.22,49986.38,0,25691.52,7843.582
6432,39250.56641,59740.49023,12482.94238,22561.26416,7335.782715
6433,23452.06616,42719.99121,6507.011963,17847.24023,10256.50977
6434,39930.18,48918.78,0,18457.68,8874.787
6435,47260.55,55263.67,14376.54,37098.94,16628.38
6436,37744.74,61077.13,8774.618,52869.62,18828.34
6437,30485.18,36002.4,0,31695.03,11956.46
6438,5952.955,11375.28,0,0,0
6439,31155.98,51156.2,0,25386.95,14926.41
6440,43592.75,60367.49,13025.23,42741.15,9376.349
6441,37837.85,60899.72,8314.051,25611.09,16798.96
6442,36244.39,53018.75,0,21022.03,11100.16
6443,61904.45,55140.53,9313.597,45564.48,18131.64
6444,16616.75,25863.02,0,13603.68,0
6445,27518.26,49583.58,11196.15,31001.46,25120.27
6446,18924.16,27115.63,0,8268.722,11694.1
6447,20517.89,32858.55,7766.584,51001.15,4909.8
6448,25337.46,35774.58,7086.645,22384.54,5531.182
6449,37842.21,41521.43,6762.801,52001.36,25575.82
6450,23093.81,53004.69,11764.97,30761.73,16974.2
6451,33224.09277,64381.66406,12642.22314,12969.63428,6588.278931
6452,43847.63,44653.43,13762.59,32149.32,10688.25
6453,12130.85,13993.16,0,15383.79,5731.113
6454,15668.56,31161.38,6312.73,16021.77,10009.34
6455,31165.56,47125.37,6051.301,21577.01,21886.98
6456,49944.93,59758.17,9236.49,31488.8,17754.41
6457,15191.61,29406.47,6172.758,10960.69,0
6458,0,6886.93,0,0,5407.34
6459,22311.19946,35350.74219,7789.481201,12711.1543,0
6460,28382.11,11948.53,0,19974.1,5325.706
6461,16742.71,28244.03,0,12736.81,0
6462,39976.06299,60427.19531,13727.65503,30353.74609,10305.1687
6463,36489.39697,59253.95898,12129.71509,15364.46704,10397.07129
6464,37461.76,39667.38,0,17172.51,4366.881
6465,27431.51904,14564.43945,5710.627197,0,0
6466,28054.75,24027.99,0,10075.87,6512.141
6467,86528.56,62940.51,14967.02,82932.22,12522.84
6468,29988.36,38797.09,9001.841,60242.43,6839.12
6469,16232.38306,37245.88965,6572.859497,0,0
6470,36530.76,42934.57,8258.834,22803.91,21771.1
6471,35275.28,47639.31,10394.56,27001.16,22606.02
6472,29901.86035,49215.47363,11416.5542,14112.59546,0
6473,47345.5,51437.43,13307.88,16330.43,5769.132
6474,30458.92,54438.8,7887.72,38938.68,23392
6475,15611.16,16722.84,5210.132,0,5373.628
6476,42682.32,55940.99,10171.54,37357.87,6459.249
6477,32070.67773,65088.74805,7007.010498,24548.92871,13899.70947
6478,40686.03,52693.5,8416.187,23211.17,11186.88
6479,28669.80176,52613.79199,14297.41211,34964.88965,8209.368164
6480,41738.7,44002.55,13657.11,29454.09,19575.45
6481,14696.44,15580.49,0,7556.435,7500.862
6482,43973.33984,47318.48633,11146.26953,17162.21143,9772.10083
6483,59630.29,62465.95,5163.129,36479.46,15673.25
6484,10036.15,27897.81,0,0,6900.678
6485,68343,36623.41,0,63330.78,11697.25
6486,28446.16,40378.96,9303.098,14620.43,9788.754
6487,36198.28,45536.47,9033.14,31696.62,9078.736
6488,28796.59,48468.6,0,43789.24,7937.911
6489,47331.99,45702.93,6264.981,67933.32,5355.221
6490,0,30847.45,0,13559.32,17472.17
6491,17902.33691,23712.04297,0,12645.30884,8718.400635
6492,33027.19,60441.1,10663.86,19124.48,9029.526
6493,34751.06,52391.29,7334.665,27507.63,17908.3
6494,22812.53,38107.42,0,16650.65,13202.24
6495,41759.12402,54402.21973,10731.65186,20869.20898,13320.53809
6496,17828.09,36440.28,7067.527,14949.51,10205.19
6497,11549.47,8868.206,0,0,0
6498,7898.214,24028.1,4859.438,14975.84,5324.514
6499,52117.77,62205.49,7592.309,58160.97,12789.94
6500,10904.49,13136.38,0,8135.531,0
6501,108036.4,55526.2,0,91910.24,16024.86
6502,21987.97192,48386.75586,7495.093262,14955.72949,9668.051758
6503,28325.27,27972.2,0,19785.41,8162.73
6504,22045.56,31419.51,7083.083,18784.31,7604.711
6505,35742.38,52317.52,0,26811.28,23641.62
6506,27268.94,25658.03,8532.059,29581.53,5621.515
6507,22195.23,26701.42,7602.941,14279.94,0
6508,34689.27,39928.28,10786.7,20369.58,8255.918
6509,38044.1,44198.23,5824.562,26744.25,6794.694
6510,32801.81,45502.85,0,43451.85,19808.35
6511,69323.65,43899.45,8390.939,42032.99,7143.468
6512,10785.26,21346.22,0,9598.972,9898.362
6513,27862.89,41635.12,0,53301.8,8742.07
6514,25009.52,28932.82,0,29048.95,18265.03
6515,29827.63,55543.57,14146.9,19530.75,9788.207
6516,15477.84,16104.88,0,8617.358,0
6517,24186.52002,43202.2041,5784.381348,15757.79346,9192.698486
6518,38824.69873,62373.30078,13723.60059,25392.39111,13293.73877
6519,24965.86,42348.58,7040.844,21768.57,9333.641
6520,0,6853.836,0,7335.116,8269.825
6521,43387.42529,47061.33887,8926.40918,19371.66064,11594.63257
6522,48163.23,20028.38,0,44125.72,6817.719
6523,25268.552,37539.88477,8342.570557,20705.57471,0
6524,27347.29,51053.83,9866.044,25163.75,15254.42
6525,14267.32,19278.26,0,47010.51,6574.69
6526,26657.83252,34572.36914,0,18349.98877,0
6527,34475.58301,50492.64453,7617.839111,14208.52197,0
6528,18152.37,24415.41,8050.433,9306.076,4604.909
6529,26268.77686,32574.53223,6258.754028,11090.41089,7262.144043
6530,38013.13,48803.14,6095.505,34855.12,10848.52
6531,11659.35,21520.02,6869.756,0,8814.211
6532,29931.96,39677.75,0,16790.52,11479.01
6533,34565.19043,61481.51563,12804.09082,37227.36719,7332.784424
6534,40004.94,46699.22,0,29972.62,30684.87
6535,33465.33,55973.09,7821.982,35393.5,11501.18
6536,42220.55322,58420.62305,10877.83691,18429.5083,6897.567627
6537,17126.54,18314.3,0,0,7819.042
6538,24934.7,36167.68,9086.271,20846.99,8145.039
6539,43016.57715,50957.94824,8052.757324,41108.0127,14221.69434
6540,27654.02,31747.55,0,40100.15,16309.52
6541,16794.82,27578.8,6736.561,15904,9079.962
6542,20658.10547,31443.85742,10719.49341,13658.82764,9846.033203
6543,41056.23,37576.69,6637.755,32073.15,10893.22
6544,36529.55,61088,13278.36,31249.42,12460.72
6545,31409.09,47788.67,11368.24,10749.5,7467.249
6546,28190.76,43151.25,11739.27,24322.96,20404.17
6547,20249.43,44003.86,0,23800,20716.47
6548,23764.56,37899.84,5930.783,13850.34,7297.014
6549,0,8581.024,0,13156.89,0
6550,38306.25879,57411.14453,15438.92383,23435.93115,14190.8252
6551,41576.62256,56975.56641,12111.44897,27685.48096,0
6552,32571.61,65096.78,7775.393,74072.54,23220.55
6553,18750.91,37625.06,8671.054,14549.74,4874.803
6554,28132.46,43707.48,7390.974,24441.76,8092.892
6555,31842.77,47075.72,5386.898,29310.34,16013.46
6556,25318.82,49975.72,6149.17,25289.46,12297.69
6557,34467.25,39819.74,12971.4,27862.4,7706.902
6558,34576.75,39824.99,8529.728,70578.99,17265.37
6559,15354.78,21104.5,0,12723.91,0
6560,37336.32,55330.46,7934.047,54221.09,16834.63
6561,11959.61,28665.07,0,9358.802,9209.662
6562,32795.22,49909.37,11270.12,44808.1,17736.55
6563,39056.86,50568.81,7427.133,27828.41,9206.692
6564,29634.17,51080.03,9695.62,10078.32,7763.12
6565,18629.18,24578.57,7899.398,17985.28,11673.2
6566,17197.36,25059.47,0,10678.93,0
6567,34806.99,33926.47,9580.002,32758.46,12987.16
6568,29715.5,44672.93,9339.143,13634.09,10759.33
6569,22007.13,20179,0,12645.37,0
6570,24256.39,40692.42,8819.165,32690.77,0
6571,42084.87354,49563.56738,14171.08911,24181.93799,10225.02881
6572,22242.29,31791.08,10601.36,23873.62,11232.36
6573,38675.1,57310.1,6164.134,16804.86,5895.237
6574,21887.46,38472.55,6942.815,25279.51,4868.75
6575,33786.70215,45222.29199,0,23808.43994,0
6576,33764.46,49267.58,7313.68,36288.24,16046
6577,55925.39,45296.71,11474.91,36170.04,8761.286
6578,31637.01,45358.98,6259.089,28363.65,10429.7
6579,31458.73828,58510.17969,13973.10791,13168.89429,7570.712402
6580,29969.68,41241.19,5099.525,26477.63,10737.08
6581,17790.04,38695.45,6773.388,10405.27,8995.68
6582,18516.63721,33859.9668,6434.320557,11517.51733,0
6583,61461.88,50224.17,0,36835.76,6545.643
6584,25940.97,30512.11,7655.489,44370.78,5297.899
6585,114235.7,44605.23,0,116122.6,17466.15
6586,40560.3,52738.06,14064.12,31463.05,9203.415
6587,5422.781,7227.903,0,0,0
6588,15061.25,33431.2,0,14692.24,5068.351
6589,26219.76,50078.6,13403.65,18416.08,10022.3
6590,47344.3,64883.55,10025.25,25055.07,19390.45
6591,17249.82,25035.48,0,18333.89,17291.47
6592,43533.96,62336.8,11606.45,42153.52,15715.77
6593,21312.15,25160.25,6748.482,17468.03,15407.43
6594,29376.53,44539.56,0,30661.51,5835.484
6595,27532.00537,61353.71484,13611.61377,14840.53076,0
6596,8955.172,14165.22,0,14803.69,6054.814
6597,0,22970.94,0,21677.03,6943.403
6598,38479.87,36840.36,5201.175,29747.45,6291.919
6599,24262.1626,49270.1709,9623.859619,14636.2959,0
6600,23722.73,25382.42,0,20985.4,0
6601,15147.39,28164.7,0,26698.56,6917.72
6602,35836.84,44482.96,0,22325.9,13468.45
6603,90719.15,39430.76,0,83069.2,14841.64
6604,19695.06,29069.3,0,11988.67,0
6605,147830.9,35451.79,0,138492.3,18321.43
6606,15545.76,17499.88,0,15375.81,7313.87
6607,23319.72,37063.09,6558.867,18257.66,0
6608,72979.51,50864.76,5012.614,64442.63,18035.18
6609,53430.02,9376.366,0,46798,0
6610,35375.51904,51211.10742,9527.987549,35106.36035,0
6611,34294.13,56424.47,8205.415,12592.24,8250.701
6612,22618.23,37942.91,9973.239,15768.78,8730.395
6613,38549.43,39846.6,6466.541,14645.73,18719.87
6614,11100.52,16069.72,0,10313.31,0
6615,11683.99,10283.54,0,9253.805,4961.047
6616,55205.08,19884.91,0,41914.11,9049.301
6617,23488.51,33661.22,0,18213.03,7655.557
6618,19871.59424,28877.52246,0,8457.625488,0
6619,13363.66,17555.89,4931.563,14365.99,12277.96
6620,24408.44,32645.37,0,16081.69,11477.05
6621,86828.88,48130.79,0,82032.21,18472.42
6622,59430.17,32471.01,0,54746.02,17376.2
6623,26300.5,55044.32,8900.678,25613.6,10482.02
6624,41180.92,56809.59,12388.15,27418.73,17085.4
6625,32387.16,30511.8,0,25248.56,5488.702
6626,0,12134.87,0,41366.07,0
6627,20878.7,31424.26,0,18403.76,7325.009
6628,26271.84,49636.31,0,14532.92,6011.848
6629,7751.366,11556.29,0,9940.734,0
6630,38553.01611,52965.26855,7939.57959,24971.17041,0
6631,41381.14,42782.73,10235.2,37663.73,21730.79
6632,21868.55,39249.59,6463.837,26134.59,10997.01
6633,32129.22,37617.26,0,32513.85,9021.148
6634,19684.21,19986.33,0,27484.02,7637.034
6635,32138.82,45756.7,7955.004,27057.61,18604.43
6636,35116.38,51252.21,0,28840.01,11784.8
6637,15191.11,19341.99,0,7234.157,0
6638,58666.79,50247.12,7294.806,45765.78,7692.417
6639,51909.6,23711.73,0,40880.2,9576.418
6640,27808.91,35464.22,6988.639,13199.8,4016.044
6641,21374.19,31871.59,7373.57,11208.36,0
6642,26755.73438,38228.48438,12774.21362,15769.35059,6888.222656
6643,42438.11,61712.26,6969.197,131804.3,12648.96
6644,16682.64,25890.11,0,18934.05,9821.653
6645,18149.26123,29682.125,5834.539551,11900.73853,6407.938354
6646,41511.61,55396.35,13872.93,19359.24,9966.213
6647,40880.94,13858.43,0,42161.36,0
6648,8473.189,36128.04,0,13698.75,5167.804
6649,27763.04,42885.12,0,47061.3,8263.175
6650,44778.73,47077.39,0,65357.87,0
6651,19150.30078,47966.13867,10630.02808,41697.93066,0
6652,68708.38,40353.69,6467.246,68774.85,11991.34
6653,34107.71,50444.23,5235.058,38717.81,19657.25
6654,30669.72,14637.19,0,20227.01,0
6655,39843.04,53050.87,5347.275,29918.77,9215.512
6656,59923.73,55687.64,9421.208,53574.6,27754.25
6657,48054.36963,59475.56836,14089.62866,16551.46631,11474.81641
6658,27640.24414,43483.69434,7237.873657,15953.35303,6884.517944
6659,28711.22,30915.96,0,25850.5,10267.73
6660,27107.74,47615.84,12678.17,17485.91,5981.107
6661,77537.03,21030.31,0,63934.06,8090.939
6662,14889.66,22370.53,8134.286,17611.6,5013.074
6663,26009.67383,49217.58203,15734.229,11953.0603,0
6664,14700.94,12258.56,0,12276.59,4357.07
6665,31812.61,48283.79,9746.518,12261.75,5614.123
6666,0,7828.211,0,7941.324,0
6667,30956.6,63142.85,12825.37,18251.12,12428.44
6668,17611.38,27201.94,8306.792,15424.13,15062.54
6669,33556.44,47528.66,5861.746,24649.02,5734.986
6670,25364.8,35253.54,0,36211.17,14306.29
6671,40244.9,62044.81,0,27432.21,16971
6672,41247.71,29218.6,5304.879,31357.23,13906.49
6673,21009.68,34634.87,0,15530.79,10111.78
6674,35180.52,43977.57,11637.16,24215.62,12703.39
6675,32111.33,57355.37,8959.509,24559.33,22674.71
6676,16759.3,19201.72,0,6510.507,0
6677,26489.23,49272.63,11286.43,52922.9,17319.33
6678,34340.12,59430.97,6957.389,19588.68,7017.094
6679,26129.31934,46953.05371,10015.9353,15123.65723,10547.13159
6680,32820.75,30780,8415.195,18937.09,0
6681,24806.1,36379.84,0,78215.64,5985.988
6682,23396.33,33959.72,6216.679,19266.22,11256.71
6683,37078.05,30088.9,0,33336.81,10025.43
6684,26179.85,43634.38,9609.048,22284.67,7505.125
6685,14729.73,13163.68,0,33562.85,0
6686,36283.9,42228.81,5253.757,22503.26,4026.846
6687,39258.65332,63025.08789,7628.365234,48429.1543,0
6688,23210.53,22900.41,0,13963.66,9039.287
6689,26306.68,39791.87,5756.615,38327.57,8109.614
6690,29145.06,14472,0,15977.87,8529.474
6691,132305.1,48485.69,0,126570.2,21724.36
6692,9767.31,5783.758,0,11910.08,4380.014
6693,29480.36914,32513.53906,0,16791.51367,7709.970947
6694,57459.53,47338.02,10331,38304.79,9080.522
6695,20494.53711,34755.08789,11269.39355,13064.78247,8001.267578
6696,54855.23,61063.04,10730.08,40562.53,14936.4
6697,12074.79,12235.23,0,0,0
6698,33770.57373,56101.59766,10436.00635,17384.62939,9278.218994
6699,11131.26,11323.02,0,11650.38,0
6700,42729.64,53673.18,12438.43,17652.56,16182.16
6701,27663.57,33747.82,0,16181.21,0
6702,31734.12,58658.24,0,129252.9,7460.032
6703,63315.14,17855.62,0,36640.37,9813.003
6704,47438.85,39563.88,0,62748.55,8057.594
6705,14605.36,20318.48,7275.632,19888.57,12394
6706,35115.08,52303.51,7990.536,45898.07,8201.388
6707,8088.629,15558.07,0,56421.54,6140.967
6708,46305.78076,34866.11328,12746.16797,22946.4751,8593.567383
6709,18751.21,26457.9,5203.286,30058.9,4737.052
6710,66509.7,55018.54,0,69764.57,16388.97
6711,16149.7229,44563.97754,0,6231.305298,0
6712,25229.76,32896.21,7543.163,20797.01,16680.83
6713,43125.95,43008.43,8128.248,31397.08,21952.94
6714,41900.25879,28822.85352,8328.304199,14070.59521,6186.140625
6715,23797.67,25725.91,0,17555.67,15245.29
6716,17359.61,40452.33,0,19692.9,10856.49
6717,13382.56,17678.36,0,9226.015,8799.963
6718,33202.55,47379.28,0,45100.33,0
6719,5389.348,5328.121,0,0,0
6720,52571.24,42657.85,10478.71,32545.01,16746.25
6721,28125.66,38741.58,0,10571.26,8242.181
6722,27177.8877,51582.77734,11278.44312,17297.85303,0
6723,28666.08496,57132.11719,5600.426514,11322.17041,8698.070313
6724,34562.08936,45169.98242,6427.925659,20968.83887,8186.985596
6725,23172.38,52758.63,0,19908.19,7257.483
6726,16992.1228,33515.93945,7112.792725,14062.52051,0
6727,29804.59229,50421.125,16589.99902,12614.75366,12876.96118
6728,38740.81396,38461.3584,5807.922241,28062.5293,0
6729,26313.51,65005.63,9222.22,31541.51,8491.379
6730,25369.31,62808.16,11231.51,19015.35,9721.95
6731,22063.66504,30133.70703,6592.347656,10817.08984,0
6732,68316.2793,52313.81836,10898.19287,41789.47168,13305.4165
6733,22574.05,41385.42,9244.338,12562.95,0
6734,14388.4,28967.87,0,16450.68,0
6735,31252.92041,54571.13086,7188.84021,9211.286133,0
6736,8679.362,24976.86,0,13753.78,0
6737,30642.1,48335.3,11680.79,28837.44,0
6738,18212.76,20414.07,0,15004.08,0
6739,32219.09131,51885.7627,12290.24902,24215.63184,13365.15356
6740,57380.08691,57069.89063,12942.78906,22304.98926,6055.085449
6741,31345.59961,64278.24023,15009.11914,17354.19092,0
6742,36848.98,47775.43,6838.094,20865.74,6743.844
6743,16723.87,15010.1,0,12813.16,4748.414
6744,27724.96,42398.75,6716.49,36745.63,0
6745,28604.40625,29893.02637,0,9189.314209,0
6746,28053.92,41738.44,12245.8,17194.61,0
6747,29396.05371,54011.22949,13062.13403,20222.0415,0
6748,43789.82,56076.35,0,27697.33,5663.531
6749,59707.00098,54023.44043,11354.59277,26799.14063,11870.12354
6750,42426.93,41186.47,7416.752,32963.26,21379.89
6751,62859.73,42032.86,6291.373,64660.96,22128.5
6752,22181.99,46420.65,0,20806.17,10746.95
6753,0,10127.27,0,6648.414,0
6754,17857.25,33377.28,5872.65,50781.92,5933.713
6755,42495.52,57101.77,12418.12,25355.55,9424.108
6756,60960.51,52343.54,10460.93,64686.96,9406.403
6757,42880.98,52405.73,9975.741,57121.19,13861.82
6758,41194.29,48765.62,0,31632.38,17753.97
6759,12278.3,12394.62,0,16975.8,4457.595
6760,22925.91064,31203.0957,0,13564.61816,0
6761,6832.402,8676.526,0,8059.42,6246.191
6762,19374.25,53266.82,8309.4,18418.87,11947.34
6763,24992.49,29129.02,0,19051.84,8610.528
6764,31351.2,41464.86,0,32241.83,9190.431
6765,19324.6,27544.23,0,20392.26,7994.529
6766,37078.69434,53222.3584,6251.085327,43627.9043,9047.79834
6767,9573.944,17313.94,0,21729.61,5991.697
6768,44344.0083,38410.87988,0,12857.54541,0
6769,25808.34,23024.09,0,31661.17,9699.922
6770,28630.61,38484.06,0,15356.48,4659.252
6771,0,9760.107,0,13880.35,0
6772,32780.7793,59897.27539,13913.8999,10788.2373,11744.72852
6773,23778.95117,33524.41895,8914.622559,0,5771.793823
6774,24062.46,46724.16,7722.74,18861.95,5836.634
6775,32429.49,42392.97,0,20645.33,8899.194
6776,34594.5,53565.22,0,26375.48,24313.32
6777,48910.11084,58345.16211,14905.80518,26032.1875,9585.156494
6778,54782.64,19984.56,0,50201.95,5971.615
6779,16667.54,21735.37,0,10862.38,6664.696
6780,37446.01855,65037.73828,12382.00244,21366.24609,0
6781,16736.02,24249.43,0,9114.754,8341.678
6782,46659.2,60559.5,15039.67,72442.7,8292.732
6783,5817.811,9964.762,0,7298.436,0
6784,53132.52,51111.57,17851.26,26239.13,22475.83
6785,19485.98145,61948.48242,9535.665039,13859.91333,9895.702393
6786,30307.93,31264.27,0,31497.97,14259.7
6787,0,5684.577,0,12518.08,0
6788,17551.55,15239.36,0,12561.75,0
6789,101672.9,61055.61,13932.88,55665.01,14968.73
6790,29021.31,38001.87,6059.636,27125.86,8168.03
6791,36626.02,54070.45,10793.86,19232.67,6534.289
6792,11870.73,6695.277,0,17720.28,0
6793,21804.39,30630.56,8876.765,24277.24,8807.425
6794,31747.19727,41509.53027,0,46851.49316,0
6795,37901.18,59492.2,12943.65,24751.45,17277.7
6796,14162.39,26425.82,0,19730.9,7211.622
6797,16324.26,44325.55,5839.908,29483.43,15969.22
6798,38202.53,15580.19,0,34389.33,8374.444
6799,16760.67,34860.13,9742.411,13859.85,9790.206
6800,22967.27,20425.79,0,19435.09,7886.955
6801,19064.48,29283.22,0,17507.05,11004.82
6802,24153.62,35853.01,10080.48,13714.27,0
6803,18725.34,31048.09,0,9527.319,9854.768
6804,51421.29,41589.87,12326.1,44765.52,5583.282
6805,26032.43,37890.8,5785.903,26696.79,8521.287
6806,35915.96094,54683.31152,11886.07031,10295.64063,6225.459351
6807,28603.85,42908.33,8670.323,31278.61,21548.07
6808,20889.88,28607.95,9072.43,11082.11,6710.337
6809,31539.88,54230.56,0,32957.31,21458.43
6810,35644.35,44370.78,12717.03,27262.01,17265.37
6811,28267.09326,61935.40625,0,14753.92334,0
6812,25325.86,52651.8,7287.458,23306.72,5854.963
6813,49467.03,58141.75,0,47982.13,10195.45
6814,16820.54,27415.01,0,14525.79,10104.16
6815,28936.53,36198.71,7126.754,24522.92,6341.274
6816,11100.53,14951.11,0,17177.31,8667.372
6817,30843.76,45196.37,0,65846.63,14627.26
6818,49900.92,59363.28,18857.1,23396.17,12902.12
6819,16900.06,11353.82,0,17860.6,4965.247
6820,13779.15,18730.34,0,0,0
6821,16586.27,25301.77,0,12246.98,0
6822,0,12780.05,0,0,4351.17
6823,33445.25781,50880.36816,9343.086182,18002.40479,0
6824,7249.277,15625.83,0,15115.52,0
6825,35336.13,55942.94,12360.07,22527.01,11784.52
6826,28292.33,57414.22,9306.246,19405.12,5502.653
6827,12887.46,24864.82,0,17644.11,0
6828,12723.75,31155.47,11425.41,13004.97,0
6829,27395.14453,57474.23047,8020.266357,9989.422363,8175.004639
6830,12941.2,20555.06,0,10869.04,5838.715
6831,29705.8,27218.42,0,26052.23,0
6832,0,13596.05,0,6416.249,4976.185
6833,19212.04,22931.35,0,14976.55,6509.252
6834,29274.83,31217.94,0,33879.13,0
6835,38244.39,31663.77,6323.605,30663.17,7715.322
6836,32825.55,31983.65,0,23296.23,7868.15
6837,30736.20605,35508.0166,0,0,0
6838,16812.65,36844.94,0,15416.11,0
6839,15340.78,12638.45,12059.09,10152.25,6659.93
6840,26409.15,33267.38,0,9894.435,0
6841,28369.31,35417.91,0,17494.71,8427.691
6842,33868.79,48521.08,0,45368.05,18558.36
6843,63526.38867,49992.0752,5753.648193,0,0
6844,10555.03,20516.97,0,31738.23,10155.45
6845,23691.8,29934.95,6698.731,19479.49,10535.58
6846,29060.07129,54148.62207,14705.38818,31282.60156,5467.834961
6847,40013.61,61568.51,8235.972,14584.96,9421.16
6848,20613.09,19479.14,0,26489.84,5161.449
6849,35393.57,32340.52,5827.138,27519.31,13511.65
6850,32966.12793,40004.24316,7486.447754,15297.4873,0
6851,31513.17,56143.38,11837.2,22111.87,15425.54
6852,11933.15,22828.7,0,10667.27,0
6853,37934.92627,55570.35742,14763.55127,25096.15137,9583.39917
6854,33770.66,45688.74,0,21750.11,9499.046
6855,26498.3,49166.26,6850.698,15521.18,5873.623
6856,19760.78,30882.16,5910.524,25908.97,7178.446
6857,15327.13,14191.36,0,12346.43,8979.989
6858,65555.80176,41270.39648,0,21068.16797,0
6859,40341.39,55838.92,16470.01,26979.12,15887.97
6860,8089.044,9389.822,0,0,5202.15
6861,23873.24,24572.63,7664.905,14805.6,0
6862,19373.54,38921.57,6381.045,13844.15,4552.056
6863,43104.95703,50167.47949,0,48881.3877,8687.131592
6864,30624.34,41520.48,0,22050.1,17752.18
6865,30808.08203,61559.00586,15689.13672,21748.91211,10656.2019
6866,28154.43,46846.8,6062.523,25384.07,12147.13
6867,169396,54715.49,0,164839.9,21244.92
6868,23281.34,42911.01,7575.909,48118.82,6833.504
6869,35856.17383,51037.81445,10790.77393,24246.16064,6332.589478
6870,31835.81,42660.17,6179.575,21565.15,16940.27
6871,88738.40723,55758.36719,15132.97705,52739.68945,10430.69775
6872,31452.92,48981.31,7325.559,12297.02,8271.424
6873,0,13242.01,0,0,6654.808
6874,29592.79,34493.39,9466.065,15165.57,4098.87
6875,29492.18,64855.76,9629.785,52383.37,14420.2
6876,11440.99,17446.04,6303.24,0,7823.224
6877,29272.64,47471.86,0,32003.33,7076.848
6878,23626.92,36951.79,0,18190.11,9822.803
6879,22716.48,36217.32,0,29104.63,19703.97
6880,22112.27,22031.55,6439.683,23315.75,12815.68
6881,14226.85,7508.094,0,10387.24,5432.013
6882,13036.38,24262.13,0,33300.52,4878.458
6883,39298.89697,57561.31445,0,17022.68506,9294.525879
6884,24235.54,47238.83,8696.448,15759.29,9662.17
6885,17452.62,22312.73,0,15764.16,0
6886,122995.7344,55105.59668,14147.99707,68705.62305,0
6887,46224.15,50484.43,11851.28,42721.4,6488.853
6888,40769.47,38238.07,0,12081.76,5610.761
6889,18347.62,38449.68,10050.42,22781.67,8355.863
6890,36821.87,29337.42,10309.17,19996.44,11301.09
6891,17495.14,30717.58,0,7790.177,6524.366
6892,25709.73145,41802.48145,7213.245117,29546.64453,12721.74219
6893,24236.07,29395.71,7243.386,23927.42,11637.71
6894,12466.13,27271.15,0,0,0
6895,29963.87012,35711.18848,6763.564331,19971.04932,9780.012695
6896,20022.79,55424.82,0,29960.36,9491.707
6897,21707.28,35572.69,0,23488.9,0
6898,22393.62866,28445.63477,7306.165527,13173.27637,6289.278198
6899,50722.97,55947.2,13180.85,23490.91,10115.61
6900,51599.71,31519.06,0,37514.56,8091.654
6901,24943.62,39211.99,7160.497,20500,17403.51
6902,18077.86,18556.38,0,28505.67,13378.25
6903,39319.86,59900.67,7181.229,22159.31,11940.28
6904,18309.72,19715.23,0,25845.43,11472.53
6905,47247.02,55992.84,6320.984,31717.6,5765.023
6906,11818.86,6110.601,0,0,0
6907,16754.98,27022.9,0,14604.98,8056.529
6908,24968.76,34806.15,9010.373,15729.27,8573.518
6909,33724.77,59588.49,12808.16,24275.59,7892.227
6910,15754.51,28569.75,0,11110.27,9753.579
6911,38970.06,47376.6,10115.89,22464.58,13066.04
6912,26703.59,25769.61,0,13916.55,9983.667
6913,41787.29,40968.74,13984.51,20279.04,9473.446
6914,25667.67,43357.91,7743.881,56458.15,5974.131
6915,24439.79,35637.71,0,16884.82,9726.16
6916,38690.22,50553.23,10296.87,26829.83,14113.6
6917,15962.41,15476.71,0,16106.85,0
6918,23407.08,30223.69,6799.67,25329.09,13631.08
6919,32386.81,50188.39,0,37822.47,20331.9
6920,35379.63,37526.75,8081.186,35566.75,7584.793
6921,30526.95,46374.28,0,17889.65,17224.78
6922,69702.02,47002.83,6763.03,60862.33,10274.89
6923,38527.01367,54507.41016,0,96104.69727,6715.308716
6924,33959.57,60864.71,9904.893,16309.56,15949.61
6925,22367.45,34234.13,0,16404.86,8409.288
6926,34297.06,50518.93,0,33082.19,20106.69
6927,33720.98,15687.15,0,26900.86,0
6928,27336.23,36440.87,0,37081.6,16242.4
6929,22866.29,39612.22,0,30817.07,9356.08
6930,36831.38,41987.82,0,16652.2,7684.426
6931,53769.75,31483.21,6606.615,45934.15,7341.367
6932,33756.7,37228.15,9304.525,11973.17,13015.26
6933,75225.87109,51902.26172,10523.01807,27409.51563,0
6934,20141.79,25360.76,0,12390.59,4593.541
6935,27193.39,34536.72,12146.98,15489.01,8245.43
6936,29041.82,41892.28,5858.998,18296.1,8604.547
6937,54864.73,52160.46,5732.259,26021.42,13182.84
6938,96049.91,40010.84,7950.213,108392.4,16199.67
6939,47723.23,46736.29,9859.884,27225.64,12802.91
6940,0,9641.345,0,14890.09,5015.685
6941,38547.88,58547.51,7291.738,32682.45,18533.45
6942,48029.17,62616.35,11235.3,53813.51,33182.07
6943,25217.43,29208.89,6419.855,24199.76,15578.46
6944,28783.43,14325.46,0,21586.31,0
6945,28027.87842,33967.65527,10643.53516,11489.48706,8031.237793
6946,14935.71,10932.77,0,7177.606,4233.799
6947,29915.77,39550.28,0,20641.67,9907.36
6948,85373.87,64597.39,9972.123,48705.12,13613.96
6949,34546.4,48836.47,6842.281,30150.67,16334.15
6950,21353.74,53316.13,12096.29,19591.02,10482.3
6951,52916.76,58383.91,10209.2,45710.43,16212.55
6952,14013.62,37184.11,6069.38,20927.56,13689.66
6953,40374.4,37346.15,0,27102.77,6153.813
6954,27167.55127,59812.73047,7335.378174,16120.77075,6426.554077
6955,17438.95,25347.57,6779.428,8175.159,9818.706
6956,21360.26,30927.97,8441.283,13001.5,17502.51
6957,53821.42,61651.57,0,25420.3,12908.39
6958,23558.9,42701.46,6214.12,14711.92,5844.272
6959,28364.45,17411.29,6618.933,19655.02,5427.46
6960,22940.04,37048.7,0,24739,6278.857
6961,42298.86,47208.67,6426.111,59676.04,15111.56
6962,29866.08,50939.9,8515.805,18193.82,12986.84
6963,9835.8,19600.76,0,8396.167,12050.05
6964,74128.13,42353.63,13223.39,35801.15,8523.028
6965,30429.49,42859.04,0,26762.7,23479.81
6966,15452.58057,51280.7793,8430.893799,14538.93506,0
6967,30658.27,28312.83,8139.866,18926.1,12479.87
6968,11092.14,24764.96,6107.439,11935.41,7585.9
6969,41445.29053,34845.21094,6479.515015,17501.5625,0
6970,33273.22,39046.45,0,22097.03,12756.51
6971,28463.02,33208.21,0,22650.34,5592.626
6972,31795.39014,44457.14355,11524.45605,16032.19287,8201.88501
6973,26480.65,38980.65,9160.636,31948.15,11363.98
6974,11218.12,23514.74,0,12900.14,6207.092
6975,41765.35,24305.79,0,28607.05,12063.27
6976,42449.45,55961.62,7960.019,39590.15,7036.16
6977,96123.91,59282.02,9662.539,82111.49,11648.93
6978,19177,45928.31,11042.81,34947.48,17555.25
6979,27627.35,52049.35,5873.981,39956.59,11893.88
6980,0,6479.118,0,6933.079,0
6981,26938.53,38822.66,5794.163,19645.44,12807.31
6982,38900.63,43221.99,7451.596,23468.33,8134.637
6983,32083.37,57068.49,7243.619,32673.2,11580.06
6984,29381.77,30211.61,0,16845.32,4180.393
6985,10913.67,41568.21,8954.405,13682.41,15350.74
6986,42873.35,36765.93,0,25372.19,19498.71
6987,86765.27,37099.41,7323.651,41786.76,0
6988,22480.57,30663.8,6782.169,19106.51,12312.07
6989,37679.31885,57586.66797,13873.67383,10843.34912,6347.486572
6990,43575.19,58736.76,9524.902,32373.56,20853.96
6991,19088.61,19782,0,19602.77,11569.7
6992,17007.9,35448.35,5933.758,17574.52,0
6993,22807.34,37277.74,6928.129,12282.86,8269.942
6994,31867.58,40880.09,10453.67,17756.95,4724.633
6995,6780.063,19628.71,0,10557.29,9065.102
6996,18008.85,32519.74,0,20879.33,5225.748
6997,40376.46,62396.5,9842.99,42163.2,23084.45
6998,21982.64355,47045.92773,8736.868896,11667.84546,6939.22937
6999,22496.71484,45382.46777,12025.34717,14809.37402,8374.536865
7000,19196.78,20492.41,0,20785.38,0
7001,19214.01,21971.87,7064.993,12851.19,9197.199
7002,22808.68,32991.31,0,36443.02,7267.806
7003,24915.73,42884.09,0,28298.8,11232.91
7004,37797.55,60592.88,10747.13,38410.09,16115.44
7005,22346.38,46390.4,6401.459,26465.65,18994.91
7006,46697.42,46546.86,5614.101,34696.77,10804.08
7007,40110.72,55229.42,10738.58,49760.13,8327.356
7008,38602.5,40730.98,5774.981,50840.02,5823.845
7009,43218.66,61625.46,12202.5,31469.22,15682.96
7010,22197.02,20070.94,0,18325.48,8753.435
7011,14492.43,5170.844,0,8976.436,4116.861
7012,27506.17,36605.27,8139.699,28872.18,14798.74
7013,22150.64,35221.1,6423.785,37022.31,11682.17
7014,108877.1,48347.84,9064.21,70073.88,8105.94
7015,19488.85,20284.09,0,19546.88,5979.491
7016,57038.07,29246.64,6876.436,50323.53,0
7017,32827.85,31667.7,6486.319,22677.8,18595.55
7018,25990.93,33939.29,0,17365.87,7309.51
7019,22958.97,41122.93,0,23803.52,12520.55
7020,23043.77,49199.76,0,11897.98,4963.206
7021,16654.51,22297.52,0,16992.45,0
7022,58608.91699,51808.33301,10673.17236,24464.00684,8739.557129
7023,15555.78,28435.57,0,13101.4,10525.66
7024,19800.7,17138.28,6832.182,16807.12,9498.619
7025,42259.25098,48557.17676,11873.19507,17978.78467,9878.94751
7026,31228.79,59527.72,12234.62,28593,23982.49
7027,27846.05,45898.49,0,25005.45,7874.652
7028,35455.96,55923.33,10849.79,21328.83,0
7029,30213.14697,61592.43359,14789.69287,19641.75586,12819.45435
7030,13014.57,18127.67,0,17399.04,4974.723
7031,18936.05,28142.9,6636.18,14543.53,6445.144
7032,26336.9,38996.15,9670.582,17744.42,9377.327
7033,45753.85,54779.39,11549.03,27210.03,11457.1
7034,13746.26318,19894.91016,0,9311.713867,0
7035,48119.3,60758.81,9163.312,33841.67,11485.77
7036,67387.3291,62435.54297,12200.7002,20210.98438,15768.04785
7037,26486.69385,48438.18262,6297.71582,36565.88574,0
7038,89370.94,53208.2,0,52830.2,11598.23
7039,12923.49,26612.85,0,45823.8,0
7040,24021.19,38498.54,0,19949.01,6613.842
7041,41597.9,29073.89,5054.15,33346.42,0
7042,47119.18,49036.76,9304.543,30069.5,20176.18
7043,30226.03,29940.24,7597.753,45718.93,7169.164
7044,23128.83,59757.93,0,25894.49,22758.56
7045,47701.94,61412.19,16036.02,19037.89,6081.347
7046,17922.38,22626.19,0,12696.6,5860.796
7047,18479.66699,38727.34766,0,14175.51953,0
7048,34106.85254,24992.94971,0,24574.51758,0
7049,31872.21,31546.6,7126.754,20900.64,10601.26
7050,22560.52,28142.76,0,21714.12,8743.142
7051,30503.71,55278.75,8251.046,30932.55,16280.68
7052,18260.44,52851.9,5938.705,13407.85,9206.504
7053,13863.98,23025.98,0,13643.11,10375.49
7054,21403.93,12490.27,0,0,0
7055,66901.7,47641.49,9812.246,54055.88,23460.03
7056,26080.01123,51695.21387,14203.3064,13576.91675,7953.989746
7057,40017.09,39992.12,6646.645,28537.23,20737.33
7058,33554.7,52921.45,8315.987,18939.52,8791.615
7059,38389.78418,59896.9375,12988.00488,22178.44043,0
7060,21641.42,37108.33,0,28287.02,4222.773
7061,32022.97,62597.61,10669.87,26723.95,9521.384
7062,22255.21,22722.25,0,25074.12,7534.986
7063,50498.87,65018.44,14685.94,42501.08,21273.39
7064,6105.311,8537.933,0,21305.66,0
7065,35216.34,46568.89,6822.456,26643.88,8318.562
7066,30040.88,56275.98,8340.826,37775.86,8008.4
7067,9366.567,11376.27,0,0,0
7068,13996.67676,23082.83691,6235.842285,7891.757324,7418.626221
7069,29300.48,28333.56,0,21889.04,4321.731
7070,9997.725,18972.85,0,10613.21,5228.822
7071,16846.61,25432.43,0,21529.86,10842.14
7072,48043.32,54746.36,0,31962.09,25077.7
7073,26241.24,35378.06,6840.063,17266.55,8550.255
7074,30960.50439,48468.74023,0,28006.44922,0
7075,17532.09,18910.7,0,16478.52,4251.979
7076,20958.55,26847.64,0,53404.71,8042.66
7077,17511.51563,37027.47266,9486.522461,0,0
7078,32014.11963,45928.35645,15614.97852,17389.34473,7308.37439
7079,14659.35,31725.6,0,23522.5,10547.49
7080,53956.68,55231.8,14780.03,49408.88,12955.2
7081,28637,28358.93,0,30489.28,7176.346
7082,32112.16,45633.02,9096.121,26115.37,23122
7083,10324.96,18908.01,0,65557.95,0
7084,36409.09,59301.78,10336.45,25112.7,14236.71
7085,0,13243.51,0,10150.1,0
7086,34750.29,39080.38,6177.501,31313.13,15495.17
7087,42718.83545,61755.5332,11745.9375,65740.3125,0
7088,26470.87,41624.36,6678.093,30862.79,17744.46
7089,25161.67,45339.78,0,27690.42,12330.63
7090,27992.92,47402.96,0,18033.7,10256.99
7091,24397.2876,37396.3291,6549.102905,15026.7085,8825.746582
7092,29586.89,39093.61,8653.191,23233.55,10584.78
7093,7443.842,6881.119,0,0,0
7094,18243.11,37700.13,0,34899.91,16127.54
7095,10659.38,48620.38,6676.781,16731.12,7478.583
7096,7463.863,14460.68,0,9629.484,8939.11
7097,16580.48,18917.44,0,19652.25,0
7098,148212.4,61523.52,0,117333.8,15562.86
7099,20362.92,40406.08,8809.746,14642.76,8559.144
7100,82194.63,38350.52,0,54918.59,9054.116
7101,52860.67,62806.2,5869.333,27851.95,21780.64
7102,16533.6,20810.21,0,15545.26,7564.006
7103,15781.36,26073.07,0,6776.366,9466.441
7104,29725.83,28431.25,0,39191.96,11319.72
7105,34240.08,31826.52,6426.332,40199.62,7844.084
7106,45568.57,47194.03,0,39571.31,7507.045
7107,46447.48,53574.58,10188.44,12839.18,12695.69
7108,31392.8,46467.96,9056.148,18618.99,13468.12
7109,18122.89233,22327.85107,0,7231.6521,7375.58667
7110,26204.54,27166.45,0,24113.79,16456.63
7111,29213.89,42018.78,6664.476,41164.84,8357.729
7112,11349.22,21197.09,0,12395.94,9511.894
7113,11362.68,30998.56,6962.962,9887.698,5639.49
7114,8457.188,9207.206,0,6491.618,0
7115,29196.75,49060.82,7521.361,18548.38,9373.783
7116,38108.23,51634.38,11825.09,42064.7,22334.27
7117,6232.183,15944.99,0,11703.38,4681.202
7118,26792.36,39677.59,0,18230.62,10605.2
7119,40493.59424,47732.48828,8068.329102,49803.2334,0
7120,21762.33,25379.92,0,18418.08,9945.013
7121,20798.14,35819.9,0,29171.51,12290.93
7122,17880.11304,20959.58447,0,0,0
7123,36524.99,64378.98,10412.89,17191.25,10017.6
7124,45129.14,27241.43,0,23190.08,0
7125,12693.73,8994.711,0,13498.11,0
7126,7631.496,12939.69,0,0,0
7127,25234.88867,34518.60449,6908.725342,12300.06738,0
7128,43505.04,27907.78,0,29552.5,6189.909
7129,30937.21,44297.71,0,20519.63,12708.89
7130,32978.82,51264,7742.879,40796.63,26094.33
7131,60085.68457,60528.04492,14206.61182,39418.31934,16938.479
7132,40880.59,61677.47,14969.43,35964.23,7459.622
7133,66979.75,42531.82,11676.43,33830.93,13073.17
7134,34786.12,42822.79,7071.572,26295.96,11668.71
7135,33289.87939,62838.77344,7933.17041,52215.61035,0
7136,43150.41,29306.42,0,37111.26,7799.837
7137,18850.71,30845.73,0,19603.84,5759.108
7138,71253.78,41486.51,0,64286.73,12077.98
7139,52313.65,35705.9,5661.96,25602.13,7082.814
7140,18185.95,24193.98,0,17355.87,13334.85
7141,23244.46,33990.12,0,14335.01,10755.15
7142,37017.3,14888.99,0,30593.98,5033.627
7143,71600.45,33724.44,12747.4,40511.94,11197.88
7144,26025.61816,59927.03516,9379.522705,62186.85547,7906.363525
7145,22709.63,28412.84,6559.028,13376.02,0
7146,22762.53,52594.5,9219.295,22605.89,17342.87
7147,25894.01,38318.6,7917.664,19242.87,13311.1
7148,29260,22142.18,6456.091,19188.3,0
7149,49812.45,56437.97,0,30928.05,14268.71
7150,36578.29,62198.6,0,19707.74,7743.455
7151,27708.58,43209.26,6606.838,21980.72,4643.067
7152,29331.59717,38363.94531,10518.60669,15466.44531,13320.75
7153,37180.55,63021.61,16279.27,24006.37,12291.2
7154,14832.17,36872.62,0,20815.86,0
7155,25668.78,57019.4,10446.59,34214.19,17732.2
7156,21941.15,29300.04,0,21048.93,14954.25
7157,40747.81,47788.52,7737.24,24498.82,10270.45
7158,19761.50146,51221.8916,9586.434814,13837.37573,0
7159,25362.37,30559.95,6424.075,20173.49,6068.26
7160,33819.3,46218.59,0,34462.87,10870.88
7161,70668.98,25297.51,0,56118.75,15532.44
7162,51618.68457,53646.06934,9157.775635,13858.23169,12289.90991
7163,26372.59,42830.46,10527.17,29617.4,9152.56
7164,82662.73,35550.65,0,64994.37,18728.19
7165,26190.18,30346.13,11792.69,14357.32,10432.26
7166,24224.84692,33363.89551,5794.053833,15237.93115,0
7167,59045.12,52826,13068.18,34840.4,19614.74
7168,30208.5,45351.38,7419.399,29548.21,10162.73
7169,24690.48,35030.51,0,33756.06,0
7170,17079.01,22134.11,0,13666.38,5987.44
7171,15668.39,32656.64,0,21690.87,11858.22
7172,9824.475,19919.79,0,23515.62,0
7173,18643.24,22213.09,0,16103.05,0
7174,24393,41518.15,11793.21,29472.51,8832.365
7175,36231.27,40936.31,12829.01,20171.02,0
7176,50041.91,29805.67,0,47756.89,4920.458
7177,24445.88,21083.72,0,18807.48,0
7178,0,15634.13,0,0,6474.826
7179,36618.9834,45463.52539,6681.178101,32257.06348,8833.070801
7180,29108.54,21917.75,0,17431.97,0
7181,24159.89795,48115.02051,6798.604492,10176.23608,8404.065918
7182,50133.38,54776.16,16643.73,36459.52,17351.6
7183,25309.41,33496.44,0,23172.77,10981.28
7184,45000.82617,57949.71484,11756.52954,21018.3252,0
7185,47899.71,35043.42,6954.26,35694.04,14070
7186,28509.74,35255.49,7667.22,9701.464,5760.558
7187,14673.82,37787.34,9613.664,12349.33,12269.85
7188,19633.86,40658.36,0,18369.73,8191.001
7189,37602.62,54573.2,0,37038.42,13961.59
7190,17912.82,19766.78,7056.487,17517.22,4794.59
7191,17402.91,28356.58,8379.583,16409.23,9163.903
7192,10808.98,21895.34,8344.229,21130.88,6517.534
7193,50358.92,39110.83,6224.412,17863.91,5656.141
7194,26578.28,25539.55,0,22567.98,5522.263
7195,42474.03,35629.08,9163.803,48630.6,12718.93
7196,48196.33,36816.43,0,27673.11,14483.42
7197,42930.49,34746,7315.234,32763.58,6033.107
7198,52054,37743.06,5405.32,45457.51,9512.724
7199,18536.45,14196.73,0,11578.14,6615.222
7200,39903.27,45173.4,0,42794.21,19157.44
7201,25724.38,31352.38,11347.16,15749.99,5027.351
7202,30664.96,49568.15,8300.586,27660.92,21514.05
7203,26007.67,27824.86,0,17683.26,0
7204,0,19238.92,0,8636.689,8455.145
7205,12605.81,30243.27,0,15104.06,9552.483
7206,91636.76,43253.77,5533.754,104141.8,12670.86
7207,27285.9,46407.77,0,30996.83,9661.643
7208,21029.02,31969.35,9466.431,12033.02,5743.252
7209,40796.98,53705.9,10076.52,30128.44,6543.183
7210,31993.72,53003.7,13769.37,24537.13,14328.77
7211,22824.99854,27540.34521,7646.94043,0,0
7212,37649.61,51690.22,0,22188.84,20449.85
7213,6175.233,7185.411,0,6807.679,0
7214,15074.4436,44217.09277,8987.021729,36582.14941,0
7215,10860,16812.28,0,15019.98,0
7216,41596.57715,31850.04102,6411.656738,24924.31396,0
7217,34843.16,45883.06,0,18578.3,9334.679
7218,29497.20215,60765.7793,5809.033325,16152.23096,0
7219,25721.8,46435.89,12504.35,22109.26,6372.8
7220,17667.24,21758.34,7052.472,14543.27,0
7221,35432.76,58451.24,7711.416,82584.72,8716.332
7222,66410.6,28624.54,0,60090.6,11770.5
7223,19590.28833,38025.7666,8293.473877,13402.6167,10698.55078
7224,27167.51416,42490.56738,14347.60864,0,0
7225,22848.4,23168.13,0,9075.336,4739.541
7226,80718.96,22243.02,0,64340.99,4262.302
7227,45365.20215,56124.80664,6292.872437,15596.2085,14023.01318
7228,43337.29,20611.33,0,10393.65,5955.111
7229,14002.86,14772.94,0,0,5116.46
7230,18626,24145.6,6390.509,8453.932,4094.775
7231,33536.84,34389.44,0,16457.2,5340.427
7232,37208.53564,59167.45117,12383.54053,20465.6709,9463.859375
7233,49841.51172,64866.92773,19727.20654,16715.9624,9978.929443
7234,7996.993,22037.47,0,6292.21,6920.237
7235,24762.27661,21813.42773,0,14988.76758,0
7236,32327.8,46636.66,7032.66,36481.65,22860.49
7237,51674.74,65265.62,15591.62,31730.34,14959.16
7238,22383.5,19611.42,0,20184.18,0
7239,32801.41895,32089.22168,0,21447.96973,15521.10498
7240,34266.15,47610.26,10606.89,17161.94,21475.32
7241,31908.91,55238.1,0,20667.28,12715.43
7242,16074.64,16763.36,0,40489.95,16377.42
7243,18074.72,22004.24,0,10608.25,0
7244,14586.96,23970.95,0,21686.67,9300.34
7245,41805.88,32442.29,6340.051,36338.65,10475.5
7246,26426.88,37026.01,5687.98,22470.86,0
7247,40410.42383,40893.36523,6310.1875,26806.50537,11332.14526
7248,25863.62,34035.56,10275.23,13909.96,4899.177
7249,64744.09,50368.03,7796.161,39388.64,9419.74
7250,28051.95,38734.29,0,18522.43,8801.325
7251,28327.99,40531.04,5671.543,17287.76,13245.44
7252,25566.67,48711.99,7094.92,34294.22,22644.45
7253,8364.077,8170.081,0,13888.9,0
7254,25597.06543,37905.18262,0,10632.59985,6901.401367
7255,36119.4,53911.77,0,166022,10425.74
7256,28461.48,42187.84,0,18321.68,0
7257,30200.56494,50658.87793,14642.65674,10702.64746,9698.527832
7258,87548.01,29182.19,6478.928,65522.32,16310.05
7259,20725.68,26713.03,6150.281,14926.71,8844.825
7260,48839.3,52306.36,10419.45,34098.22,11905.02
7261,22592.91919,26958.09229,0,9146.533691,0
7262,25538.99,47289.25,6354.412,19931.67,8614.925
7263,19012.3,34806.72,0,22362.82,0
7264,20554.56,29561.89,0,9464.912,5718.435
7265,74354.51,62727.88,10974.96,76835.59,9106.648
7266,17875.92,23433.24,0,16283.14,0
7267,27737.11,37957.19,7558.372,9975.37,7486.824
7268,25024.77246,44391.98242,6509.784546,35583.18359,0
7269,22339.13965,50844.45508,0,15494.24756,0
7270,12915.16,17812.63,0,0,6764.818
7271,46186.03,55099.08,12887.85,19690.43,9560.111
7272,25348.61,46217.29,6841.414,16692.41,9154.532
7273,26983.98,47817.08,0,52018.38,7911.348
7274,29887.37,38604.22,0,10899.25,9188.903
7275,98713.64,61759.32,7714.22,90886.58,18812.01
7276,20375.5,21390.14,0,14363.27,0
7277,27171.91,36152.92,0,26403.11,0
7278,70539.27,57879.41,12587.97,102734.2,13393.02
7279,47151.68,59654.42,15316.41,39592.67,9074.326
7280,37392.04,60791.32,5228.397,29038.83,11654.71
7281,30077.20557,62902.89844,6093.765747,28206.04785,10789.96484
7282,26643.25439,25424.21533,0,15364.48926,0
7283,57219.53,28133.7,7082.775,37766.57,9853.328
7284,27662.91,30767.54,0,12659.68,5194.847
7285,23111.04,36890.99,16245.76,16893.08,7670.365
7286,49292.67,32553.97,0,43463.41,5648.5
7287,8735.76062,41876.97656,0,12319.20337,0
7288,48272,24168.55,0,43757.9,9385.617
7289,17892.43,18543.19,0,26688.35,8569.726
7290,30143.47,47327.26,11787.26,25347.61,18258.63
7291,23611.56,29028.15,0,52047.02,9455.108
7292,78966.05,49198.67,8527.128,61864.35,11491.59
7293,26656.12,62324.92,12922.77,24816.44,17705.29
7294,39475.38,36875.95,0,34837.45,8140.052
7295,23003.74,42377.09,9116.95,39533.57,7516.888
7296,32562.98,56641.11,7142.542,27364.33,15513.2
7297,21906.17,17068.94,0,29647.02,8578.819
7298,28945.54,16097.54,0,34655.83,5854.975
7299,14203.41,18430.89,0,12457.93,5038.917
7300,16162.58691,17133.65381,0,23284.65576,0
7301,22672.46,25874.68,0,16737.37,4657.36
7302,40645.79,50891.24,6314.417,27340.59,14833.21
7303,8313.545,11139.12,0,0,0
7304,65568.58,55418.29,11733.76,39748.53,21031.46
7305,22039.86,25363.69,0,8349.785,0
7306,42495.59668,49464.7832,8962.4104,33903.99414,11572.16187
7307,24634.3,30883.01,0,12280.4,11155.26
7308,37766.51,24016.13,0,15581.81,7116.042
7309,29434.38,24833.89,0,15882.14,9331.438
7310,17251.4,28116.82,7414.334,14347.04,0
7311,8164.334,12720.77,0,15248.32,6061.433
7312,17924.71,32348.9,5494.739,14329.31,7681.5
7313,23573.78,41694.59,0,15573.53,12884.18
7314,46774.13,44255.92,5213.998,42723.18,7282.558
7315,14426.64,11191.65,0,13943.23,0
7316,30437.52,27993.44,0,22796.06,8758.126
7317,41971.75,53028.46,13947.4,22447.54,7255.066
7318,22922.87,38944.17,0,73872.11,9521.735
7319,28590.04,39566.7,6176.495,13805.85,6888.129
7320,20202.55,40154.19,6599.637,95087.53,0
7321,28076.95,21015.02,0,23413.88,0
7322,17795.9,21252.49,0,31733.2,13683.98
7323,11994.42,18534.35,0,50329.1,7762.005
7324,21802.34229,34627.34082,6143.419434,14211.91699,0
7325,24673.6,40481.49,7002.289,31082.03,0
7326,27134.85889,58575.84766,10497.99976,15610.71094,11935.50952
7327,50868.36,49952.46,8625.209,28122.77,23293.63
7328,25454.13,41092.52,0,18947.06,10761.55
7329,37948.03906,63283.13086,16616.50977,12358.10278,6613.892822
7330,16685.92,26484.38,0,13174.37,7166.874
7331,63624.21,22836.14,0,67003.75,5765.605
7332,22971.95215,56835.24609,11841.2605,13010.31714,0
7333,34486.95,29063.17,0,44153.66,8235.303
7334,35486.28,42834.04,6604.213,19108.31,5761.634
7335,27194.46,25694.45,0,46756.52,6492.397
7336,84099.23,42959.32,9084.762,49574.54,14139.77
7337,22225.77222,29964.2832,6236.373047,12014.75,8032.623047
7338,32897.32568,43226.30078,11453.80127,22184.5083,11415.3894
7339,17824.3,19957.05,0,13886.02,4564.991
7340,17441.21,9933.17,0,0,5280.601
7341,0,15866.96,0,8684.544,7376.625
7342,48803.35,37096.4,0,27692.53,12199.64
7343,25430.9375,47317.38379,5736.639893,24523.55762,0
7344,32518.89,59109.13,6510.398,23593.3,11292.77
7345,26114.97,32306.91,7400.971,30634.94,11239.58
7346,26475.7998,39364.99414,5590.73291,19939.1084,0
7347,31247.92,47829.65,12029.54,22973.33,17964.92
7348,16086.08,18257.89,0,12568.74,0
7349,20225.94,33954.1,0,24322.59,9346.028
7350,37847.73,34060.1,5201.488,29749.95,8344.342
7351,32673.38,58410.04,7264.058,34074.93,15083.89
7352,27993.53,44112.5,0,19493.59,18671.32
7353,14049.83,13480.85,0,0,6791.469
7354,48024.78,41510.11,0,33617.96,9534.806
7355,0,17503.79,0,12477.2,0
7356,33858.57,29006.13,8692.403,27433.55,0
7357,47584.28955,58775.25781,13733.61035,19097.15674,15948.33936
7358,20867.84,12392.39,0,17045.88,0
7359,47602.85,61733.91,8905.941,29473.28,22453.3
7360,8475.774,10508.69,0,6361.548,6339.943
7361,31103.39,29667.2,0,15433.21,0
7362,22420.89624,26053.54688,11400.10449,9771.847168,0
7363,20159.82,28869.36,5933.74,23266.74,9677.15
7364,17065.33,36691.33,0,15551.39,10200.45
7365,40113.81934,64188.25,15741.35645,16821.65869,0
7366,26650.07,29366.54,0,13085.63,6742.834
7367,19623.44,40584.68,9338.384,20415.53,20465.57
7368,22800.64,43157.69,0,15226.25,11108.78
7369,19465.71899,30763.71484,11900.28931,9601.260498,7240.273682
7370,17454.42,39954.37,0,28366.84,6726.731
7371,15310.94,28210.92,0,20389.32,13811.52
7372,27862.54,48450,0,24635.94,16243.44
7373,100820.2,59385.74,12587.92,67062.57,24491.43
7374,68627.39,34750.3,0,53764.11,9461.045
7375,29055.77,47168.39,11993.44,23277.86,14312.1
7376,25614.92,53370.94,9215.552,28088.32,25037.59
7377,49222.97,36012.52,8012.721,50182.95,12244.1
7378,36749.77,42281.73,0,18439.83,12770.35
7379,24496.13,19792.85,0,13173.81,0
7380,23698.53247,51817.92969,0,16515.99805,8417.84082
7381,17438.18,27462.31,0,10640.3,0
7382,13718.96655,55310.0166,10811.99683,0,0
7383,49766.46924,53736.63184,0,43796.65723,13953.73486
7384,20090.46,32658.16,0,11777.94,6492.244
7385,36093.7041,57778.83398,13788.46704,18648.80371,13033.61816
7386,85580.43,59811.91,5617.591,58981.79,13767.5
7387,16776.91,22680.65,0,23976.55,9894.084
7388,47758.98,42413.34,0,18778.04,6071.55
7389,25428.66,14072.79,0,18438.49,0
7390,37279.27,38469.89,10110.39,27313.84,8178.746
7391,12759.92,14153.07,5793.51,7317.872,4876.693
7392,16360.34,21826.97,0,39238.18,0
7393,15968.92,7260.083,0,20695.84,7391.875
7394,7226.153,18375.37,0,19387.98,6886.088
7395,37327.12,49171.3,11222.37,21978.02,11528.3
7396,17326.92,16188.07,0,20086.35,4405.704
7397,17065.35,17170.36,0,17404.18,10784.26
7398,28205.18,39826.8,8141.433,20688.31,8257.298
7399,21878.38,44182.85,10963.26,32328.42,8001.92
7400,28593.4,54796.59,11688.48,26931.89,13435.37
7401,18726.73,33438.48,0,12439.58,10583.18
7402,31954.76,27477.39,7048.729,32156.53,8991.713
7403,25775.88,45504.96,5757.318,22014.06,9163.979
7404,16571.07,22234.28,0,23943.67,7942.966
7405,19132.28,32791.72,6926.385,26353.44,6351.155
7406,27090.7,35671.24,0,9538.417,0
7407,18166.4,21576.9,0,17871.91,5117.095
7408,21231.02515,28923.15332,0,12003.52051,0
7409,36368.97,52377.14,9392.955,29181,7460.068
7410,36009.63,33552.87,0,47936.78,11401.75
7411,14894.35,15610.13,0,15863.58,10272.35
7412,14772.81,28960.76,0,14511.38,0
7413,22135.01343,46839.41211,9584.166504,17112.73926,0
7414,34600.59,16999.6,0,45711.57,0
7415,36359.3501,47795.85059,15354.15283,32015.30273,5958.877197
7416,19129.91,17604.96,0,14994.73,0
7417,21440.83,31159.86,0,24179.39,16024.78
7418,27474.22,45325.29,7460.279,27307.78,11191.42
7419,39283.12402,62193.39258,11418.24536,21978.57617,9594.845703
7420,22815.81,19695.12,0,31444.88,0
7421,21869.5,35487.31,8071.763,17799.14,5882.146
7422,36037.05,38136.74,0,25779.65,21129.72
7423,21398.23,20377.54,5006.663,22641.64,10309.73
7424,28565.84,46531.26,0,11001.13,5971.376
7425,20448.08,26356.23,0,14851.71,8621.391
7426,30209.55,30416.9,0,26291.14,22014.16
7427,32644.89,26884.5,0,28648.89,9963.263
7428,31287.35,38228.38,0,37576.85,6761.719
7429,21929.78,8044.666,0,19145.76,0
7430,36903.05,50354.08,7459.927,21295.35,9389.721
7431,41168.58252,54244.09766,13413.38477,23988.52051,0
7432,31860.22,13787.5,0,21499.56,0
7433,19393.66,26092.49,0,32951.89,10842.95
7434,10468.87,10055.67,0,12673.33,5276.739
7435,23892.3,31553.75,7300.464,11991.42,8186.462
7436,25229.34,31872.28,5542.087,16377.71,0
7437,0,15109.24,0,5551.376,0
7438,30782.94,48160.71,6806.144,35380.56,4518.737
7439,0,22774.88,0,10601.22,6511.747
7440,30367.23,15061.99,0,22300.97,5431.212
7441,34732.5,42561.47,11263.16,28254.87,14673.91
7442,0,9552.309,5112.748,5741.3,0
7443,48348.65,37885.4,0,24480.8,11294.01
7444,14428.44,29384.99,0,16243.33,14760.31
7445,22437.15,39257.71,8405.657,13841.43,8154.165
7446,0,10544.02,0,8436.1,4218.379
7447,33299.62,35317.62,6154.766,22313.08,6008.835
7448,33896.08,36762.28,6706.317,30887.79,10597.5
7449,20670.73,22638.61,0,37147.52,12209.19
7450,20415.54,27406.72,0,15178.88,6291.525
7451,89314.33,59688.61,14909.52,53087.48,10624.7
7452,18634.26221,42621.84375,10141.76611,9774.217285,10992.94702
7453,167255.7,63440.41,8969.093,137025.4,16914.99
7454,17133.15,34941.28,0,11650.7,5285.719
7455,18643.2,22310.36,0,44775.39,9530.264
7456,35899.26,29406.72,0,9113.144,0
7457,46250.36,56387.78,6773.357,40168.72,25271.78
7458,36072.61,41896.24,0,41688.45,16219.48
7459,18678.09,11572.12,0,8747.042,5602.617
7460,12691.25,21694.45,0,16062.26,0
7461,19702.11,37951.98,0,35912.23,19801.2
7462,7448.508,12902.42,0,9918.18,0
7463,0,15397.95,6300.096,13696.24,5956.176
7464,22119.48,23405.85,0,12773.87,0
7465,32139.48145,49774.70898,9754.461914,12505.24487,15309.5625
7466,17697.61,18650.48,0,13250.77,6378.833
7467,13971.37,15212.45,0,0,0
7468,10254.27783,28845.26367,0,10525.97461,6301.10437
7469,44524.75,40469.69,8546.831,33105.7,7538.811
7470,18646.53,17780.76,0,14097.39,6036.419
7471,40835.12,39089.08,6377.212,26588.37,14936.29
7472,16065.89,8998.818,0,0,4585.804
7473,23298.02271,43731.00586,5602.401001,10443.37451,0
7474,23613.28,45114.81,9837.824,12686.17,10359.24
7475,35428.34,57782.79,11087.27,30540.01,17845.68
7476,15485.25,24887.18,5750.318,24890.24,5880.346
7477,35124.11,45549.59,0,30649.42,16352.78
7478,13842.68,18433.35,0,18179.19,0
7479,18195.05,32536.93,0,15829.38,4889.937
7480,112764.9,47345.68,0,95629.74,14427.69
7481,0,10312.74,0,5994.1,7524.374
7482,15651.36,27695.61,0,11828.27,8655.395
7483,18095.64,34264.85,0,19506.73,17195.22
7484,42633.78,59873.25,7359.973,30909.94,12044.3
7485,23075.83,36166.76,7208.708,16854.87,9292.602
7486,33823.63,51482.24,8034.116,39947.21,19072.6
7487,9168.041,13339.95,0,27458,0
7488,35478.16992,62514.36719,10008.64087,16651.36108,10446.60767
7489,21465.34,31681.51,0,17591.01,5273.02
7490,28414.93,55347.27,8137.064,28741.13,12974.16
7491,29841.57,27859.35,5290.197,17012.39,0
7492,13109.83,22828.35,0,10135.61,6848.652
7493,34551.82275,44660.49512,6055.591309,17958.70752,0
7494,23283.97,19346.63,0,12289.72,9429.274
7495,40905.38,40020.27,0,56281.77,6226.653
7496,30895.80322,34655.9502,9294.037109,16281.08594,0
7497,30575.96,46989.84,6316.344,27807.38,13491.33
7498,31494.78,52323.64,8256.441,33011.65,21444.52
7499,20469.18,35345.53,0,50784.28,10367.21
7500,22325.71,35916.6,0,24813.88,24632.96
7501,12179.68,26514.08,5831.575,19681.05,10975.03
7502,21903.69,35276.67,6520.37,30472.36,5158.473
7503,18738.27,35891.95,0,22449.01,11392.18
7504,41687.49,58286.12,8460.902,41851.35,13427.8
7505,43701.39,46905.26,9340.52,30054.93,15998.97
7506,16521.75,17598.25,0,15516.01,0
7507,12407.05298,12895.28223,0,9022.025879,0
7508,10073.7,12684.93,0,46468.76,0
7509,13643.57,26933.04,0,9750.213,0
7510,58878.23,35344.17,6587.314,38485.35,12271.34
7511,22442.09,37354.21,7922.33,29055.28,6120.398
7512,36574.02637,60872.91992,13005.98901,23125.10645,8949.391846
7513,73751.25,44865.4,8135.236,63935.42,6416.931
7514,33030.34,37858.38,10186.85,24049.29,17952.82
7515,21861.21,50108.75,5912.304,19809.67,6908.641
7516,17764.74,27137.8,0,10764.61,7844.497
7517,22904.3,27138.77,0,9212.44,0
7518,29920.53,35158.93,0,27857.92,10064.78
7519,14805.74,21312.42,0,18695.6,11771.88
7520,27468.73,32643.29,0,35163.45,10905.03
7521,43320.20117,52653.09082,12599.36792,18367.76123,10764.20996
7522,15250.71,29476.68,6522.901,20479.12,17762.86
7523,19513.37,19833.49,0,30479.19,4663.89
7524,33046.64,34639.48,7963.613,21818.59,17339.44
7525,18699.86,15739.34,0,28501.44,7035.017
7526,18163.67,22216.59,0,11866.41,5287.856
7527,18239.55,24130.56,7254.107,13681.23,8350.811
7528,18253.02,17699.23,0,16682.53,7359.792
7529,27567.54,31980.24,0,24925.72,11413.67
7530,36412.88184,35135.79395,7997.253662,16700.00098,0
7531,22356.52,25047.28,0,14810.04,5840.135
7532,38354.68,48023.11,11648.93,33872.98,8512.3
7533,18340.27,30585.42,0,19491.39,5884.573
7534,31766.7,44046.79,7827.455,25770.74,8426.404
7535,12525.08,20356.47,0,10315.92,7201.932
7536,33456.85,37305.72,0,36542.02,8285.088
7537,20039.45142,37951.77246,0,15478.32178,0
7538,11694.99,37612.11,9528.753,11664.93,13479.8
7539,33875.23,47278.3,10109.79,24528.61,15990.51
7540,37556.36914,59078.01563,5506.883057,21387.42334,0
7541,27589.1,32089.83,6810.22,17473.35,0
7542,50022.60352,49955.10742,7756.5271,12092.12207,0
7543,40618.8374,37513.1582,0,30682.46875,7157.7229
7544,26143.6145,42914.76465,0,18559.06152,9573.84668
7545,7247.043,26143.82,0,7442.787,0
7546,41172.36,56810.56,9422.219,17985.08,15593.89
7547,22546.52051,24214.35596,0,12848.87964,11437.95874
7548,25324.65,31108.18,0,15715.94,11337.04
7549,22753.23,31782.17,0,13069.2,11041.18
7550,18774.97,42178.67,8016.086,28453.93,12200.52
7551,26292.42,44302.12,9573.797,26476.6,14870.92
7552,34168.67,55682.7,0,20538.6,10011.7
7553,6360.31,17945.11,5793.42,15904.19,6489.766
7554,16623.42,33559.22,0,18390.02,13700.69
7555,35810.29932,49232.81152,14447.9502,7618.710205,5445.332886
7556,20785.36,28098.57,6735.019,26888.77,9619.422
7557,27472.38,41213.61,0,16861.1,6090.387
7558,23035.68896,20051.97363,4948.713867,10039.34985,6419.85376
7559,24995.07,38891.41,6690.038,54698.01,10422.91
7560,27734.41,53276.8,0,30755.97,11981.07
7561,25696.16,58350.73,11727.23,21755.92,9110.492
7562,0,9578.898,0,9344.443,0
7563,9541.842,21837.33,0,18748.56,0
7564,20556.82568,43977.23828,0,11310.25903,0
7565,0,21182.33,0,20609.65,7117.467
7566,28458.26,22999.7,0,20046.58,0
7567,26915.35,24717.71,0,23732.61,7309.683
7568,39663.69482,27975.0791,6305.114868,12063.73413,0
7569,33283.89,41347.65,6132.523,21943.28,6257.456
7570,14898.85,25710.06,0,7895.737,0
7571,32540.93,43718.49,7032.849,26120.88,11621.39
7572,37018.31,52467.33,0,181956.5,12368.8
7573,18813.76,25896.68,0,9862.578,4837.694
7574,25396.27,28237.89,5172.598,26207.58,19769.61
7575,15566.09,14886.95,0,13020.56,0
7576,0,8935.38,0,16672.39,0
7577,34860.59,28513.97,0,21180.11,6711.32
7578,22196.11,35204.39,0,12913.55,8855.224
7579,60173.44629,65196.92383,12791.52466,19114.01904,12897.42334
7580,13700.53,14495.31,0,26265.33,0
7581,50325.21,64609.02,9139.657,29636.45,21522.26
7582,11981.63,13074.63,0,20491.08,0
7583,16911.81,17422.27,0,10668.25,4336.425
7584,16875.4248,41438.74414,0,12465.88281,0
7585,38360.94531,52672.43848,14502.36182,11422.20337,13302.66797
7586,43435.32,60579.44,16332.89,35981.53,18957.24
7587,15016.42,25339.11,0,38721.46,6096.325
7588,10415.68,12467.72,0,0,9329.245
7589,26829.14,27079.89,0,26957.24,8190.25
7590,17203.34,22139.99,0,0,0
7591,39517.25244,50863.85156,0,19559.11475,14406.34668
7592,73795.56055,61373.55273,13238.11646,16727,14899.78906
7593,25523.41,37290.36,7456.869,24483.71,0
7594,48956.35,62797.74,10652.11,22263.07,20223.77
7595,10465.84,18145.76,0,17756.11,11173.46
7596,43643.17,22664.43,0,45985.85,6475.049
7597,36870.71,62351.18,12460.69,20207.53,7614.843
7598,39140.3,54155.54,9261.598,30014.34,19982.19
7599,19549.95,27419.5,0,15973.76,9513.499
7600,27855.94,62669.88,8441.46,33885.3,14559.91
7601,23129.38,43376.23,6869.487,21398.6,11054.1
7602,22355.94336,41843.96191,8093.068481,15520.896,7495.177979
7603,19579.70947,25782.36572,0,14583.67236,0
7604,15632.59,21844.38,0,18386.22,8493.711
7605,27949.99219,35544.53125,9414.013672,25175.22607,0
7606,0,14131.37,0,5515.311,0
7607,82848.83,61791.15,13403.82,30559.72,17419.51
7608,73508.94,50164.97,10669.07,69840.72,19442.08
7609,18051.72,25226.25,0,0,0
7610,14365.52,25894.48,6390.525,18856.64,12349.68
7611,22682.87,27075.02,0,34264.81,7851.392
7612,16080.24,40165.76,0,18468.15,10779.08
7613,16007.55,28863.08,9338.682,22192.15,19528.73
7614,33748.42,55807.51,13257.44,18108.56,8604.895
7615,9524.747,8432.082,0,28290.74,0
7616,34382.74,45655.57,11001.71,18862.18,6784.683
7617,54064.6,52091.86,7233.944,49115.08,14119.61
7618,34228.67,50543.41,0,24413.58,14302.64
7619,22912.14,49208.83,6082.283,25124.17,13679.31
7620,12519.44,29977.52,0,17421.88,8388.837
7621,20973.11,23238.43,0,18499.76,9114.452
7622,14821.83,46427.15,6206.971,0,8474.088
7623,42858.95459,61903.73828,14630.68848,17212.18408,14812.69971
7624,18631.75,18872.49,0,55110.08,0
7625,26688.38,36304.58,8717.963,29700.21,4623.648
7626,33316.56,43768.93,0,29603.25,13896.3
7627,19283.13,40737.5,0,18681.62,7102.51
7628,14038.21,24622.98,0,0,0
7629,18768.81,30464.61,4286.917,36926.97,8348.797
7630,25231.18,39138.91,8408.805,15886.42,11021.47
7631,17496.53931,24782.91797,0,29766.99023,0
7632,46150.85,36208.8,0,32720.78,5910.49
7633,17995.85,18843.48,0,40825.5,0
7634,29040.15234,41993.53613,6999.277466,19322.27051,7584.669189
7635,40694.17,64620.3,0,32684.98,20307.22
7636,33063.21777,43177.75879,8680.803955,27226.57813,9620.799316
7637,38059.89,45789.53,6641.99,32527.31,13993.97
7638,17692.86,27846.17,0,13155.66,3957.123
7639,19920.25977,32708.81738,9482.352051,13577.94995,0
7640,11214.88,8162.525,0,0,0
7641,16520.9,32870,0,39630.78,0
7642,21571.42,45626.31,12423.24,27941.01,14383.66
7643,0,10155.63,0,12408.41,0
7644,18584.46,26589.89,10151.4,20343.38,6457.148
7645,19121.74,15990.91,0,27652.91,0
7646,31173.97,40376.74,6794.158,20821.34,8851.947
7647,43879.43604,65060.96094,11842.74219,13440.69336,10085.50269
7648,26393.37,35843.73,9678.441,21507.48,15167.85
7649,21015.44,42959.63,9606.284,11805.15,5781.338
7650,124593.1,31913.1,0,114094.5,11422.93
7651,64010.66,45524.46,5993.589,49461.48,18115.46
7652,0,15068.56,0,38077.05,0
7653,30136.25,28066.09,0,14376.84,4767.776
7654,11939.48,19088.24,0,7309.828,6600.245
7655,50686.23,55606.91,13755.04,39286.52,30972.75
7656,20588.97,27501.04,0,26221.27,4748.568
7657,43687.4,35224.64,0,40787.06,18305.4
7658,175038.7285,47189.50879,0,96626.9375,11019.27295
7659,14690.37,14784.65,0,11695.03,9199.05
7660,13856.39,30564.8,0,49986.54,0
7661,16711.19,36246.77,0,19431.37,10186.48
7662,24049.35,34184.97,5832.059,10617.52,0
7663,24709.05,10101.9,0,18319.89,0
7664,10181.81,27066.19,0,11461.56,7459.754
7665,25748.57,35195.03,0,24681.73,10113.98
7666,12168.27,7566.993,0,8714.33,0
7667,9204.744,12495.98,0,25244.76,4390.564
7668,16733.29,36900.09,7732.671,38516.84,0
7669,12509,31985.93,5408.145,17061.98,10346.49
7670,16771.02,14050.74,0,18164.16,5132.098
7671,105272.1,31020.07,0,103663.1,15847.59
7672,32020.5625,35048.11523,9264.820557,6077.262817,0
7673,8107.8,14133.66,0,14856.7,7645.65
7674,18584.34863,48497.14063,4942.354614,31321.12012,7470.350098
7675,108910.4,53044.75,0,87227.22,11718.26
7676,40502.43,64167.27,7491.892,64593.52,13124.18
7677,25895.56,44156.85,5897.674,48965.25,10523.27
7678,30022.95,32762.67,0,19779.6,9248.479
7679,21599,28028.97,0,14570.06,6890.609
7680,0,9985.945,0,11484.66,0
7681,32135.47,40172.41,0,20707.83,10123.28
7682,21304.73,25929.94,0,19259.13,7727.763
7683,38672.3,49886.74,16332.32,26015.03,12153.35
7684,31458.1,54383.35,0,23049.36,13890.67
7685,0,10969.37,0,25386.38,0
7686,18602.28,25183.44,0,12335.45,5642.49
7687,45595.66,48300.56,0,23890.01,10736.82
7688,69315.53,47433.92,8164.822,20011.54,16380.94
7689,10124.55,18809.67,0,14013.54,9694.879
7690,35997.62,30509.47,0,13471.56,9083.729
7691,34109.2,41429.84,8359.222,23155.75,0
7692,32406.66,17970.08,0,31840.49,9091.853
7693,41465.13,47936.99,7024.451,25357.03,16792.3
7694,28128.44,15392.12,0,26145.45,0
7695,26341.6543,34250.13086,6369.609009,23814.58105,0
7696,33831.35,37907.83,0,12634.32,7461.721
7697,7824.244,13004.29,0,19522.49,5634.393
7698,17911.5,23468.09,0,32647.79,8407.662
7699,24621.08,26125.73,0,17779.41,0
7700,25578.71826,33146.11523,8869.477295,12967.71924,0
7701,20503.72,35690.17,10076.03,33178.34,8395.409
7702,15075.23,15615.85,0,10086.56,8798.412
7703,16605.13,24891.53,0,14643.91,7292.644
7704,28745.74,28561.28,0,27380.4,9759.131
7705,23560.14014,49506.46777,9447.633545,18294.88232,15993.10156
7706,6688.238,8835.597,0,0,6948.644
7707,20738.57813,38226.36816,0,11787.52637,6103.607666
7708,0,12676.36,0,6313.109,0
7709,28841.42,44997.74,11781.8,14535.75,7991.898
7710,35987.43,31120.01,6866.617,31525.86,13998.39
7711,16784.2,32160.32,6032.63,14270.27,5344.868
7712,37749.83,60307.39,7457.576,34230.11,31004.93
7713,51162.97,42633.59,6400.651,46545.95,14985.22
7714,29802.5,43146.59,10702.3,41569.45,16743.47
7715,13838.63,20448.21,0,24847.16,4850.867
7716,27332.87,42206.15,0,22435.91,14049.8
7717,17968.31,8276.896,0,20747.32,6497.183
7718,16556.64,40924.6,0,10349.97,13486.4
7719,17933.79,36820.64,8728.629,18852.13,0
7720,83366.42871,30164.02148,6759.523193,42062.45117,11536.87329
7721,31059.24609,41526.62402,0,0,0
7722,54808.57,50318.86,8287.982,17169.64,10103.21
7723,17895.25,22424.21777,0,10045.77051,0
7724,30868.75195,44852.86035,7540.683594,12936.25903,8623.615234
7725,37755.99756,57575.46289,12425.83618,18503.70166,8045.987061
7726,21403.67,34660.43,6817.427,22777.69,14236.14
7727,34060.41748,58147.29297,8476.091797,17923.12793,11435.41235
7728,22588.27,30735.58,5719.615,31054.3,8076.008
7729,26322.51,61241.63,9613.295,16296.11,13197.02
7730,47216.80371,53702.04004,12248.81299,23394.00049,9965.41748
7731,15584.94,19895.2,0,14005.45,7533.042
7732,18235.92,21335.62,0,7851.089,8439.778
7733,31038.98,55640.27,0,24555.67,20970.99
7734,29538.11035,62194.10352,13660.67529,11429.83081,8271.702881
7735,25768.39,61932.61,12832.96,25040.06,12446.75
7736,10832.05,14959.99,0,7009.544,0
7737,20660.81,28748.61,0,16796.02,7662.059
7738,66612.02,62271.81,10148.55,28070.24,8469.029
7739,39577.81,62483.6,7537.796,35820.67,13681.32
7740,22772.84,29473.61,5543.236,14746.23,5075.113
7741,16828.53,26079.81,0,0,0
7742,18296.06,28144.2,0,18214.63,11251.28
7743,42374.15,46095.33,8650.806,21918.6,14966.46
7744,52030.06,51764.73,8987.765,38101.68,13571.31
7745,46080.84,54078.98,13204.81,21678.53,10688.44
7746,54135.41,54992.21,13714.02,36210.23,30491.37
7747,19438.34,7305.725,0,27224.8,0
7748,76161.08,45503.15,6913.064,56252.99,10372.07
7749,34016.14,36248.04,0,26406.05,5796.978
7750,48599.55,58665.08,6450.988,32516.66,15125.75
7751,27839.31836,38422.08203,6096.333496,21455.44629,0
7752,74256.23,30682.65,0,53780.74,9499.986
7753,45690.04,46036.8,9786.569,34373.57,13470.41
7754,25799.88,42417.1,10939.48,20134.23,5160.63
7755,29174.69434,64686.46094,13636.56128,16808.46655,10529.15845
7756,7532.707,12851.35,0,0,0
7757,32496.15283,44792.27441,12188.19189,12732.85938,0
7758,21472.71,25439.14,0,54020.86,11952.93
7759,19420.12,13568.02,0,16842.24,0
7760,33795.17285,44219.35449,6737.940796,15594.41895,0
7761,42360.21,54070.4,13585.86,26006.56,15633.3
7762,44908.23,58187.27,7012.096,42083.65,20066.81
7763,23056.99,33897.95,8339.363,14803.57,6861.347
7764,16562.4519,25353.4209,17349.79688,15703.77051,0
7765,23445.09,31585.32,0,25895.17,12340.3
7766,31054.57129,20195.05908,0,8263.163818,9563.438232
7767,22453.58,37488.1,0,32215.63,19929.04
7768,37840.77,45181.38,13917.91,26013.7,9534.193
7769,40135.85059,50464.61914,12303.16675,22020.49365,0
7770,45608.96631,62913.74805,10662.57935,13499.26318,15274.02539
7771,13497.74,13553.07,0,10630.93,7372.14
7772,41690.75,59562.04,8817.248,106340.6,21277.24
7773,16721.9,22039.41,0,10563.55,4156.37
7774,31153.25,22554.75,0,28851.83,11862.35
7775,19230.88,64770.13,12386.02,22042.56,12594.52
7776,27158.35,34699.56,0,15266.19,4403.852
7777,30631.55,59278.44,7994.246,25926.5,10449.71
7778,20654.9,37678.85,6593.686,22857.96,20266.87
7779,29490.13232,50371.75977,9267.179688,15639.38477,7346.538086
7780,24861.5,58906.48,8701.8,21712.97,17330.69
7781,26740.51,42760.54,0,18588.79,8458.662
7782,31662.50635,62242.3418,9809.614014,65782.58008,0
7783,18157.49,18686.34,0,17535,0
7784,34984.71582,52026.30566,0,28580.62402,0
7785,50145.41,60665.33,7714.686,40665.7,16187.48
7786,19526.21,35174.06,0,28486.14,7209.302
7787,16584.73,24489.39,0,14362.88,4906.949
7788,0,8729.339,0,6965.058,5144.62
7789,26220.5,28593.9,0,32785.65,7469.588
7790,27545.16309,46697.13672,6679.37207,39598.37402,0
7791,44416.3,41745.61,0,34520.99,13447.9
7792,25786.8999,44111.1416,13078.88525,16765.70947,0
7793,19190.27,17103.06,0,108616.3,5242.751
7794,37984.63,26826.26,6519.433,43419.49,6175.34
7795,109291,32090.71,0,91276.77,8234.511
7796,20192.03,14859.51,0,44944.33,9334.753
7797,0,20092.06,0,7797.127,0
7798,30907.45,56193.73,7952.464,18004.4,13579.12
7799,16823.97,27527.32,0,23368.77,0
7800,16617.9,38895.98,0,29464.94,22346.24
7801,18297.15,19455.46,0,0,0
7802,6897.901,21375.94,6282.091,0,6654.027
7803,23067.45361,42568.53711,8801.504639,8772.07959,0
7804,30829.87988,44924.60742,13536.48633,18873.11768,15126.70557
7805,14577.01,17969.55,0,11579.47,5511.333
7806,16877.51,26272.32,0,12235.6,7591.632
7807,24520.38,37054.89,6769.255,7803.083,0
7808,31163.52,51733.24,11594.96,24173.59,15414.27
7809,18428.54,27505.69,0,17603.02,0
7810,18336.17,33079.98,6412.55,31638.15,9717.631
7811,10158.84,5564.307,0,9335.876,0
7812,43421.49,44353.59,0,33811.46,23524.26
7813,45246.40186,49927.58398,0,24655.05029,11586.15967
7814,13043.84,21027.21,0,11059.2,5932.885
7815,14929.69,25259.21,0,10281.31,11848.29
7816,6052.628,10758.23,0,9611.519,0
7817,10340.7,14211.25,0,9362.972,0
7818,10284.48,31230.23,0,17301.8,12032.01
7819,16739.95,35425.62,0,9623.529,7850.541
7820,49578.74,61810.45,12589.31,64038.37,12932.19
7821,12297.77,25629.02,6069.043,13503.09,0
7822,33723.66357,57092.36426,13209.99316,49171.32227,0
7823,23956.41,17220.91,0,12801.43,0
7824,26213.68,29115.95,0,52954.14,0
7825,13596.29,20103.6,0,12568.42,7259.489
7826,21595.82,31439.35,0,9886.12,5657.325
7827,21656.28,40707.26,6589.966,27876.45,0
7828,24514.67,31835.33,0,13835.22,6966.087
7829,147941,35907.04,6426.928,80006.51,10205.05
7830,44199.37,43318.57,7289.662,14707.75,9461.879
7831,28822.59473,45406.37793,7458.346313,14811.31641,0
7832,22893.88,32565.28,0,15458.41,5552.858
7833,25762.24121,37320.64355,0,13192.85547,0
7834,18959.86,43740.66,9128.442,10230.12,6468.859
7835,21158.73,28340.85,0,13514.32,0
7836,18342.89,13745.62,0,13024.06,5882.823
7837,19646.17,19099.89,0,15606.51,5192.421
7838,17377.38013,25105.27686,8030.640137,5346.671143,0
7839,33275.78,44440.92,11710.77,31091.35,10026.7
7840,10641.11,9573.377,0,0,0
7841,62440.67,48118.28,0,49710.87,9170.611
7842,0,16096.97,0,12118.6,5924.683
7843,22757.94,30427.66,0,13791.68,5444.338
7844,19251.15,20449,0,17655.81,9621.612
7845,13728.88,45628.49,0,15730.98,13226.15
7846,19299.26,19764.96,0,15365.65,5975.179
7847,24865.43457,37432.03906,5761.520264,16549.80664,7992.579102
7848,17668.35,32006.44,0,24591.72,11105.35
7849,38745.24,58042.53,7650.469,22091.11,9277.265
7850,20304.49,14465.68,0,12941.08,0
7851,19157.76,40347.26,8986.617,20977.52,6577.036
7852,21218.41,35295.39,7760.291,32595.07,10263.42
7853,29071.56,39003.94,0,19431.99,15197.11
7854,49018.47559,59327.33203,13247.43018,24635.31543,11207.52466
7855,13450.06,24423.23,0,14338.69,0
7856,35503.7793,47531.75,12572.04053,14777.76978,11524.01514
7857,15206.6,14188.49,5695.772,21424.98,17316.99
7858,43659.1,41855.56,0,26266.8,10858.2
7859,32873.44,43277.57,0,20740.42,10446.06
7860,26992.94,50914.54,0,24058.25,10673.12
7861,25003.54,44211.02,6051.263,20043.33,15895.9
7862,21022.8,38396.98,5958.969,19473.37,24260.05
7863,26468.01,60460.64,11780.49,17354.41,10399.18
7864,12740.71,20389.57,0,9620.937,7999.703
7865,15666.08,17539.32,0,15884.47,0
7866,25083.67651,42122.70801,0,10959.66895,10698.37671
7867,37845.33,62977.82,6149.639,27209.81,12947.29
7868,20375.99,31036.56,0,16286.08,9394.127
7869,18508.34,31978.86,0,20827.3,9152.123
7870,29011.54,22429.78,0,34019.1,6201.685
7871,17544.47,27835.99,0,8668.404,5133.842
7872,63422.78,44630.87,12453.46,24330.03,15784.85
7873,0,7616.917,0,0,5107.809
7874,23182.57471,25686.05518,0,19833.46582,0
7875,12769.21,31117.8,0,13153.12,12681.58
7876,42648.71,47926.57,0,34457.81,11879.37
7877,55986.48,25609.4,0,30494.76,7696.551
7878,56837.07,37670.09,0,44624.96,9344.466
7879,26658.18,29690.71,0,16943.4,7034.96
7880,17271.26,18790.21,0,14243.23,0
7881,0,11119.8,0,13216.06,0
7882,14091.07,19307.95,0,24277.04,5912.12
7883,18526.37,35684.71,0,34834.41,6099.241
7884,17828.28,24322.82,5986.633,8723.03,9293.711
7885,65547.64,54347.27,7999.099,32234.47,19679.52
7886,19371.55,25664.24,0,17545.21,9794.476
7887,24335.72,44781.25,10426.98,18556.24,6890.533
7888,21329.21,37813.58,7150.498,8029.41,7989.94
7889,26330.72,58662,0,21115.63,6818.627
7890,7380.787,8258.709,0,28450.78,0
7891,14743.65,22463.34,0,26543.81,6742.525
7892,20625.83,25860.35,0,37269.79,0
7893,20183.21,35892.34,0,77727.27,7190.038
7894,27141.65,41832.11,0,28627.97,14570.13
7895,35970.91,48405.9,9871.096,41631.07,6446.204
7896,15408.57,13034.28,0,19296.19,0
7897,69278.81641,37665.94531,0,38944.25586,11485.53125
7898,5885.229,10110.74,0,0,0
7899,27566.15,43100.61,5802.121,43127.88,5921.873
7900,24110.06,40584.47,0,19780.66,12867.9
7901,39191.45,62366.2,0,14238.51,8622.938
7902,0,6887.988,0,28795.43,0
7903,46724.07,42542.76,6913.432,34125.98,20988.09
7904,20515.9,28722.32,7553.007,34800.95,8633.881
7905,89766.18,12618.94,0,85541.88,10909.5
7906,28015.25781,36585.86621,6433.088867,14407.58032,0
7907,41856.5,47432.95,7329.485,30072.03,10411.31
7908,49536.84,62010.93,12355.2,19181.95,11019.87
7909,15096.62,19720.48,0,13890.79,6955.177
7910,190243.7,28743.89,0,154898.8,12153.44
7911,41630.9,27466.91,7765.884,35648.5,7449.728
7912,38469.21,46251.16,8113.971,20411.45,5430.764
7913,16478.16,18631.48,0,8503.319,6426.05
7914,12189.64,22358.46,5455.277,19162.51,10427.72
7915,15873.4,13821.05,0,10190.12,0
7916,15508.16,31573.43,0,36249.92,4740.995
7917,8548.593,10928.47,0,12461.23,4629.048
7918,48844.87,38398.86,9085.379,29138.57,7320.494
7919,18786.39,27163.67,0,39275.43,7825.983
7920,19500.45,42970.92,7408.775,12819.39,7552.649
7921,19686.86,21948.44,5088.691,26027.93,12522.41
7922,12626.14,18669.29,0,15952.98,4033.655
7923,42909.24,27096.64,0,48495.7,12500.49
7924,48191.19,44948.77,8632.86,26810.56,14052.66
7925,27318.69,31169.94,0,43291.49,5419.123
7926,23027.23,20382.17,0,37652.96,0
7927,17802.57,19756.01,0,29388.69,5777.195
7928,29683.65,25184.73,0,13203.93,0
7929,21386.58,28857.81,0,28489.28,10583.55
7930,12903.79,13099.42,0,0,4221.314
7931,18577.49,27853.32,7142.852,20090.48,8864.725
7932,15414.67,26374.34,0,15817.56,5192.92
7933,29101.07,34048.2,0,23111.08,9691.228
7934,16496.85,31074.44,6747.595,7773.255,9629.638
7935,14802.63,8484.269,0,9533.903,4249.411
7936,16538.83,28602.12,0,15247.73,0
7937,18768.13,45711.85,5805.693,16315.67,8426.122
7938,24903.66,27049.68,0,14453.15,0
7939,30231.3,32357.39,6002.168,22001.22,17553.9
7940,5973.23,15545.98,0,8197.491,0
7941,25812.57,24300.44,6451.626,14785.38,9016.498
7942,24375.35303,51479.50586,5458.933838,63987.16211,0
7943,19157.64941,29631.25195,6947.406738,16667.2627,0
7944,22751.99,31620.78,6634.513,26838.2,17717.65
7945,24093.98,34658.47,0,8700.04,7335.329
7946,16185.12,24529.74,5119.031,12398.77,5780.117
7947,63147.16,31990.15,0,48374.48,0
7948,23635.49,35551.7,6447.369,21459.88,6198.175
7949,17801.45,48165.49,5312.031,24735.79,9835.373
7950,44590.28,57526.21,8488.893,23680.09,11686.81
7951,46829.98,26504.79,0,33099.04,7516.511
7952,26652.62,35516.53,0,18259.56,0
7953,33695.99,52199.4,6750.107,27205.16,18516.53
7954,13696.56,13305.39,0,25739.62,0
7955,16947.17871,23755.26416,0,12895.21094,0
7956,41391.48,25886.07,6761.024,40281.16,11499.22
7957,40701.37646,25906.48779,0,22407.72461,7033.999268
7958,34526.06,52516.32,9339.386,19281.58,13971.75
7959,37779.9,26907.26,0,17384.58,13789.48
7960,41809.54,59209.73,11772.72,36278.69,36991.86
7961,15868.07,15973.83,0,12685.03,5712.422
7962,21811.92,21461.53,6246.249,13222.17,9810.971
7963,19249.4,24141.25,5670.718,23922.35,7294.459
7964,18738.65,30033.31,0,35022.32,11960.02
7965,32424.49316,37425.0791,6360.962646,22199.1377,0
7966,40655.11,37897.39,8343.879,31558.68,11329.73
7967,19610.6,44411.11,5992.654,32383.76,15161.5
7968,20434.87,31047.51,0,25801.28,7522.139
7969,35439.43945,60239.9668,12859.09692,11727.36475,13911.08496
7970,26788.74,20942.82,0,14430.95,0
7971,32690.22,49369.36,0,23250.87,9380.398
7972,7337.364,8832.06,5301.861,0,0
7973,19398.25,23328.87,0,14019.24,4971.785
7974,37775.37891,54438.71094,11123.36572,21708.65381,13830.7251
7975,13619.97,22990,10344.3,15626.16,8736.083
7976,31731.57,52480.45,8643.688,27385.17,20444.88
7977,26977.98096,59687.99023,10097.41211,16568.9126,0
7978,27941.90039,33046.56445,0,9741.960693,0
7979,0,13963.06,0,16828.9,0
7980,43342.9,39911.48,6713.513,46615.86,13393.77
7981,24651.95,52074.41,0,22287.79,10524.91
7982,45993.27979,64829.14648,15235.34961,21538.08691,10436.29077
7983,41055.93,43161.89,7249.767,24702.41,20483.37
7984,10992.5,13673.99,0,5674.832,0
7985,11744.86,35040.92,8461.334,18422,6231.482
7986,14011.47,17944.97,0,12181.5,9312.54
7987,30567.48,51710.35,0,25282.88,15859.83
7988,16079.89,14157.22,0,8882.461,9558.746
7989,22399.42,34838.42,9775.649,19310.76,0
7990,30001.31,60997.86,10322.33,22646.1,10776.44
7991,34416.27,16600.63,0,22835.46,6571.324
7992,24348.65,33213.49,7715.59,23382.71,14444.11
7993,17396.59,23460.18,0,15794,11460.32
7994,17411.11,23671.53,0,12655.52,0
7995,24542.31104,60654.91016,6675.586426,18423.45215,13988.30518
7996,26895.58,35488.01,6003.494,17567.11,12647.91
7997,12105.21,17959.7,0,6780.336,5230.214
7998,24162.75,54862.77,9052.51,25805.76,19696.9
7999,25144.08,63263.46,14699.1,14495.8,8131.934
8000,12011.14,14008.04,0,6651.499,0
8001,16467.97,22633.36,0,19375.95,8391.177
8002,14611.89,28302.73,0,12237.92,8378.527
8003,24854.23,27028.54,9430.031,19633.68,14239.47
8004,79051.01,42230.43,10288.61,57974.05,16089.72
8005,21021.08,17862.28,0,14868.52,10248.14
8006,42954.11768,35700.94922,0,13559.22095,8878.808594
8007,30003.11,49685.23,0,25873.12,21756.98
8008,16791.1,24453.38,0,20001.46,15449.4
8009,38023.12,56104.72,14893.83,24349.26,12958.43
8010,13221.23,22157.62,0,17474.31,0
8011,81019.69,35317.71,0,54565.5,8123.612
8012,18927.2915,36045.92188,0,13666.97388,6411.146851
8013,44257.99,36741.09,6803.784,17514.68,11402.73
8014,0,10373.87,0,9030.11,0
8015,26850.33,20404.26,0,14538.54,0
8016,11057.35,8877.057,0,8834.808,5953.624
8017,27824.32324,42478.4248,0,11700.9397,7639.960205
8018,28915.00977,37470.57324,12433.18335,11396.96313,7750.289063
8019,33403.03,50135.68,0,20128.81,6925.988
8020,30391.00146,48292.71582,8045.46875,12546.35132,9069.011963
8021,15446.2,26582.84,8057.214,15876.37,0
8022,19335.85229,52360.71484,12704.6792,12884.8147,6082.701294
8023,20941.31,20404.23,0,13464.79,6479.203
8024,19259.11401,45674.68066,8990.329346,13662.21069,0
8025,15173.06,17242.44,0,17585.05,6330.288
8026,20414.55,28686.12,0,13759.6,9501.167
8027,19305.5,32793.74,6621.801,19821.93,14950.81
8028,33092.69,43616.58,0,24744.11,9917.859
8029,20089.67,16524.35,0,20890.05,0
8030,10950.04,7363.517,0,7550.376,0
8031,24852.54639,30229.26465,7515.782715,9590.921143,0
8032,34533.64,42928.45,0,14382.15,14615.7
8033,26197.91,28874.53,0,17338.35,10038.21
8034,16039.81,18096.36,7982.057,7543.239,0
8035,10045.92,8344.608,0,37206.23,0
8036,24334.57,20881.26,0,22041.39,6335.087
8037,18865.83,26464.67,0,13412.53,0
8038,16099.33,23491.48,0,13052.54,9276.352
8039,61315.27,16730.18,0,45577.94,7828.094
8040,17603.37,39737.43,0,19086.39,12771.15
8041,10144.61,14627.66,5769.237,6386.037,0
8042,89301.41,29417.22,6819.195,87356.65,12231.26
8043,8984.151,19886.15,0,10113.91,0
8044,29831.32,28134.08,0,48999.09,9246.135
8045,11561.22,14365.06,0,30588.57,0
8046,24317.62,27318.17,0,31171.4,7364.014
8047,23954.76,32052.6,9715.556,15331.08,0
8048,21635.27,16302.85,0,19530.53,9320.857
8049,52076.77,34091.16,0,33053.67,10683.38
8050,22096.95,57080.02,11944.77,17019.57,11993.46
8051,44987.79834,58811.41602,9223.466553,31316.30273,0
8052,62222.86,35075.9,0,32746.25,11711.05
8053,21339.65,22872.05,0,17181.57,11797.78
8054,17063.52,25164.25,0,16100.27,5471.01
8055,17534.34,32934.62,8342.676,15342.28,6981.755
8056,59978.15234,52094.58203,0,15480.19116,11969.96143
8057,18782.26,26426.9,0,32473.9,5514.343
8058,24234.7168,42953.03613,7405.563599,9835.040283,0
8059,0,15508.6,0,0,4032.558
8060,43411.896,59110.24805,6264.7771,15668.84619,11361.67676
8061,35724.95264,36778.85156,5772.988647,14030.88428,0
8062,37719.1748,52437.87988,13872.78955,13390.86279,11573.87256
8063,36463.14063,57227.67969,16724.22949,15252.60742,11164.61621
8064,24413.6,36055.73,5921.051,19440.37,13135.98
8065,30448.65527,39387.2207,7772.465698,14751.40039,0
8066,78794.79,27419.42,0,44467.7,0
8067,7179.173,9876.023,0,0,0
8068,19811.28,28599.81,0,29352.68,5506.856
8069,33672.88623,36970.43164,7820.434326,17936.63672,0
8070,0,7597.582,0,7085.844,0
8071,15066.66,19375.49,0,10380.96,6992.222
8072,24294.5,13282.52,0,25189.47,8936.664
8073,17757.86,24460.17,0,13586.83,7438.088
8074,12824.96,14763.85,0,10540.57,0
8075,14413.02075,17260.80713,0,0,0
8076,13945.19,19860.5,0,36142.3,0
8077,17373.98096,27448.70264,8408.526855,13003.76636,0
8078,35868.38525,63099.63086,11793.1897,20538.41406,9012.016357
8079,10004.53,6697.688,0,5643.368,0
8080,14197.01,23385.2,0,28003.92,12337.69
8081,24253.94,33047.32,0,37074.6,10899.26
8082,58397.13,26853.3,0,55279.82,6925.595
8083,16050.2,38368.61,0,34212.48,9781.333
8084,22495.26,27252.37,0,15407.29,0
8085,19400.39,23070.95,0,13204.78,0
8086,128777.1,27805.83,0,88945.38,14446.94
8087,21729.64,14536.11,0,8315.073,7616.57
8088,18782.07,37820.21,0,12645.73,9250.34
8089,25019.17,43090.82,7947.431,17758.96,10667.84
8090,30042.08,50947.77,7139.034,23818.98,7516.895
8091,27621.07422,50408.55469,10765.04834,15131.14697,8074.960938
8092,7505.092,16695.58,0,8685.607,0
8093,10265.28,16734.33,0,9917.03,7123.583
8094,18239.43994,30164.4248,0,8996.381348,0
8095,15390.91,14302.47,0,0,0
8096,41438.47,21367.53,0,23878.82,5549.024
8097,26066.62549,24132.46924,7507.841064,32208.82324,0
8098,17965.45,24979.98,6751.281,35215.69,0
8099,19812.45,33549.6,0,22820.87,14691.17
8100,24543.06006,39250.24707,0,25248.50293,0
8101,0,19279.49,0,15741.4,8074.411
8102,19677.11,30445.01,0,14752.13,11189.08
8103,34918.43,33624.45,8687.659,20322.65,10227.03
8104,19327.12,30642.35,0,23755.6,0
8105,18335.5,22263.64,0,15105.62,9133.061
8106,15924.59,33173.39,0,19300.18,11476.94
8107,10677.4,20117.1,6211.063,12028.35,10235.67
8108,22568.13,58069.81,15574.02,20164.85,5754.052
8109,18124.57,29411.82,0,17743.11,13289.83
8110,36099.03,46613.03,9457.9,13807.37,6744.763
8111,18701.85,14617.15,0,14064.28,0
8112,18567.35,33908.01,5567.73,9536.16,9699.57
8113,34547.07,49044.25,0,27967.49,15778.54
8114,21593.33,28392.09,0,16088.14,9588.529
8115,28680.30469,55174.625,11221.41528,12315.47192,7087.61792
8116,7068.154,17091.29,0,8995.915,4690.74
8117,28727.28,27290.27,0,24672.04,5593.066
8118,37619.72,38167.03,0,15646.66,13646.08
8119,94517.2,61918.18,10640.84,83885.31,23821.93
8120,8144.462,19735.41,0,11430.78,5387.836
8121,37083.53,49311.93,7628.319,18104.49,10892.84
8122,31358.4209,36722.07715,0,13100.43896,0
8123,19271.89,18141.84,0,21178.06,6693.517
8124,31285.78,57378.31,10164.11,22100.72,9868.392
8125,15607.35,19765.15,0,10785.24,7692.396
8126,27126.79,45000.82,0,30620.83,12090.02
8127,38980.96,61329.68,8673.154,44789.72,27698.96
8128,6686.388,17187.07,0,5902.495,5045.281
8129,31586.5,39283.23,8226.897,35544.72,10127.68
8130,17842.34,18948.29,0,16306.38,0
8131,24867.26,32172.92,5086.126,24732.12,0
8132,21367.42,25604.29,0,10461.92,5323.639
8133,53886.67,57474.97,8746.746,26580.19,32522.39
8134,13687.82,23266.06,0,9765.614,8211.778
8135,27684.83,41724.7,0,20994.32,12124.3
8136,34597.27,46183.45,9314.552,15292.42,11448.35
8137,18739.57,33078.45,0,10144.84,5652.153
8138,12378.31,18552.37,0,13953.02,5977.324
8139,35766.34,19693.14,6612.636,18595.7,13686.8
8140,20728.67,32478.34,12456.77,11388.22,8960.48
8141,30615.97021,42074.47559,5855.417114,10762.79346,8182.684082
8142,21630.71,15227.88,0,23708,0
8143,20590.41,41039.91,0,18986.04,5293.767
8144,22142.28,18186.14,5332.435,12840.79,6865.48
8145,39252.77,48077.96,11548.77,21023.9,19266.45
8146,27013.96,42429.9,12495.55,19169.11,6638.052
8147,27749.5,27972.31,5516.014,24691.4,9555.41
8148,8986.108,17330.17,0,19026.89,0
8149,19228.03223,40874.3125,0,14490.05176,0
8150,16581.45,27694.1,4501.086,12860.95,7461.576
8151,39788.09,44983.23,0,22076.59,20055.97
8152,48020.85,32564.43,0,37424.69,6779.959
8153,52609.9,56507.89,9030.432,20135.82,6540.402
8154,10237.31,15545.06,0,0,0
8155,20423.74,22150.92,6624.824,15715.01,7640.958
8156,24194.03,48279.8,0,23369.67,14912.24
8157,20409.29,48089.03,8399.721,17314.96,9518.886
8158,65243.15,17734.07,0,63001.44,16136.47
8159,16029.74,24277.63,0,19877.62,10588.98
8160,12017.86,28221.6,0,37462.76,4992.991
8161,15410.15,15513.08,5832.971,8385.667,0
8162,14702.17,27081.81,6574.15,25523.31,8339.102
8163,16633.46,23642.62,0,34091.27,6269.553
8164,0,20761.6001,7853.392578,0,0
8165,16318.49,31822.27,5775.955,16919.16,9960.462
8166,0,13046.56,0,0,4033.398
8167,20480.45,42755.44,8016.154,30445.4,13444.93
8168,15630.9,12111.91,0,6810.006,4724.638
8169,10074.4,26240.59,0,17665.38,9402.924
8170,29228.68,48366.91,0,101384.4,12513.63
8171,17744.89795,35624.79199,9625.749023,15699.27832,0
8172,27305.51,36045.91,7769.977,53628.75,5396.644
8173,26183.82422,55179.61816,11271.57983,24165.23438,0
8174,25981.94,39236.08,7468.217,57093.74,12431.69
8175,47750.72,49643.55,0,9194.331,12814.29
8176,15519.38,14607.51,0,9639.197,6893.73
8177,22456.28,17210.89,0,8110.931,7908.846
8178,14693.04,16479.83,0,8779.879,0
8179,18391.71484,42541.47363,0,4883.068359,0
8180,26759.14,44214.55,9528.499,16756.53,12877.99
8181,14402.63,13540.18,0,22430.87,0
8182,6214.305,15899.61,0,0,5965.024
8183,19480.56,11380.56,0,12900.2,4645.029
8184,46917.69,34200.93,0,25026.72,0
8185,35219.29053,45619.38281,0,43037.69043,5910.945679
8186,21853.05908,64807.83789,11448.99146,12745.22388,8631.350098
8187,17835.32,20532.91,0,17146.42,6659.643
8188,19159.35,24853.92,0,51470.46,8294.752
8189,47346.63,17439.19,0,31964.03,4356.459
8190,36078.85,34891.81,6884.222,30557.05,13645.82
8191,51649.28,44793.85,5481.371,42468.33,11464.29
8192,92370.86,29411.94,0,62535.9,8254.885
8193,21820.69,35335.23,5653.432,22880.74,16873.04
8194,10065.19,13157.95,0,29804.18,0
8195,28650.21143,31698.80078,0,9421.889893,0
8196,32949.82,35585.59,9245.55,12646.29,6747.52
8197,28336.55664,46611.33398,9450.067871,10890.75684,10178.7041
8198,11111.63,18930.34,0,9827.488,0
8199,18726.5,10966.47,0,11792.54,0
8200,11850.35,22060.35,0,19951.03,5588.963
8201,15303.20093,32445.38086,7451.658569,8892.561035,0
8202,41567.06,53084.7,14129.71,30143.12,17198.75
8203,26238.19,57114.62,12972.14,24180.45,13565.72
8204,0,22468.8,0,16689.38,0
8205,0,11211.89,0,7726.992,0
8206,0,7890.915,0,8632.633,0
8207,32538.57,41512.71,11492.18,23360.32,20130.79
8208,0,6553.507,0,7893.196,0
8209,10341.31348,29021.29297,6546.265503,6437.136353,0
8210,22876.05005,52604.37402,10405.20776,21200.3999,13732.41528
8211,11895.82,33005.9,6759.826,9498.701,5638.256
8212,21113.78296,33060.91504,0,20398.83447,6450.583374
8213,23076.82,51234.09,9206.201,41385.04,8264.812
8214,15628.63,17882.7,0,11123.29,5451.3
8215,7658.866,12095.1,0,10409.99,0
8216,83290.48926,41183.54199,11715.77197,44600.0957,0
8217,28912.99,53756.07,14170.2,20671.72,9208.662
8218,13691.91,23425.77,0,0,6376.502
8219,32547.42,62464.78,7168.478,19775.26,9346.147
8220,40766.86,49212.43,0,32947.83,11448.7
8221,10780.56,12965.39,0,8770.059,5003.917
8222,26344.22,36653.29,6504.676,21282.67,11418.75
8223,17195.65,21914.4,0,62266.39,0
8224,14835.3,27042.66,0,19596.3,7083.379
8225,23550,29451.57,0,18636.86,0
8226,13219.84,31775.01,6416.892,16507.4,9034.269
8227,21754.67,32639.89,0,32907.29,5469.307
8228,22862.85376,36087.44824,0,24554.52002,7332.739502
8229,25376.53,36625.09,0,17606.49,5880.08
8230,21825.31787,48838.05078,6564.191284,24531.55957,0
8231,23228.14185,29092.2041,10422.40771,10276.58618,0
8232,122968.3203,52997.67676,10699.89526,55822.93652,7091.90332
8233,8696.943,13476.82,0,10719.37,5451.735
8234,30170.02,40444.97,8885.784,16999.95,4827.998
8235,35195.11,52894.71,12947.46,24549.58,10643.07
8236,41297.55,53334.38,12056.3,16767.24,11882.49
8237,10011.2,16178.44,0,7465.877,9540.486
8238,40580.49,13419.53,0,24490.83,7705.327
8239,36562.9,46567.15,6763.996,28486.56,26969.13
8240,13009.64,11604.3,0,0,0
8241,30413.73,46709.57,7966.585,31849.33,12667.49
8242,14915.97,13885.81,0,12347.3,12143.58
8243,15615.55,13205.07,5230.959,12379.85,4238.325
8244,14816.77,20066.59,0,0,5821.913
8245,18975.26465,43137.6875,8891.039551,11554.52393,0
8246,25672.48,47360.53,13242.75,18620.04,7961.273
8247,14880.51,28298.63,0,9734.346,0
8248,19700.28,28288.64,0,20350.34,6476.319
8249,15479.32,36306.16,0,13347.57,5287.583
8250,41923.03,35595.63,0,44125.62,11748.03
8251,13438.18,18844.91,6552.787,8461.475,4357.335
8252,37224.99707,59898.92188,5598.269897,25058.85986,12027.39673
8253,8224.397,9812.433,0,0,0
8254,19440.7,29496,9792.684,14697.92,12465.99
8255,18949.82,40948.53,10179.86,7797.586,0
8256,12358.39,20772.05,0,12107.85,7616.865
8257,21680.58,12772.96,0,13487.63,0
8258,24458.5603,49888.33691,9694.007324,6697.847168,9239.012451
8259,25980.84,16117.5,0,15812.25,0
8260,22063.89575,52996.90039,0,17846.60938,0
8261,45159.35,65298.8,12008.21,33759.16,19932.22
8262,0,13051.76,0,12316.61,0
8263,39802.09,25853.79,0,11653.36,5848.212
8264,18909.95,19759.52,0,30118.81,8336.43
8265,11463.12,19225.99,0,11039.31,9082.523
8266,14951.36353,25298.43652,0,8616.902344,0
8267,60728.77,34590.1,0,46333.25,7279.998
8268,31114.66,52987.81,10436.04,19120.46,10941.21
8269,17498.16,18256.36,0,19149.23,0
8270,33075.69,25899.63,0,13726.41,4251.021
8271,54743.78,29578.73,0,44734.97,10489.43
8272,24001.67,52453.85,15504.27,13952.38,9712.387
8273,17858.29,30375.63,7613.088,14795,5432.104
8274,34564.52,44314.48,10528.8,32652.43,7855.145
8275,23218.33545,49287.72363,12100.03442,11983.74219,0
8276,72798.12,30536.47,0,47142.62,11635.52
8277,16861.95,9014.155,0,0,0
8278,35307.79443,34084.91113,11188.43945,12317.93018,10284.92871
8279,20689.05957,42921.12988,0,11121.49756,6967.854492
8280,37435.94,59728.89,10569.85,26789.11,9231.81
8281,80238.13,46315.02,7006.322,75355.79,13795.63
8282,0,5703.067,0,6696.321,0
8283,45399.63916,33998.81543,9585.483154,31059.00488,12916.1604
8284,11156.42,5978.432,0,0,0
8285,26719.62,36829.67,0,24320.77,12874.32
8286,7555.6,14496.97,0,9149.737,10552.24
8287,84877.2334,34028.85449,0,43788.93359,6172.768188
8288,29182.5,36384.11,0,20941.96,0
8289,26011.66,47143.62,6493.768,28530.89,15455.47
8290,33930.5,24079.68,0,37757.86,0
8291,26915.0083,62226.9082,15301.8833,11005.47876,6247.713379
8292,42183.69238,64805.01367,8894.152832,19758.62402,6465.23938
8293,23244.04,30827.5,0,15780.59,19258.93
8294,21179.26,36436.98,0,0,0
8295,70304.29,18131.3,0,55113.54,11320.36
8296,25063.44,34602.25,0,24646.98,9472.666
8297,51224.55371,42168.85547,8350.429199,41221.88965,14605.14917
8298,8963.678,16632.31,0,7528.682,0
8299,17760.94,28283.14,0,13455.44,6779.684
8300,30539.56,32426.99,8838.999,20843.69,16736.06
8301,31702.87,41320.71,5894.906,20156.52,22130.29
8302,18820.03,31492.14,0,10378.54,5568.363
8303,16247.96,23129.31,0,13590.05,0
8304,17335.3,18521.67,5854.974,10125.67,0
8305,15406.82,22589,0,11114.01,5378.542
8306,19626.25,34502.06,6051.709,9660.881,7462.247
8307,95930,29155.74,0,59594.62,11089
8308,11928.6499,26483.47998,0,10007.08081,6936.200562
8309,18310.1,5264.337,0,12750.02,5702.468
8310,31064.4,38796.31,6668.046,20624.26,10098.67
8311,17023.93,19649.49,0,7515.822,0
8312,25267.75,25392.21,0,23462.93,10831.24
8313,12548.84,30349.21,0,11126.88,0
8314,23071.66,18348.17,0,29014.66,0
8315,24758.02,26556.96,0,17326.2,12806.35
8316,10521.61,10456.55,6625.928,0,4964.007
8317,15396.33,13490.84,0,15948.15,4255.492
8318,16579.30029,47176.06738,14667.25342,11641.72949,0
8319,19621.64,17509.5,0,20209.32,6984.106
8320,31511.91,38779.34,0,55482.32,8657.322
8321,32094.16,60966.1,9851.705,71131.83,7202.472
8322,14554.23,13859.39,0,11276.44,9719.85
8323,21605.14,40603.13,6489.962,6829.723,5628.664
8324,60151.07,61775.05,13595.37,37652.09,23748.43
8325,29715.65,30862.42,0,13581.07,15081.87
8326,8674.627,22622.47,0,18513.1,5111.411
8327,19253.76,26558.43,0,21997.27,0
8328,13998.02,10515.98,0,7186.595,4319.571
8329,10583.83,18297.18,0,14104.82,0
8330,23107.2,30915.74,0,21339.36,0
8331,23536.48,39286.63,7141.526,34742,5705.022
8332,16083.05,33177.65,0,9541.225,5164.07
8333,15792.13,19671.32,0,13152.59,0
8334,28471.33,30019.16,8056.055,23031.01,8817.922
8335,19529.08,18714.76,0,15569.92,0
8336,23461.48,25634,0,10861.64,5913.073
8337,34237.29,50796.41,6825.074,29781.3,22795.64
8338,0,6157.426,0,0,5084.334
8339,15550.81787,21010.50488,9132.757568,0,0
8340,13572.04,22624.23,0,12206.93,5735.962
8341,26928.45,34321.9,0,25313.33,5294.679
8342,10806.22,16690.35,0,7643.609,0
8343,26648.56,34895.2,0,23528.34,8120.875
8344,8809.277,13290.43,0,0,0
8345,27139.88,43433.07,11064.92,14816.6,10306.79
8346,35911.48,41235.33,6720.179,35393.11,24821.32
8347,25919.89,45091.09,8117.637,12381.19,0
8348,21970.07129,42818.93359,10420.85669,7604.527344,13086.42212
8349,22261.87817,42614.48438,7336.804321,13102.43506,0
8350,35674.28,61958.19,13625.86,49674.42,10717.71
8351,17159.74585,34017.52148,0,15427.95068,0
8352,24763.58,36961.74,6102.9,67219.76,0
8353,19426.38,23122.31,6663.645,8283.844,7122.58
8354,32848.67,55795.97,15205.38,18047.32,12018.41
8355,30861.42,39524.1,0,27469.25,12718.37
8356,28555.97754,55560.77832,14375.68506,9612.094971,0
8357,87652.46,56832.71,13006.47,53562.07,8756.545
8358,11927,13795.7,6552.729,0,7504.056
8359,21162.79297,48574.36914,9098.525391,14622.80542,8846.101318
8360,31482.66016,54756.49023,14881.46265,15285.81055,8949.588379
8361,18183.49,25494.96,0,37870.2,0
8362,32410.18,45422.89,8587.771,18349.51,11340.12
8363,7556.875,12566.08,0,10566.55,0
8364,38055.94,21132.51,0,35417.41,7139.43
8365,24454.23,20984.05,0,29982.54,10054.31
8366,47817.14,50962.86,7602.031,28866.23,9717.136
8367,18742.02,16321.57,5603.804,7639.615,0
8368,17806.5,24684.2,6699.095,26562.1,0
8369,19257.95,54348.71,8683.165,21474.54,14262.38
8370,12687.45,16006.58,0,17877.58,0
8371,29908.22,44722.15,0,20029.51,19953.31
8372,34794.76,64279.37,6760.598,25679.37,16526.26
8373,61108.58008,41132.60156,5551.608276,13781.2002,14030.53125
8374,28058.01,48386.21,7138.152,21511.76,17615.74
8375,8155.751,12090.61,0,0,0
8376,30783.28,60128.35,5460.535,31633.57,22769.28
8377,26107.84,14256.71,0,14644.29,10978.09
8378,23110.44,38258.66,0,25576.23,7025.58
8379,24334.7998,30618.21289,6797.503662,11227.97583,7546.074707
8380,16571.59,32240.37,5763.514,11211.28,4901.625
8381,29045.1,42870.82,9379.607,32260.96,17276.87
8382,22835.73,14694.54,0,13317.12,0
8383,21932.84,40723.76,0,49081.33,15734.84
8384,26113.91,27938.08,0,20612.57,10225.7
8385,27577.8,43557.96,0,16023.43,0
8386,44290.58,49202.52,6137.281,25450.72,8708.402
8387,16718.42,11720.73,0,13397.22,6383.781
8388,8250.521,27981.48,0,19037.73,5404.713
8389,14703.64941,24221.46729,0,0,0
8390,0,15669.68,0,6021.048,0
8391,32461.51,46682.09,5543.994,14157.99,11786.73
8392,0,8845.791,0,0,4916.227
8393,12269.47,19638.97,0,11926.36,0
8394,0,7740.903,0,0,6150.821
8395,22181.95,46167.04,0,43136.6,8565.393
8396,16963.76953,37394.7041,5338.422974,7305.417847,0
8397,25789.01,47999.09,8834.395,11376.97,7470.135
8398,5418.6,8756.199,5081.216,26847.29,0
8399,17681.85,30397.29,7997.822,17646.1,7038.899
8400,6800.274,13561.19,0,6901.752,8329.654
8401,15278.35,13000.39,0,20867.76,4641.06
8402,12181.21,24959.58,0,10533.78,8430.314
8403,28173.62,40808.2,5402.169,17594.66,25531.58
8404,30883.52148,51012.08398,12627.77539,0,0
8405,15713.07,22194.79,0,22022.98,0
8406,15010.67,22848.07,6483.077,15298.45,13172.61
8407,24609.01025,27902.07568,11757.9104,12726.85815,0
8408,31756.38,59026.59,16151.29,20163.33,12819.62
8409,10496.76,20010.25,0,13530.55,8046.993
8410,21812.46,34546.29,0,31310.93,8933.726
8411,17911.62,31541.32,0,9805.458,0
8412,17364.77,27919.03,7283.263,20887.26,0
8413,24089.49,39621.36,0,17573.5,14371.81
8414,66474.7,44699.45,11257.57,59853.77,16072.33
8415,15438.05,31246.68,0,14858.07,0
8416,11666.84,18520.38,0,14292.77,9384.923
8417,27281.89,28543.83,0,0,5842.646
8418,20017.98,32176.66,6526.642,16943.82,9847.156
8419,42429.63,47595.76,0,32527.99,18853.68
8420,28036.77881,50026.22754,8280.727295,0,0
8421,23713.6731,48116.8877,8538.979736,9367.706543,8202.933594
8422,16725.38,23478.82,0,22827.4,7283.097
8423,18808.48,39551.75,0,62454.81,0
8424,24585.19,39593.84,0,19505.1,15575.69
8425,18409.93,24995.17,0,13700.88,0
8426,31318.83,39361.85,8378.879,19198.32,14118.59
8427,23303.59,30278.64,0,18844.73,10302.77
8428,33898.11,56886.28,8819.534,27803.45,11154.92
8429,24379.25,23081.15,0,12287.09,8630.413
8430,42156.97,60941.35,0,18058.18,10978.92
8431,19110.55,18522.91,0,16955.15,6442.723
8432,27878.15,38883.03,8704.437,17923.95,10259.06
8433,11860.51,13307.49,8221.159,5839.677,0
8434,19503.82,26138.28,0,28645.06,10431.29
8435,23955.02,24759.62,0,20739.93,12044.46
8436,12576.4,13983.05,0,0,0
8437,16599.27,28383.14,0,19346.74,9789.146
8438,10914.95,20975.93,0,14684.23,5781.408
8439,25783.1,32115.28,6003.709,21350.83,4996.46
8440,72016.29,36309.2,0,55478.51,0
8441,17487.01,25909.11,0,11129.46,0
8442,19621.99,27753.03,0,14105.6,0
8443,21100.25,55845.56,12838.09,34979.16,20615.96
8444,8781.59,12206.37,0,6329.113,7053.529
8445,8466.176,15859.13,0,11698.77,0
8446,0,13169.93,0,9340.046,0
8447,43612.53,53493.13,7506.529,12605.32,15699.19
8448,8513.155,11958.03,0,9830.228,6707.437
8449,15708.25,17863.57,6568.653,15192.11,4576.379
8450,18208.01,28118.41,0,11827.34,12163.64
8451,82974.25,51258.4,8291.951,75362.26,21585.68
8452,21990,20404.08,0,6409.369,0
8453,22398.32,27339.27,0,23075.85,12534.98
8454,22323.42236,36320.41699,0,0,9075.772949
8455,22565.33,25924.98,0,24679.95,5093.414
8456,16356.51,20834.09,5351.787,7988.075,0
8457,17857.38,22007.99,0,11648.73,4826.542
8458,26267.83,37780.43,0,13974.89,6162.374
8459,11489.74,16990.15,0,9934.72,0
8460,28603.84,22093.28,0,26205.37,0
8461,20511.6,25649.36,5375.363,14389.31,9968.548
8462,16117.66,21173.36,0,8924.951,0
8463,14230,11322.6,0,7225.444,0
8464,18763.03149,25493.65039,0,0,0
8465,18648.12,16695.86,0,0,4346.308
8466,18560.17,16847.76,0,10863.31,11029.7
8467,66549.76074,24097.85889,0,39731.6377,0
8468,11463.25,25681.27,0,9400.538,0
8469,22374.3,42310.24,0,30370.08,22591.36
8470,14746.78,12309.75,0,14906.04,8303.713
8471,19886.32,15513.07,0,20245.76,0
8472,18052.62402,33466.29883,0,14924.15674,0
8473,5906.135,12619.22,0,7291.9,0
8474,11355.37256,24953.5625,6638.916748,4978.097107,0
8475,17295.07,21087.08,0,22322.97,4576.538
8476,86574.35,46824.68,0,51269.46,11728.46
8477,12938.29,12573.69,0,13132.66,5911.079
8478,48375.02,23032.2,0,29828.26,7341.223
8479,24514.43701,34551.77832,6638.922119,10707.16113,0
8480,42879.5,63183.58,8518.013,33052.07,15114.76
8481,55917.67,16307.36,0,46200.51,0
8482,25880.12256,55358.58496,10048.45508,9710.169678,12113.07129
8483,14910.79,16699.23,0,15117.04,8018.722
8484,34708.7,40840.84,0,57941.65,5614.985
8485,58831.10938,45108.47852,7658.859375,26350.81006,5787.225952
8486,27090.27954,54105.2666,8179.522949,14539.94043,7105.352295
8487,27065.44,46160.04,9611.713,14061.61,9297.729
8488,17837.29,20630.86,0,31706.15,6423.441
8489,15586.11,17658.54,0,9453.176,10545.87
8490,26128.2,41809.37,9129.82,17233.78,8251.452
8491,213418.8,29145.82,0,151884.8,12547.41
8492,19295.78,29405.15,0,18987.2,12234.48
8493,13741.41,23191.41,6627.314,19417.71,6966.637
8494,14227.38,12248.14,0,0,4640.712
8495,46405.92,56957.03,6364.414,29300.16,8493.106
8496,12401.07,13946.81,0,28476.18,4872.657
8497,26017.21,56132.83,10760.04,19696.1,10576.08
8498,29797.87842,37163.04297,9136.563477,0,11849.96094
8499,20281.87,16969.69,0,8671.048,0
8500,6744.406,7732.144,0,6898.802,4937.442
8501,17097.17,32662.65,0,13475.18,5352.719
8502,18344.18,13549.83,0,0,0
8503,44272.48,34986.45,9208.264,12689.32,0
8504,23392.73,24569.55,7476.255,15286.55,9328.083
8505,27582.18,29151.69,0,8074.517,6998.947
8506,12758.49,15213.19,0,7928.988,10561.03
8507,21337.14575,48866.04883,8392.324951,13877.07715,13220.61792
8508,20988.98,33898.1,0,9924.153,0
8509,34026.51,10595.54,0,34725.63,0
8510,6138.757,12713.16,0,10320.22,5694.013
8511,16565.39,19479.41,0,14929.6,4795.375
8512,37564.73389,35831.36816,7347.018921,12099.22705,0
8513,56482.02,55715.9,9972.252,19174.1,10916.35
8514,37328.5,22858.06,0,34791.23,8849.708
8515,24220.32,20787.56,0,27343.07,5377.778
8516,12976.41,11467.84,0,0,4669.538
8517,29620.92,18735.4,5970.091,22422.73,8582.236
8518,8829.90625,25862.55176,7509.191406,10938.35815,9451.25415
8519,15949.42,24033.84,0,14190.43,0
8520,13569.88,24419.16,6215.953,10222.08,4704.825
8521,10714.28,6867.955,0,16442.75,0
8522,19586.17,7303.553,0,7825.267,0
8523,26008.25684,53566.36621,11915.27075,10901.90039,0
8524,9602.17,12857.39,0,7583.585,9115.841
8525,13395.67,8578.1,0,0,5653.394
8526,28553.17,40827.63,6335.341,20100.77,4670.559
8527,32142.6,43575.56,9594.412,27898.99,10619.73
8528,13659.16,26146.88,0,8218.38,0
8529,94935.72559,54075.06641,11491.78418,42171.07813,14516.2041
8530,18704.45,15104.94,0,9329.431,4541.874
8531,19467.82,20763.67,0,18308.54,0
8532,22995.78,60707.29,8729.665,23362.74,12433.71
8533,17260.15527,47935.92969,7843.232422,8381.831787,7541.014648
8534,34352.48,37986.88,0,21711.7,14369.79
8535,27577.79,48275.62,13894.88,14994.63,8843.805
8536,24265.73,21984.18,0,22428.15,0
8537,32874.68,41903.52,9169.53,18285.84,9632.502
8538,22524.56,35917.98,0,15098.02,4387.33
8539,30816.67773,32814.90625,8501.668945,11090.54272,7797.006592
8540,9213.764,24399.81,0,13875.95,10755.96
8541,8053.098,8379.584,0,0,0
8542,19849.23,15065.87,0,16188.91,9974.387
8543,16489.74,25809.69,0,7270.925,0
8544,20072.59,36074.87,5972.763,0,4499.772
8545,25065.7,42005.27,10295.13,18802.21,12023.55
8546,24675.29,41624.54,11460.41,13179.8,6925.427
8547,21714.61475,58467.58398,13496.34375,9707.362305,0
8548,0,10996.19,0,8550.555,0
8549,8886.931,5411.364,0,0,0
8550,7401.119,13786.76,0,6869.262,0
8551,44817.42,60852.36,6670.968,21527.62,14448.48
8552,23005.07,14270,0,11526.37,0
8553,22383.01,47636.15,6201.963,21628.57,19588.36
8554,23403.54,50297.36,15429.93,25971.06,11458.37
8555,26072.88916,51406.2666,8349.247314,17180.98096,12205.61255
8556,19483.44,33740.1,0,52621.15,5292.481
8557,27260.28,59473.2,7923.48,20272.54,29695.63
8558,10821.31,15080.48,0,9412.179,0
8559,11638.17,15284.95,0,13243.81,5195.623
8560,16034.48,19329.13,0,16671.6,4257.226
8561,23601.09,43512.71,0,15806.19,6151.139
8562,16689.78,15360.81,0,19246.83,0
8563,30254.02,31242.7,0,21310.14,5194.006
8564,10867.54114,25207.49316,0,0,7140.287354
8565,11872,25125.13,7142.799,13860.39,6568.273
8566,38630.06,60677.81,9785.379,31710.61,15805.81
8567,15066.76,14367.46,0,17922.92,5393.623
8568,18360.03,31092.32,0,12009.38,7926.079
8569,37999.52,35737.29,0,22866.5,7736.557
8570,27123.21,36132.37,0,21310.23,11291.39
8571,16254.32,36739.37,0,28572.46,5446.381
8572,15715.93,14873.31,0,0,0
8573,9400.779,29875.48,7260.959,7492.992,5667.025
8574,65811.16,32508.04,0,46449.84,13883.84
8575,20696.53,26010.31,0,32671.54,5123.5
8576,18442.84,24341.59,0,13893,8224.175
8577,18975.2,25188.37,0,16212.19,7580.371
8578,19162.92,26538.45,0,12681.39,6609.999
8579,19416.70557,34915.71387,16300.12012,14680.7583,0
8580,38008.1,46135.6,7788.925,22268.32,23100.76
8581,9019.144,7882.035,0,20315.2,0
8582,18512.77,21877.25,0,26367.5,0
8583,16801.55,23758.05,0,14315.18,0
8584,47353.15234,62649.84766,13972.34277,13801.1499,7001.999023
8585,0,10923.05,0,0,4304.212
8586,26407.64,35645.18,5456.853,18101.79,6396.907
8587,11789.82,26771.25,5438.525,13626.27,5702.439
8588,11245.64,13943.36,0,14431.74,0
8589,7298.948,11649.15,0,21784.02,4862.941
8590,21135.08057,33875.69824,9791.314941,9433.520264,8826.266113
8591,31593.39,34622.29,9572.236,22796.71,7182.862
8592,20888.39355,29749.6084,7064.099731,13672.17651,0
8593,43986.26,63185.06,0,23762.13,17445.37
8594,17088.4,27094.4,6742.584,13437.38,4629.781
8595,17303.6,31475.83,0,36496.89,6299.781
8596,16525.23,23247.9,0,11058.9,0
8597,15296.35,27678.25,0,42888.36,5070.186
8598,24360.34,36847.67,0,70447.26,5578.178
8599,25783.97,48077.98,5440.432,43996.47,6838.908
8600,12631.99,29017.24,7781.441,15513.41,18040.73
8601,26608.22,39660.85,7985.146,14303.08,11748.32
8602,8927.557,13613.19,0,10496.78,7060.448
8603,24700.24,33657.99,10467.02,19971.82,9453.682
8604,0,12929.88,0,5867.099,0
8605,27863.08,56836.85,5008.787,24098.58,14708.14
8606,49623.52,45590.81,0,11326.67,7834.215
8607,35816.79883,46260.9834,7520.532715,8558.695313,8170.302734
8608,17497.04,22400.74,0,23209.57,8828.568
8609,19768.01,27610.29,0,10869.25,0
8610,17537.54,26172.12,0,22334.56,0
8611,14702.34,17992.79,0,11311.45,5278.392
8612,41646.88,57685.47,8466.717,40753.56,14250.75
8613,27829.02,61486.95,9500.556,20082.31,12924.23
8614,7546.213,15943.76,0,0,0
8615,29787.72021,20714.32275,6190.881226,8116.1604,0
8616,8980.245,7313.608,0,15381.63,6175.244
8617,6339.997,12743.58,0,8791.97,0
8618,18828.28,20099.6,0,15849.63,9701.649
8619,30390.8,31940.19,7339.227,17537.89,9413.669
8620,36897.75635,33830.76855,12741.33008,21142.97998,13236.36987
8621,29257.98,38643.4,7028.353,19456.49,11426.86
8622,14846.64,23779.66,0,11086.72,5714.149
8623,13333.51,30094.37,7576.199,9265.843,5070.378
8624,22532.78,15061.09,0,0,7343.894
8625,21660.96924,53430.61719,8349.040527,10952.68945,0
8626,33184.69,55244.03,9833.161,16062.61,9012.215
8627,50569.56,37234.15,9696.836,32738.07,13292.4
8628,32960.06,46339.05,11272.38,38275.49,8044.525
8629,13847.47,22101.33,0,10450.22,0
8630,8064.405,11320.4,0,7647.329,8255.475
8631,17149.22,27463.14,9788.193,12710.54,5120.455
8632,13057.75,10672.21,0,10229.56,0
8633,10204.59,15414.19,0,9234.188,0
8634,42795.1,49845.3,13242.84,27660.54,22292.17
8635,29001.27,52865.73,9889.813,37615.32,10542.96
8636,12435.37,14549.82,0,6720.978,0
8637,21286.11,43896.04,9193.965,16855.94,5220.161
8638,6520.133,15472.69,0,6701.755,0
8639,22833.93,31826.03,6447.537,0,6224.43
8640,92763.74,54736.01,8349.654,92840.37,14615.77
8641,14862.81,32772.5,0,8594.293,9599.927
8642,8180.834,6117.634,0,0,0
8643,26379.6,17782.23,0,5544.649,6983.463
8644,22155.07,48851.92,6604.078,20379.57,12365.96
8645,40906.66,55984.61,14655.02,20135,11445.77
8646,30924.56,29646.25,9224.436,22984.17,13930.78
8647,16836.21,22484.06,0,19668.1,6500.977
8648,21731.2,41120.81,5906.477,16094.65,23108.92
8649,22735.32,42949.12,10680.48,17426.28,13365.87
8650,30583.29,44842.49,0,16645.97,7644.848
8651,12593.46,10471.95,0,12204.16,5966.227
8652,53160.48,12684.72,0,43111.09,6115.623
8653,25664.93,37688.83,6110.258,13725.85,0
8654,21938.3,27751.18,0,15501.78,14284.67
8655,26508.29,39519.8,7004.92,20848.36,8551.102
8656,12091.38,16908.31,0,19702.56,8524.867
8657,6788.234,27137.62,0,10724.19,9566.2
8658,14606.78,7694.094,0,15471.61,0
8659,15431.13,22362.4,0,34647.65,0
8660,42290.94092,42336.75488,15845.02734,7031.282959,12180.84106
8661,50716.67,56817.61,10680.12,35841.18,11298.32
8662,44164.38,59438.19,12104.26,35489.54,32910.33
8663,11498.05,19816.15,0,15873.31,5402.698
8664,27084.52,32610.04,0,8584.374,10232.98
8665,12435.88,30536.21,8192.113,12593.66,4382.233
8666,29332.88,19417.23,0,7947.447,8435.604
8667,29803.08,17818.66,0,30143.13,5746.64
8668,12288.92,22190.65,0,19872.49,5434.64
8669,0,5666.566,0,11320.38,0
8670,8040.141,8796.765,0,6376.4,0
8671,36044.54,46623.29,12268.5,22955.41,0
8672,27747.87,39089.21,7009.189,17567.53,10580.46
8673,99514.09,52939.67,6060.98,65675.57,9630.366
8674,98368.31,30558.8,0,67422.85,10883.87
8675,49015.54,64588.32,10676.12,21342.16,19769.23
8676,12932.93,15510.73,0,8124.369,0
8677,23410.24,20370.39,0,6353.465,0
8678,10675.96216,21000.77734,0,11921.70532,0
8679,10131.5,23859.01,0,9913.463,8497.234
8680,52730.54,44445.58,6715.595,66638.57,13584.83
8681,35292.46,49003.67,0,29130.04,17386.25
8682,29255.83,25905.87,0,19290.51,7188.811
8683,40537.27,55460.88,9267.992,25272.45,9204.369
8684,18073.32,21724.66,0,6802.91,5702.106
8685,18210.74,22393.81,9271.777,15528.44,7701.117
8686,15292.2,27304.76,0,28898.23,8535.212
8687,23795.39,30320.09,0,15040.14,8633.75
8688,13328.36,12603.41,0,10210.21,6562.098
8689,46657.72,33538.3,0,6954.48,12295.97
8690,10786.64,14690.37,0,33311.24,0
8691,10894.06,21420.56,0,15301.15,4387.967
8692,18562.76,23040.93,0,45511.77,0
8693,8497.474,11656.45,0,11438.58,0
8694,18787.25,21513.26,0,12326.66,0
8695,32976.28,41392.65,0,12316.46,7844.961
8696,17275.86,15819.45,0,8730.951,7331.306
8697,37173.08,54262.68,15863.06,24486.55,14350.15
8698,62278.28,18345.19,0,55472.36,8612.772
8699,13857.06,19396.19,0,16240.59,0
8700,10800.44,13997.84,0,14654.07,8551.123
8701,36156.48,40635.35,0,15341.67,15869.08
8702,23971.87,38434.23,0,23632.62,11545.12
8703,27353.23,26077.02,0,30380.67,8713.409
8704,43523.98,60141.36,7365.867,29522.49,15703.51
8705,14522.49,6332.483,0,12815.64,7136.659
8706,17739.77,22103.25,5591.688,17174.97,7307.899
8707,18293.62,12756.49,0,15734.12,6342.896
8708,19533.30176,26557.66699,0,25091.23438,0
8709,24451.85,45178.21,9541.099,22612.41,7413.018
8710,25668.76,36060.79,15415.63,20051.82,11955.08
8711,0,8046.041,0,7409.54,0
8712,24588.78369,41857.65918,10920.09961,8656.210938,8821.68042
8713,32387.6416,59891.85352,13889.9292,12682.39429,6990.850098
8714,10696.021,9723.262451,0,6984.209717,0
8715,17719.11,21818.08,0,8845.169,0
8716,12482.54,11419.74,0,10238.2,0
8717,29626.88623,42341.15332,6044.565796,44062.60156,6656.315918
8718,24666.51,24321.14,0,11811.69,0
8719,16027.86,21751.67,0,21458.86,8763.717
8720,14692.61,22494.94,0,15327.09,13947.02
8721,20679.51807,40940.69629,8005.229004,7457.708252,7335.394775
8722,31640.73,34285.65,8874.555,7629.12,10708.3
8723,30505.2,36052.21,0,14707.6,11126.41
8724,20051.19189,48488.3584,9711.183838,9267.450195,0
8725,17959.27954,30176.18164,6810.832764,8013.425049,9586.540527
8726,16659.37,22982.04,0,10045.97,8948.79
8727,29276.36,39766.62,5603.34,21628.95,14404.89
8728,0,10162.01,0,0,5411.355
8729,28465.6,23573.5,6682.518,50057.9,9437.109
8730,12303.96,13283.73,0,12084.43,5142.922
8731,15304.49854,36434.39551,8694.269775,0,0
8732,10777.78,13520.52,0,14864.17,4087.554
8733,66866.43,32692.58,0,12520.62,8961.543
8734,9525.008,19608.09,0,6657.037,0
8735,38957.73,46033.48,0,9892.756,6001.794
8736,10115.31,18457.32,6939.539,13747,0
8737,36473.19,43456.2,14936.12,17387.97,12147.78
8738,17412.4,15007.51,0,9252.692,4411.186
8739,27224,51865.83,12102.14,16572.47,9392.249
8740,24079.59,25572.8,6489.247,19057.26,10055.58
8741,18156.98,18371.56,0,11395.37,0
8742,23230.74,18715.49,7031.845,11982.91,0
8743,52966.13,53159.09,11941.11,24016.22,19956.03
8744,17049.64,31162.8,6379.756,11285.69,6563.837
8745,9936.903,34470.96,0,18931.06,8053.276
8746,29289.5,35500.97,6623.465,13757.39,5387.503
8747,39520.8,60136.21,17049.78,20462.17,9717.767
8748,12379.38,14850.95,0,17471.78,0
8749,47919.83,24752.48,0,50215.17,7457.27
8750,7553.604,18348.8,0,16998.39,0
8751,24654.34,19823.35,0,0,0
8752,48243.38,46712.88,5833.637,17500.24,13939.85
8753,14718.76,12684.55,0,11968.42,0
8754,19000.65,26591.58,0,14040.25,14113.09
8755,9718.542,11762.82,0,0,2907.086
8756,23165.12866,16414.65137,0,6062.425781,9825.887939
8757,15626.49,22467.2,0,9564.639,9951.759
8758,30520.37,41756.01,0,13173.65,10408.01
8759,17577.16,14190.29,0,16715.33,0
8760,22224.24,19543.66,0,15390.93,6424.228
8761,37236.89,25938.4,8577.685,24499.52,5726.435
8762,28385.21,44739.54,10671.37,32051.7,27487.51
8763,18151.61,28881.45,0,15231.66,10044.7
8764,28214.38,36580.67,8874.425,16125.92,8580.618
8765,11842.66,16968.94,0,17551.79,12083.78
8766,28747.75,38282.99,0,18952.85,11090.4
8767,32963.4458,42109.80273,8290.754395,9560.331299,7403.781616
8768,30172.5,29717.35,0,42261.66,8967.129
8769,7370.788,6539.184,0,22463.72,0
8770,19201.22,21348.3,5178.39,19549.04,11404.42
8771,8729.314,15487.51,0,9708.439,6861.113
8772,22977.01,20785,0,16800.54,5925.927
8773,16504.82,13492.57,0,7151.079,0
8774,33700.62,38034.26,7379.002,20387.76,16518.08
8775,48143.76,38859.38,0,29542.81,12528.42
8776,33323.61,45324.07,0,26900.25,14766.77
8777,8245.978,11233.49,0,7536.555,5450.139
8778,32167.15,37794.89,0,13136.59,10207.5
8779,24489.3,37825.84,5039.29,8464.928,8238.691
8780,46578.35,62612.49,13522.85,16254.47,13644.29
8781,13798.26,23407.94,0,42958.18,8003.363
8782,23361.05,43595.87,8587.985,14620.15,11120.91
8783,9816.652,21997.04,0,48021.04,4787.64
8784,14454.94,20848.19,0,19385.62,0
8785,14669.69,14085,0,8970.874,5275.737
8786,14353.52,17788.09,0,8883.335,0
8787,33899.09033,57591.41602,12564.77661,8785.696777,14654.08057
8788,14798.57,8324.797,0,11811.03,4988.273
8789,14010.18,13053.99,0,47245.88,0
8790,21491.27,58460.43,11986.11,11643.8,10220.37
8791,13859.37,17353.18,0,9480.196,0
8792,33295.11,44527.13,8556.697,20285.35,17248.77
8793,7057.515,13046.39,0,10590.35,0
8794,9779.953,12775.08,0,10561.76,4779.966
8795,14269.09,19852.14,0,8820.772,0
8796,26389.27539,60179.21094,7970.068848,0,10809.02612
8797,16100.4,12973.56,0,10261.84,0
8798,15422.52,14481.33,0,9236.09,4848.785
8799,15440.04,7755.528,0,11661.21,4963.001
8800,16269.34,18069.67,0,29527.92,0
8801,26551.33,30038.75,0,14160.35,4237.498
8802,16947.11,22728.64,6120.879,18396.71,14467.81
8803,31196.73,47422.71,0,10526.95,8981.716
8804,5986.635,18420.26,0,6451.89,6595.912
8805,21624.53,29832.33,0,17899.39,6047.23
8806,11966.89,18118.54,0,0,0
8807,0,6127.865,0,7824.097,0
8808,16923.85,32270.75,5925.513,18082.06,12507.75
8809,13852.45,28538.45,5950.894,12248.28,5884.398
8810,25787.45,42634.36,9133.212,14477.52,13053.16
8811,10453.57,13216.01,0,12180.88,0
8812,18978.16,24465.15,0,11562.2,11439.14
8813,7190.65,18294.85,0,12853.57,4586.96
8814,8584.991,10406,0,12190.52,0
8815,19226.98,15517.3,0,10378.76,6380.126
8816,16292.99,32288.12,0,13303.59,6824.688
8817,26364.37,28991.8,0,14055.92,5133.999
8818,21572.13672,45816.20703,0,15270.77002,0
8819,6773.733,11714.73,0,9475.728,0
8820,17599.42,10525.96,0,12348.29,0
8821,38318.61914,62105.56445,12397.56152,14057.7959,12853.93042
8822,7163.704,15662.38,0,7077.253,7350.932
8823,68042.70605,63286.29102,9899.889648,14465.5979,9812.713623
8824,8345.968,14363.98,0,14682.03,0
8825,20006.25,34235.6,6688.722,21049.25,12255.18
8826,33485.26,36567.92,5891.877,12625.12,0
8827,12119.79,22144.56,5749.276,10880.83,0
8828,24323.42,27124.64,7271.236,33004.77,5719.64
8829,22706.17,43615.5,0,26106.56,10091.03
8830,16162.86,21506.96,0,10657.54,7821.837
8831,15668.81,27872.89,0,12787.2,0
8832,6685.139,5793.234,0,0,0
8833,90960.08,28338.85,6260.82,66605.11,7640.176
8834,19197.3667,44472.05566,8655.36084,7961.568604,0
8835,18491,19546.7,0,7176.298,4998.299
8836,17669.03,24192.02,0,23957.15,0
8837,4819.09,7625.342,0,16965.33,0
8838,27596.82,47314.73,8612.171,23799.36,14534.66
8839,4996.345,13091.15,0,20029.41,0
8840,17202.16,21434.11,0,12599.26,5523.657
8841,18520.52,20744.24,0,10449.94,0
8842,15089.80151,23546.77783,0,7614.045776,0
8843,9824.23,23480.08,0,12982.61,7740.994
8844,26362.03,53511.52,7509.718,15701.06,15289.37
8845,30670.4,61560.08,7973.902,13748.79,9971.551
8846,14070.16431,39210.24121,11420.87866,8415.354736,0
8847,77713.4,53571.31,9996.899,55213.64,16643.24
8848,16325.92,30792.73,10694.63,15111.3,13210.84
8849,20094.81,41193.06,5988.962,13405.69,8662.684
8850,18368.5,39067.21,8651.016,12958.09,12062.46
8851,17780.17847,21763.7832,0,8106.831543,0
8852,29699.57,28370.87,0,33309.37,0
8853,8149.261,14363.64,0,0,7910.966
8854,22174.02,33797.67,6526.878,10974.06,5781.944
8855,16358.24,19785.15,6443.681,23196.58,0
8856,26871.79,48424.48,7918.931,19463.32,7362.261
8857,14355.19,15350.96,0,7465.447,7778.807
8858,13258.84,11621.35,0,9537.328,0
8859,26907.63,39813.52,6885.234,26181.58,0
8860,18529.73438,54584.35352,0,5121.28833,11080.8147
8861,15977.47,13035.78,0,10029.43,4391.13
8862,22193.06,18045.81,0,31468.36,0
8863,10703.76,16065.44,0,26849.4,0
8864,25226.01,14260.54,0,6528.798,0
8865,32105.36,38936.58,11962.86,12005.95,12919.97
8866,18112.25659,28994.97168,0,11017.25952,0
8867,42029.71,37208.46,0,26775.85,20631.28
8868,16614.09,9377.103,0,10461.6,0
8869,24553.9,28063.35,7486.552,9839.479,7171.994
8870,13183.26,17789.66,0,6099.395,6331.121
8871,25890.57,47683.9,11121.42,13915.59,10659.24
8872,16512.89,28504.73,0,14068.48,5425.289
8873,15895.6687,32573.43652,0,0,0
8874,96595.33,39718.89,5446.31,94993.05,12465.36
8875,14608.24,8953.629,0,6353.111,0
8876,23574.48,28691.69,0,15514.79,6241.698
8877,23401.46948,44738.65234,9365.811523,15315.46289,10818.01782
8878,36361.15039,60050.98438,14414.63647,10612.23145,11829.85815
8879,23549.49,27143.56,0,14361.14,7854.688
8880,32038.31,54453.37,6568.991,12706.91,11144.55
8881,18787.91,10167.15,0,6082.617,9511.7
8882,14359.09,35626.31,7323.463,12143.54,8161.047
8883,9473.332,12117.92,0,16333.23,0
8884,26812.82,39920.52,9717.057,13524.23,15413.79
8885,53226.5459,28259.24316,0,49117.19727,6038.091309
8886,34033.12,36869.79,13710.18,11089.38,7903.905
8887,35870.49,51325.52,9094.527,24901.14,15169.49
8888,8505.418,7656.798,0,7722.412,0
8889,24208.52,29491.95,0,16404.44,5254.642
8890,18641.77,32714.3,0,14437.4,5384.752
8891,0,7706.553,0,6770.731,0
8892,0,10641.82,0,0,5676.022
8893,61715.23,34859.7,6713.161,71823.54,12492.49
8894,7981.173,18651.79,0,12303.53,0
8895,23121.38,46801.37,5725.536,18359.69,11191.22
8896,13558.42,19143.87,0,14047.68,7724.103
8897,6604.611,12069.9,0,5778.864,0
8898,14755.52,26997.26,7300.938,11466.05,0
8899,8655.15,6971.761,0,11635.05,0
8900,14675.66187,29717.45117,5713.606689,0,0
8901,43637.65,32661.43,0,14569.96,9997.335
8902,0,9338.741,0,10029.63,0
8903,15492.48,17995.27,0,17223.48,0
8904,35364.48,47512.02,6718.393,31747.96,18036.75
8905,9310.414,10881.81,0,0,3887.08
8906,7898.527,11969.09,0,17978.64,0
8907,13159.25,20151.19,0,14128.94,0
8908,13013.84,13389.65,0,29390.21,0
8909,0,7086.344,0,10075.55,0
8910,65530.88,24286.3,0,67797.89,10406.1
8911,8533.941,14217.56,0,19846.76,5033.279
8912,16446.80542,25358.46191,7324.097412,6873.948975,8662.428711
8913,32694.7,52961.31,0,27569.98,15595.28
8914,18082.14,20125.91,0,9799.784,5726.856
8915,19917.9,21214.4,6241.159,16077.19,8455.508
8916,30773.32,49925.04,10786,16947.06,14393.41
8917,17956.3,18179.43,0,0,0
8918,33706.79,16913.73,0,32385.55,0
8919,5737.943,10193.95,0,14448.94,0
8920,14846.68,40648.42,7750.425,19867.74,11441.92
8921,22522.40405,45561.51074,8770.401123,13666.85889,0
8922,16212.98,17229.59,0,6149.291,7594.077
8923,29304.04,32392.81,6275.953,12794.4,9469.604
8924,34953.5,47006.95,9403.196,19339.91,14255.52
8925,10942.86,7134.635,0,0,6324.533
8926,16721.83,12135.9,0,9060.026,6010.044
8927,0,6799.481,0,0,6831.962
8928,32186.26,58994.69,9246.161,24733.47,20177.92
8929,21078.62,32335.59,11619.36,10239.93,11591.72
8930,21740.22,34458.53,6157.921,9932.017,12288.69
8931,22819.38,37094.71,7813.26,15330.13,9290.627
8932,28799.64,26923.35,10051.03,11456.01,10781.07
8933,42687.15,44209.77,14526.05,12490.97,7066.454
8934,24623.08,37849.74,0,13962.4,17178.77
8935,18775.73,27858.99,6449.134,12281,4580.831
8936,30563.78,28590.15,0,20800.87,16972.84
8937,24008.69,23639.54,6113.234,12750.72,0
8938,0,6459.379,0,8525.124,0
8939,10070.84,12371.86,0,7380.693,5133.263
8940,10744.53,13060.96,0,22420.29,0
8941,24165.3,51548.1,11911.95,12745.56,15638.61
8942,81851.65,27602.94,0,57451.78,12894.49
8943,0,6639.57,0,5371.264,0
8944,31487.65,25816.88,0,25027.28,5097.752
8945,19630.3,28173.86,0,12820.12,9429.201
8946,37841.25,43238.88,7530.276,29165.25,17440.17
8947,24462.59399,33678.26465,0,7235.699341,0
8948,17741.45,7291.969,0,19119.53,6272.222
8949,27541.75,59055.77,8716.224,25849.65,13233.47
8950,10361.08,11511.37,0,6968.837,0
8951,18790.84,18493.63,0,7545.437,9438.685
8952,14577,25707.88,0,13605.83,5891.856
8953,34518.03,58620.79,12446.07,27170.66,20481.58
8954,10822.58,14899.82,0,0,0
8955,12540.5835,28732.2168,7961.398682,7367.841553,0
8956,24088.33,37666.9,9425.002,14486.59,7369.544
8957,14604.22,23007.57,0,13441.48,8911.519
8958,10305.79,7974.628,0,10296.12,0
8959,16451.56299,47497.67871,8751.404053,7638.516357,13160.32373
8960,10995.08,14575.44,0,7355.833,4939.367
8961,7443.853,12300.64,0,0,0
8962,27841.16,22745.97,0,15837.88,8129.31
8963,12604.74,28306.24,0,0,5250.086
8964,26469.15,30684.56,6142.239,18307.69,16921.15
8965,18529.51,12401.93,0,10922.5,0
8966,30793.59,18971.35,0,31384.66,0
8967,9325.171,16826.73,0,10037.05,5376.061
8968,11048.13,31518.4,6145.411,8287.823,9325.198
8969,20060.47,29384.03,0,6748.93,8803.062
8970,31150.44,37747.56,5484.584,13508.93,8401.623
8971,15722.26,12796.85,0,0,0
8972,8567.492,14859.12,0,9826.059,0
8973,28112.02,45193.54,8440.146,14361.8,8075.181
8974,14767.22009,41880.19238,0,7950.077393,12973.46143
8975,28566.57373,44205.19824,8914.159424,11015.86377,7104.432007
8976,8969.044,15057.76,0,5356.237,0
8977,10892.13,11954.74,0,10157.72,0
8978,12107.02,7006.493,0,8627.47,6296.389
8979,16322.52,27327.19,0,13605.64,10662.03
8980,10605.09,6240.215,0,0,0
8981,0,8463.816,0,0,4218.25
8982,29312.69,38052.26,0,26714.41,8734.918
8983,8482.667,23175.94,0,14627.58,16423.87
8984,22864.73,25161.41,0,12772.86,6073.475
8985,18532.84204,23070.65625,0,10905.81689,0
8986,29856.84,34914.43,0,36080.24,9873.146
8987,30181.25684,54393.57617,13640.83545,12060.46631,6733.927734
8988,19880.95,13534.33,0,12333.89,0
8989,15278.96,26344.48,0,14888.29,10286.42
8990,17889.83,40958.66,9772.574,11500.33,11081.23
8991,10904.01,21865.69,0,34419.01,0
8992,14476.42,22138.15,0,20970.92,6809.328
8993,15189.84,27169.69,0,76358.74,0
8994,8444.335,6665.224,0,0,0
8995,9928.838,30417.82,0,12006.56,10022.22
8996,9131.019,21661.85,0,0,0
8997,37383.49,36010.33,7759.026,11413.82,10979.9
8998,10758.92,24650.14,0,11781.35,9146.56
8999,18430.67,21749.86,0,8133.111,4924.898
9000,27003.16,28779.79,6404.331,21616.97,8369.817
9001,29080.77051,59874.13867,9893.333008,7305.582642,8391.20459
9002,0,13503.58,0,13310.47,6578.938
9003,6727.704,14126.95,0,9710.094,0
9004,18495.96,34291.32,6597.622,12948.56,5026.753
9005,29823.44,57305.83,11989.38,21382.34,19140.45
9006,30510.2,40550.34,9670.5,23216.29,5551.963
9007,15013.15,13776.86,0,0,0
9008,14106.15,12042.55,0,22353.74,0
9009,28842.45,39255.13,6662.143,24043.09,11442.05
9010,16870.03,14429.04,9972.781,14971.65,5720.878
9011,24759.98,45401.71,6712.085,35935.76,11135.84
9012,8876.449,14315.48,0,11578.86,4057.157
9013,9276.124,13062.88,0,8209,0
9014,23710.63,47726.67,14352.22,13967.23,11748.46
9015,12713.92,10370.15,0,13540.35,0
9016,18487.66821,19029.17578,0,0,0
9017,17406.26,12180.35,0,9294.131,5238.761
9018,16625.58,17106.08,0,8447.612,0
9019,16408.82,17122.69,0,14778.06,9854.953
9020,14873.38257,40127.12109,6802.111938,9588.744385,0
9021,34531.04,47921.57,5868.848,16084.54,25636.66
9022,7269.674,6919.751,0,6680.308,6239.506
9023,33020.97,46771.54,0,14607.71,9431.561
9024,15575.84,18365,0,12628.15,7709.731
9025,17479.82,11690.33,0,0,0
9026,21720.72,21384.06,7455.607,8112.041,5193.655
9027,27077.88,23543.91,0,24839.8,4891.267
9028,33837.07568,48277.79688,8875.033203,8557.801758,0
9029,0,14147.79,0,5757.232,6807.898
9030,8923.094,9278.051,0,21642.23,0
9031,12720.56,13922.8,0,0,6287.323
9032,12679.85,12233.82,5689.205,6921.391,5935.534
9033,30007.09863,48119.42383,14159.3667,0,6069.094238
9034,19501.74512,48249.32129,9807.136963,8887.580078,0
9035,20308.7,18741.72,0,14542.27,10132.41
9036,19246.04,46448.33,10128.88,16677.25,5324.01
9037,12264.6,15860.44,0,18894.96,0
9038,10846.35,13531.87,0,8515.305,4956.951
9039,16943.07,32499.46,0,13449.2,8693.658
9040,27798.85,44301.95,10599.49,24196.87,10967.87
9041,33058.21,63361.52,15284.21,21740.34,18441.81
9042,35251.47852,40269.91309,11097.45093,12715.94702,14189.88989
9043,5162.18,12046.65,0,0,0
9044,25968.28,40613.74,0,15421.25,6335.229
9045,15261.06,8211.835,0,7324.259,0
9046,35452.95264,45818.42578,7787.519043,14037.18311,11034.32446
9047,28499.22,37741.13,0,11689.96,11569.5
9048,18061.71,22292.57,0,7362.388,4339.695
9049,21089.9,48544.38,13596.45,16078.62,9336.709
9050,39178.69,63415.61,12139.13,26473.71,20544.01
9051,18961.14,27161.26,7555.237,15486.69,9204.255
9052,18692.69,32562.37,0,13065.45,0
9053,12771.22,10320.75,0,0,0
9054,19135.39,19978.92,0,8432.767,0
9055,0,7459.25,0,0,4838.107
9056,68032.56,46142.25,8925.095,19228.71,16062.47
9057,14648.59,19910.31,0,9359.262,0
9058,0,11002.28,0,9025.04,4661.01
9059,26526.06,31896.81,0,0,4996.714
9060,0,8107.515,0,0,6232.291
9061,21749.68628,25796.10791,0,5933.090454,0
9062,13654.7,14515.62,0,15758.97,6172.153
9063,10392.04,12394.13,0,7968.187,0
9064,34151.87,50521.37,14505.09,21386.87,9582.114
9065,12424.69,24775.75,7315.251,10802.83,0
9066,6823.511,14933.3,0,10151.47,5192.896
9067,18343.21,14266.14,0,0,0
9068,28889.25,47501.92,0,18880.67,11866.91
9069,10903.24,11394.34,0,6878.859,0
9070,17275.03,19119.08,5674.037,0,5405.674
9071,33548.31,52864.31,6937.027,11036.87,9314.891
9072,35424.54,57033.36,9246.72,15179.21,10859.93
9073,8018.142,14422.44,0,15641.83,0
9074,13455.44,16744.08,0,7874.161,0
9075,12783.63,24485.6,0,8337.932,13507.12
9076,16234.74,18513.65,0,7366.518,0
9077,0,11815.75,0,10144.83,0
9078,27715.604,64538.83398,8957.830078,11955.08203,9498.996094
9079,13656.24,28762.22,0,9639.079,7181.44
9080,26431.48,61606.09,10312.58,21306.42,18121.31
9081,28569.9,28138.01,12278.86,11617.14,10977.29
9082,22080.36,20091.08,4993.536,7128.201,9276.146
9083,16813.51,32062.38,9307.707,14648.02,11091.85
9084,38565.52881,49600.98535,10472.68115,9849.103027,10379.93286
9085,19762.08984,27072.99365,0,10586.06128,6044.867065
9086,21574.48,27067.21,0,9455.391,0
9087,17651.12,49206.29,10382.2,16302.29,13039.82
9088,14205.11,21485.27,0,14125.13,9340.627
9089,17273.02,39382.38,6512.477,20201.55,10224.67
9090,9268.4,22850.04,0,0,5432.516
9091,5779.294,8494.534,0,0,0
9092,19538.24,21930.48,0,36867.37,0
9093,26029.61523,51267.18945,11837.1438,10291.71753,7788.331787
9094,9058.166,9718.861,0,0,0
9095,21539.34,33539.21,0,12927.85,7967.242
9096,13608.1,43667.32,0,8260.883,6043.825
9097,69342.91,23576.1,0,52439.42,5532.753
9098,34001.76,43953.54,8249.088,17330.19,16575.18
9099,12169.57,15137.52,0,0,6974.759
9100,15129.89,29051.46,0,14441.58,6824.982
9101,15106.15,24236.14,0,48042.4,0
9102,5766.816,6245.527,0,8509.837,0
9103,14625.99,13804.11,0,0,0
9104,9915.313,18389.2,0,33205.49,0
9105,46103.15,34067.91,0,0,0
9106,6308.206,11991.65,0,25426.27,0
9107,10114.12,11509.17,0,8916.957,0
9108,18828.78,33326.21,7436.532,12368.16,15349.95
9109,21870.59,36773.18,6602.698,17643.71,8426.302
9110,11121.08,7429.213,0,6076.76,0
9111,9934.515,14164.99,0,9241.955,0
9112,18584.58,20576.52,0,10275.75,7196.915
9113,10935.34,30869.59,7689.814,9374.876,0
9114,0,13500.03,0,9899.983,5990.891
9115,31099.36,54267.51,11478.91,17926.89,12170.1
9116,14712.74,10600.65,0,15129.69,0
9117,12682.7,12674.53,0,0,5338.036
9118,61307,29023.53,10075.53,13717.23,13033.75
9119,15469.64,40977.04,7264.624,16516.55,12040.44
9120,7194.483,17662.46,0,8316.708,4517.137
9121,30869.58,65242.36,11432.18,33012.95,20666.33
9122,0,7018.767,0,6644.061,0
9123,13779.65,10573.4,0,7052.896,0
9124,11057.88,16909.22,0,10051.42,7229.591
9125,57164.63,57436.76,10259.86,16749.41,15166.41
9126,10405.05,15251.19,0,7293.52,4572.89
9127,15703.04,29811.55,0,14130.95,6505.078
9128,46406,55851.97,12478.72,20366.47,12256.96
9129,22497.23,44723.56,6655.865,24219.97,12016.36
9130,17790.12354,28415.56152,5889.467773,0,0
9131,10610.44,7589.87,0,6528.793,0
9132,14668.33,20434.9,0,6370.169,0
9133,35843.3,45815.28,7510.064,23434.48,23318.45
9134,9825.842,7208.292,0,0,0
9135,9052.173,13845.52,0,12131.01,0
9136,23204.65,33094.66,7875.025,16191.46,9081.291
9137,10420.5,7748.389,0,6064.867,5762.301
9138,18304.44,17153.13,0,8284.92,0
9139,12759.66,23752.16,0,9999.044,9571.62
9140,15947.83,33764.7,0,10865.78,12831.4
9141,6910.738,8356.354,0,0,0
9142,22637.06,34362.38,14623.46,18215.57,10127.07
9143,19319.93,40705.67,10735.9,12520.75,12880.82
9144,9221.726,22857.93,0,14245.24,6115.159
9145,7435.895,18488.2,6494,6707.463,5493.342
9146,9195.467,18644.84,0,14612.41,5959.042
9147,50179.89,38186.12,0,23491.61,9740.366
9148,15020.85,40456.8,0,15698.99,14565.09
9149,22475.17261,53959.37305,15869.52588,16217.36035,0
9150,12677.28,8056.672,0,8726.762,0
9151,30490.46,60690.29,9536.738,24399.78,9120.134
9152,6122.92,14219.19,6085.348,6791.436,0
9153,15181.46,18802.23,0,0,0
9154,100912.2,44315.36,6777.634,82831.93,14134.08
9155,18934.52,33021.88,6970.323,19368.17,7469.501
9156,17012.54,18860.88,7681.763,12911.14,5376.076
9157,52636.61,59917.55,12686.31,14197.37,12400.2
9158,12613.41,9264.144,0,7504.468,0
9159,22983.39,29496.71,6291.396,12259.22,10704.38
9160,41836.75,41776.19,8605.572,10304.27,9421.623
9161,8107.406,18036.85,0,11442.99,5483.83
9162,6968.817,12617.93,0,37150.67,0
9163,10184.88367,39154.10059,6612.891846,13770.04395,0
9164,8062.183,8994.065,0,0,0
9165,8716.393,16681.79,0,0,0
9166,18880.07,7403.983,0,15831.95,7306.091
9167,19122.71,36569.89,5567.241,19887.23,10429.89
9168,8073.128,13680.82,0,12361.13,10158.13
9169,6746.414,11579.03,0,8695.576,10748.8
9170,17168.39,13827.22,4753.769,6693.712,0
9171,21641.27,24667.9,0,14845.17,14202.24
9172,9054.24,13778.39,0,19277.95,0
9173,24204.3,16725.63,7830.277,0,6549.433
9174,0,4340.238,0,0,5202.186
9175,30183.15,22254.87,0,11368.09,9596.18
9176,8707.769,8140.047,0,0,0
9177,8077.157,7717.405,0,9780.9,0
9178,14459.34,25715.37,6643.929,8697.128,5218.823
9179,10628.08,36198.58,6993.966,11903.49,12363.8
9180,23884.04,34267.64,0,15921.62,8353.751
9181,27039.38,55914.81,9632.413,15099.07,9091.655
9182,15000.55,9086.757,0,0,0
9183,10401.35,9435.122,0,0,5554.559
9184,0,21270.18,0,11886.2,11297.17
9185,17140.09,13480.57,0,6609.112,4893.452
9186,18197.89,44108.09,6904.719,16446.34,17649.12
9187,33840.24,64409.37,15008.45,19045.29,15773.5
9188,34718.32,31425.81,6538.799,12937.91,11847.03
9189,15221.61,21430.45,0,0,0
9190,40484.22,14001.43,0,31530.21,6346.176
9191,10077.95,21350.36,0,27857.64,0
9192,53934.03,23685.53,0,9072.245,5489.709
9193,33937.61,42155.73,0,10027.42,7859.689
9194,20304.08,28929.22,0,16851,10688.45
9195,21031.44,34982.57,0,13696.77,8655.747
9196,15889.02,13625.09,0,0,0
9197,8270.814,7877.568,0,0,0
9198,51111.48,46320.31,0,23355.36,17379.66
9199,39805.51,62813.58,10707.31,15187.4,17917.98
9200,29965.76,45093.1,8105.27,20016.94,22669.21
9201,12109.13,6646.691,0,0,0
9202,17138.04,13777.34,8321.116,9729.399,5726.6
9203,7690.194,6851.188,0,0,0
9204,16027.58252,51249.67188,0,0,5777.538208
9205,5818.064331,31124.75781,0,0,0
9206,16231.16,6469.207,0,0,0
9207,7324.192627,59953.09668,4964.119507,14101.56885,0
9208,19611.41,26087.52,0,12444.54,5609.237
9209,12434.23,34950.75,0,5301.911,10083.34
9210,7955.28125,22877.24072,0,0,0
9211,45895.73,47057.4,9796.92,23368.16,11001.38
9212,18506.19,41888.83,9307.751,13008.49,12061.88
9213,13973.06104,51845.89551,0,9129.337402,0
9214,15248.14087,54056.7002,0,14282.27002,7793.054199
9215,10940.55,17179.79,0,16798.74,0
9216,10093.37,6129.327,0,6722.076,0
9217,29904.4,33750.67,0,19058.94,15515.55
9218,9101.180176,57784.82715,0,0,0
9219,7411.735962,42441.19629,0,0,8416.037842
9220,8278.46,7691.726,0,0,0
9221,21668.92,34539.73,7287.877,15941.4,0
9222,9573.153076,59198.18066,0,0,0
9223,17399.37061,61920.52148,8141.634766,12814.3623,0
9224,17249.90771,54876.03027,0,6971.001221,0
9225,33106.64,53985.98,11766.43,21754.13,22060.85
9226,8814.043,13010.35,0,0,4514.562
9227,53889.08,39697.74,0,17176.22,18153.42
9228,19705.25,43258.71,6502.016,23669.5,17449.76
9229,31150.11,29132.99,0,11807.85,7779.028
9230,12475.38647,11572.35767,0,0,0
9231,48816.17,59251.25,15175.73,20783.25,13882.58
9232,13174.05493,63292.0918,0,0,0
9233,0,28166.22461,0,9039.656494,0
9234,32611.34,61316.33,0,15315.15,9059.118
9235,11901.56787,47684.21875,0,0,0
9236,26648.34,54080.72,9635.375,8005.225,8051.239
9237,8177.464,13929.47,0,0,0
9238,12198.03,8730.44,0,0,0
9239,12821.56543,43365.18164,11371.31396,0,8903.087646
9240,10521.36536,37957.1748,0,6074.635376,0
9241,9893.478271,46811.56055,0,7270.244629,0
9242,7921.73999,41636.24707,7180.197998,0,0
9243,0,9961.316,0,6594.975,0
9244,27501.8335,62574.93555,18020.75,14869.87378,7340.242065
9245,6993.879,11166.61,0,0,0
9246,0,6475.251,0,8325.037,0
9247,19990.46,38975.05,0,15230.25,11105.35
9248,0,10133.59,0,6365.818,0
9249,10770.73,16823.28,0,7542.064,0
9250,0,13391.18,0,9666.443,0
9251,6547.6604,40621.4248,0,10985.84888,0
9252,0,36163.96289,5577.479492,0,0
9253,9594.524,18979.22,0,0,8894.871
9254,35634.52,37372.52,11369.36,15466.58,6896.169
9255,11180.7627,50815.24707,0,0,0
9256,11337.35522,60207.19922,0,6183.783447,6954.371216
9257,7371.787231,25914.31885,0,0,0
9258,7636.207642,38775.25098,5457.948975,0,0
9259,11203.38,32213.87,0,10759.52,0
9260,0,13028.9436,0,6721.016479,0
9261,7973.172729,16659.24219,0,0,0
9262,10342.28113,63275.3125,0,12581.06323,0
9263,7518.862549,27981.53516,0,0,6286.385254
9264,8781.514893,55171.16602,0,9922.820313,0
9265,8313.6521,31602.20313,0,0,0
9266,40952.34,44734.56,10179.85,19855.04,24503.76
9267,9979.613281,58251.25195,0,12760.59937,10221.31396
9268,12842.15,16944.15,0,7104.679,0
9269,0,30147.05371,0,6637.235718,8808.11792
9270,14511.25,44145.88,8869.566,8446.008,4533.606
9271,10070.93738,43332.11816,6049.769775,6740.457642,5988.557739
9272,37167.61,48312.84,0,32732.28,29225.57
9273,15179.55908,59463.2832,0,13881.88257,0
9274,17806.51196,12494.08008,0,0,0
9275,8520.784424,45153.00781,0,7410.296631,0
9276,15041.3,30961.29,0,0,0
9277,11805.58411,42887.0918,0,0,0
9278,10006.44,32835.07,0,0,0
9279,16773.45,7239.448,5542.353,5879.662,0
9280,12292.63,24978.83,0,9514.64,0
9281,9994.361,16277.27,0,15073.8,9340.812
9282,10179.4,35841.63,0,10074.49,0
9283,5181.641479,42118.78125,0,0,0
9284,20904.8479,22510.35986,0,0,0
9285,11317.5,41094.39,5848.627,9539.174,5379.17
9286,8944.78833,37012.04883,0,6565.893311,0
9287,22414.34,53322.42,8996.661,19995.1,15893.53
9288,8427.734131,20020.44287,0,0,0
9289,13098.74,28347.09,0,7976.514,4717.713
9290,10072.19,18121.06,0,15538.84,8424.083
9291,7714.894531,36644.90234,0,0,0
9292,10706.38,32184.91,0,6239.748,0
9293,0,13205.72,0,0,6979.058
9294,7665.976,44369,0,12635.21,0
9295,7092.181396,22604.21045,0,0,0
9296,11517.45,7149.079,0,8639.993,0
9297,7378.040527,11211.40601,0,0,0
9298,8910.504,48342.38,0,9041.785,0
9299,15588.28,62327.36,0,15319.89,0
9300,18871.1,30946.89,0,8776.309,10791.86
9301,11223.31,49920.37,0,14980.92,0
9302,17945.23,57620.54,6702.105,18549.03,0
9303,0,43226.47363,0,5445.939697,0
9304,7344.808,27834.94,0,0,0
9305,0,20773.35,0,0,4011.225
9306,17178.4458,39506.54102,0,0,0
9307,7005.635254,11413.6062,0,0,0
9308,17430.48,19171.43,6889.679,12805.14,8914.809
9309,9822.497,51995.31,0,12564.72,0
9310,12470.43,30378.42,0,0,0
9311,16961.31,19776.96,0,8752.746,7243.55
9312,8073.016602,35363.82715,0,13241.54346,0
9313,18394.91724,43247.21094,10971.36353,9327.860107,6564.100098
9314,12111.7,55480.34,0,16748.68,0
9315,37593.24951,41779.69824,6404.394775,10668.70044,7468.33728
9316,24245.37817,15614.03613,6843.28833,8438.122314,0
9317,19117.29,51631.84,0,14351.36,0
9318,7946.342,9284.669,0,9583.351,0
9319,10060.33264,25496.91895,5276.298706,0,0
9320,22499.94,44692.5,6235.7,0,8504.252
9321,14573.49805,30763.03223,6319.846436,7938.658691,8989.721191
9322,8357.239,29757.2,0,7588.771,0
9323,9734.229,34353.73,0,10941.63,0
9324,6377.685,8034.322,0,0,0
9325,15935.78,29988.68,7605.46,7669.354,8316.521
9326,14566.65,35258.49,0,7930.617,0
9327,6940.443,9591.712,0,0,0
9328,17336.87,58503.02,0,14624.36,0
9329,9060.099976,18111.29199,5569.539307,0,0
9330,0,21371.14844,0,8124.834229,0
9331,7390.533,11165.72,0,0,0
9332,10347.04,49354.67,5866.007,6225.981,0
9333,8531.703,48472.85,0,13617.38,0
9334,40875.604,45596.34961,6163.514038,12150.95337,14339.76318
9335,13223.1,54748.39,5847.969,7429.824,0
9336,0,59492.33,4600.818,14259.52,0
9337,6717.125,10417.16,0,0,0
9338,15963.37,60161.74,8784.733,11765.26,0
9339,15209.31519,26825.48438,6445.501831,0,0
9340,9630.068115,13139.38037,5753.859375,0,0
9341,7674.854,24927.69,0,0,0
9342,0,23968.61,0,7961.932,0
9343,32119.03613,24788.03223,0,0,6716.556641
9344,11563.39,52183.03,0,11632.04,0
9345,27040.28735,26018.54492,0,6592.418823,0
9346,0,19748.26,0,8556.917,0
9347,14866.91,49763.42,0,10216.7,0
9348,20068.42,58818.03,5681.488,16020.42,0
9349,8780.926,43667.63,0,8671.059,0
9350,7420.602,9151.075,0,0,5934.559
9351,8541.984,45176.29,0,7766.028,0
9352,0,9447.277,0,10012.68,0
9353,0,27770.08,0,7372.285,0
9354,11765.7,35128.86,0,10571.41,0
9355,9299.446,56040.22,0,10201.19,5781.885
9356,0,6090.837,0,5820.932,0
9357,8156.047,59506.87,0,9055.388,6815.83
9358,0,23901.57,0,8362.82,0
9359,0,41314.61,5638.074,11362.78,0
9360,13752.23,13347.96,0,0,0
9361,8240.449,27221.55,0,7718.74,0
9362,13194.25,57169.97,0,10961.41,0
9363,17361.17,62760.51,0,11987.5,5356.219
9364,10731.86,27795.82,0,13624.48,8039.405
9365,16054.71,55009.67,0,0,5462.344
9366,7058.413,11367.85,0,9156.391,0
9367,0,38617.88,0,12647.22,0
9368,11163.61,34015.69,0,10844.47,0
9369,13851.33,49410.81,7582.26,0,4076.954
9370,15770.92,42071.47,0,10321.46,4399.119
9371,11699.23,56890.26,0,12526.89,0
9372,11224.45,52766.06,0,7603.236,0
9373,35483.62646,37663.41797,6406.271118,0,6406.420654
9374,10268.8,50432.38,0,7761.425,0
9375,0,7774.185,0,5970.742,0
9376,0,27201.65,0,12232.88,0
9377,8305.997,15410.66,0,0,0
9378,17310.04,13560.25,0,11226.79,0
9379,20938.51,36464.35,9224.338,9106.601,10724.7
9380,6935.432,31795.16,0,8680.705,0
9381,0,31705.66,0,13663.91,0
9382,6391.472,20897.09,0,6808.071,0
9383,7006.462,30590.24,0,8133.732,0
9384,16875.38,33227.23,0,12856.87,4656.353
9385,15769.98,31352.19,0,9060.278,5508.282
9386,0,26800.67,0,5614.889,0
9387,0,28978.78,0,12474.53,0
9388,14584.11,17802.04,0,13672.26,5946.541
9389,11659.48,7021.325,0,0,0
9390,10200.53,26691.46,0,13822.6,5151.974
9391,8363.798,39575.11,0,12265.82,0
9392,0,13586.25,0,7118.88,0
9393,0,6148.363,0,9744.113,0
9394,0,42803.7,0,8689.175,0
9395,15772.26196,24318.26758,0,0,0
9396,14719.76,29600.87,0,10654.65,6228.02
9397,8639.228,44420.5,0,15443.84,0
9398,8868.461,13925.32,0,10065.87,0
9399,9793.81,23168.43,0,11474.45,0
9400,6691.656,14513.57,0,0,0
9401,10326.04,30854.68,0,7286.23,0
9402,9395.741,47256.69,0,10605.56,0
9403,12098.92,18946.51,0,28122.08,0
9404,8393.756,43766.86,6202.183,8628.356,6747.667
9405,6898.117,25163.62,0,0,0
9406,16952.35,17934.75,0,11057.44,0
9407,9948.017,26824.89,0,0,0
9408,19340.9,32750.67,0,0,0
9409,0,25815.41,0,7635.836,0
9410,13917.80762,34628.14648,7729.093506,8490.917236,0
9411,11225.08,45696.32,0,17374.79,0
9412,0,29140.81,0,6683.107,0
9413,0,9027.278,0,6530.086,0
9414,13839.4,36443.25,0,6495.864,0
9415,9291.982,21849.78,0,0,0
9416,11023.78,51074.76,0,14658.16,0
9417,0,18593.2,0,7309.15,0
9418,14019.24,55816.38,0,20828.35,0
9419,11648.77,31053.89,0,0,4126.025
9420,26529.25928,30063.81934,6325.348511,11445.3728,0
9421,0,6098.152,0,6098.234,0
9422,10603.01,33224.55,0,6430.04,0
9423,10061.98,22872.72,0,0,0
9424,17176.52,28828.71,0,13779.95,17922.94
9425,6747.359,40516.73,0,12132.73,7810.578
9426,6984.117,9746.797,0,0,4314.295
9427,7146.733,14416.91,0,0,0
9428,0,16139.77,0,7314.861,0
9429,29454.2168,36422.10156,6963.341064,17755.10107,6868.637939
9430,18495.42139,49505.08398,10937.51636,11484.77124,5956.124023
9431,18849.76,34879.92,0,9832.877,0
9432,13326.49,55216.55,0,10343.46,5290.244
9433,9804.867,15497.19,3174.481,7013.848,0
9434,16850.91,58602.31,0,18418.98,0
9435,5828.46,35512.12,0,9416.94,0
9436,13675.77,14331.05,0,0,4883.926
9437,10594.53,8122.875,0,0,0
9438,12967.22,17267.98,0,0,8965.882
9439,11538.65,16963.07,0,6869.967,0
9440,0,15222.92,0,9002.578,0
9441,13767.02,12708.86,0,8317.772,0
9442,9596.4,13092,0,0,0
9443,7641.408,62602.82,0,10294.15,4597.368
9444,6679.946,7365.375,0,0,0
9445,7112.608,26478.38,0,8804.936,0
9446,27903.06,29456.5,0,40467.49,11200.24
9447,7582.506,18689.84,0,0,0
9448,22802.66602,42118.12695,8164.040039,0,12803.34351
9449,9885.164,45852.87,0,0,6022.451
9450,14584.63965,26412.90283,5968.105469,7040.521729,6281.210938
9451,10768.55,29842.34,0,10767.96,0
9452,29911.80322,41987.47949,5703.553589,19159.56592,0
9453,9929.333,12977.29,0,0,0
9454,36914.06152,56756.50195,14431.66699,11817.79199,0
9455,46009.55273,51912.01855,12025.86255,17737.51953,13892.83105
9456,16650.11914,41675.85156,8475.125,17492.59619,0
9457,11950.62,14948.42,0,10199.02,11554.65
9458,9721.835,23612.61,0,0,0
9459,0,31213.68,0,14735.15,0
9460,0,31909.9,0,9819.417,0
9461,6846.736,6317.403,0,0,0
9462,9364.027,12594.32,0,7872.77,0
9463,0,14793.12,0,0,5061.172
9464,9976.674,12323.53,0,0,0
9465,59836.44,47482.89,5923.796,18046.23,12785.77
9466,30436.87109,56632.87891,12949.38525,13462.58545,14823.8291
9467,22568.56,23654.66,0,14493.94,0
9468,9582.679,20480.68,0,7120.161,0
9469,22428.59375,44754.61328,11336.90283,8540.233154,0
9470,5573.69,26334.18,0,0,0
9471,0,7958.934,0,0,4772.173
9472,12204.78,5258.55,0,0,0
9473,16061.68,10593.65,5357.007,9859.688,0
9474,28836.46,50555.81,10463.43,14879.83,9264.06
9475,6434.863,5257.401,0,0,0
9476,0,12869.95,0,7486.415,0
9477,31455.92432,32889.31543,8987.04834,14157.65869,0
9478,6653.884,13815.77,0,0,0
9479,0,35439.67,0,12240.48,0
9480,0,33159.03,0,0,5073.387
9481,8853.286,29692.36,0,6532.463,0
9482,10355.99,15469.96,0,7445.727,7066.214
9483,14821.75415,26832.19873,0,6873.131592,6758.06665
9484,30384.14,21603.89,0,15166.04,0
9485,32586.83887,64927.45117,6790.887817,11105.51123,12748.40161
9486,39436.75,61630.7168,10848.00269,22442.37598,17263.8999
9487,9507.723,7618.912,0,0,4732.48
9488,6788.427,25740.13,0,7120.308,0
9489,13951.05103,33571.35547,6464.753174,0,8390.217529
9490,46013.47,51359.64,12756.78,15318.15,7336.126
9491,6907.696,20676.95,0,6757.588,0
9492,0,28296.06,0,9286.55,0
9493,0,23328.95,0,7657.334,0
9494,12077.22,52927.25,0,15991.8,7673.53
9495,9532.219,37819.18,0,11200.68,0
9496,20375.34521,33182.8877,7313.650146,14825.06348,0
9497,6567.946,13225.75,0,0,0
9498,0,38269.18,0,10988.99,0
9499,28554.02539,58855.93359,14040.46045,0,7514.176636
9500,31279.43359,42693.47559,6111.698486,15592.27051,8959.348389
9501,17281.62,11630.98,0,0,0
9502,30917.06,39318,0,18265.09,7729.354
9503,7614.683,9618.95,0,14899.99,0
9504,9001.688,10752.05,0,0,0
9505,17702.15,23604.59,0,12250.02,0
9506,34317.48486,57362.57715,8670.797363,8562.688721,14888.17236
9507,26218.11182,59981.34961,7847.730469,0,0
9508,15613.89,26276.5,0,0,0
9509,23359.26,51097.19,0,13247.35,7632.412
9510,15013.48,24860.48,0,74606.99,9838.345
9511,9232.691,37135.8,0,8741.984,6528.289
9512,9557.435,58357.91,0,20045.1,6903.142
9513,16357.23,17199.33,0,9120.849,0
9514,5529.656,15752.73,0,7557.816,0
9515,6378.496704,12811.66748,0,0,0
9516,18866.4,39115.92,0,79002.45,4856.224
9517,11783.42,18036.94,0,13077.43,5000.739
9518,14214.3,41372.51,0,18199.76,0
9519,23334.79,34458.74,9972.719,13681.27,6290.636
9520,9380.177,15673.23,0,12228.59,0
9521,15388.44,19489.51,0,8568.712,0
9522,0,25917.17,0,10327.73,0
9523,33035.56,33994.65,8361.114,22811.38,6103.691
9524,30490.3,60991.17,9065.089,34055.55,32485.68
9525,10940.01,38410.39,0,0,0
9526,19496.48,15689.54,0,41648.96,0
9527,7514.93,13754.24,0,6669.556,0
9528,9646.937,50423.96,0,13513.62,0
9529,17143.78589,62003.27539,6581.121338,9706.561523,6777.304565
9530,8237.915,34548.63,0,11165.69,0
9531,13506.13,14240.71,0,8043.529,9149.252
9532,20097.85254,46973.65039,8803.018311,11437.45166,0
9533,38026.1792,56037.16699,14864.07275,11872.86914,13551.15649
9534,15597.91,9235.532,0,15890.82,0
9535,13615.91,42005.64,0,8647.3,0
9536,12657.45,22335.92,0,5691.593,0
9537,0,16093.39,0,9025.954,0
9538,0,16942.97,0,9538.03,0
9539,0,16385.49,0,8423.649,0
9540,14804.71,27007.6,6665.825,16023.24,11595.72
9541,9085.659,43063.9,0,15183.54,0
9542,37645.92,48634.99,7965.005,31786.38,25236.88
9543,0,5128.622,0,0,4269.824
9544,7141.563,28713.34,0,0,0
9545,11446.96,17879.04,0,0,4084.867
9546,0,18762.7,0,8250.408,0
9547,13399.33,20153.47,0,11783.38,0
9548,0,17817.94,0,6237.23,0
9549,12790.87,41768.82,0,8156.853,0
9550,21332.74341,46039.05469,0,0,11283.84814
9551,9602.588,31541.95,0,6571.948,4823.762
9552,7759.541,18473.86,0,0,0
9553,12847.95276,24300.90723,0,11725.11182,0
9554,5518.96,27133.56,0,7026.863,0
9555,12807.08,36916.1,0,14797.44,0
9556,40019.23,62249.95,6203.175,35502.25,25539.02
9557,24350.0896,41410.97656,0,13815.43335,7464.118042
9558,5814.607,36517.2,0,7263.001,0
9559,6300.53,24365.04,0,8628.753,0
9560,18165.87427,33560.48242,6058.227173,10354.58276,0
9561,0,23941.63,0,8760.128,0
9562,9582.434,5588.623,0,9620.639,0
9563,0,7429.444,0,6126.845,0
9564,0,8046.635,0,0,4421.381
9565,0,41196.93,0,9587.678,0
9566,0,7826.829,0,8699.077,0
9567,0,8083.843,0,11942.61,0
9568,16784.93433,34983.07031,0,8136.470459,0
9569,10061.01,13629.54,0,0,0
9570,13605.52,9465.858,0,7417.705,0
9571,13301.49,12471.54,0,8602.791,5244.128
9572,25799.27393,56735.68555,16635.32666,16041.13867,0
9573,0,7525.967,0,11250.19,0
9574,17464.4,16765.07,0,0,5127.357
9575,17937.24,24888.59,0,63629.47,0
9576,27584.46777,62636.30273,12826.74072,10035.6521,17813.48975
9577,6887.158,19265.66,0,0,0
9578,6678.26,36349.59,0,11326.02,0
9579,6421.132,11307.75,0,6794.192,0
9580,7016.657,23960.65,0,8774.612,0
9581,0,15379.98,0,0,4294.416
9582,22492.67,17856.44,0,10650.48,7629.122
9583,11614.41,12527.38,0,0,0
9584,7303.501,28449.82,0,15873.32,0
9585,14128.81,18867.26,0,29277.49,0
9586,0,7693.634,0,8540.573,0
9587,21721.43,38319.52,9386.637,0,8827.333
9588,0,6152.903,0,6031.116,0
9589,17793.47925,29890.19922,7783.482178,8389.74707,0
9590,0,34936.73,0,9659.585,0
9591,24495.55957,61840.57227,6915.005981,9720.995605,0
9592,11806.2019,12164.99365,0,9134.82373,0
9593,7573.161,18465.31,0,7877.109,0
9594,14899.16,16404.94,0,9738.57,5515.906
9595,3943.341,24907.66,0,11985.62,0
9596,0,26274.62,0,14256.45,0
9597,16593.38,37438.14,0,71007.73,4627.187
9598,15044.42,10209.32,0,21769.82,7384.734
9599,31130.76,27916.34,7013.025,12341.26,5450.856
9600,10579.72,8933.956,0,0,0
9601,11408.99,10767.7,0,6464.291,0
9602,0,17521.46,0,1207.397,0
9603,11998.32,12791.76,0,11619.13,6221.362
9604,0,19990.4,0,11185.42,0
9605,19028.72,23823.34,0,21320.17,0
9606,14706.48,16420.42,0,13025.64,0
9607,14142.68,23736.96,7209.369,10355.2,8752.209
9608,0,22834.03,0,0,4330.621
9609,10749.81,14879.97,0,0,0
9610,8807.301,13411.11,0,20917.47,0
9611,5573.458,23109.45,0,0,0
9612,18294.23,38133.33,0,23638.17,8277.983
9613,32338.52,56988.54,8822.621,20134.84,15220.18
9614,6794.311,14830.02,7836.018,8126.984,0
9615,9270.81,18619.97,0,8469.948,0
9616,18361.16,40438.75,5785.5,15065.84,12301.53
9617,0,25328.13,0,6838.954,0
9618,6959.957,6830.361,0,0,0
9619,22965.3916,61576.74023,8743.742432,0,0
9620,6453.654,19655.72,0,0,0
9621,9237.802,9747.04,0,8895.842,0
9622,32153.78613,44414.26758,11722.78467,7292.421143,0
9623,0,9475.877,0,10559.95,5590.793
9624,6904.912,12626.83,0,15686.62,0
9625,0,8442.918,0,10425.73,0
9626,33127.68,26272.4,0,15559.09,7185.141
9627,50238.86,64401.97,9330.435,13960.38,14898.86
9628,36894.45703,45465.37988,10769.62769,11716.85767,8249.284912
9629,13093.33,15861.74,0,0,7056.865
9630,9488.247,6125.931,0,0,0
9631,7129.385,6985.38,0,0,0
9632,17056.83813,30790.66602,10511.32886,5619.279785,0
9633,6875.024,19833.2,0,19662.12,0
9634,16148.59,41911.47,7495.611,15376.92,0
9635,14871.52,23126.87,8771.513,13208.05,9175.549
9636,6586.446,26861.07,0,0,0
9637,7883.311,12164.68,0,0,5430.407
9638,0,20662.72,0,7759.379,0
9639,16733.77197,23343.18799,0,0,0
9640,0,24168.38,0,0,7134.689
9641,18642.48,10421.27,0,14012.64,3961.523
9642,0,12123.51,0,8056.568,0
9643,32759.6,42182.62,10413.04,18537.77,9294.119
9644,10873.21,9973.075,0,7985.156,4154.157
9645,14735.33,20689.52,0,70949.47,8788.443
9646,0,6987.241,0,6405.329,0
9647,13309.68,16728.44,0,14630.99,5494.539
9648,0,24489.26,0,8192.525,0
9649,0,13480.65,0,13188.52,0
9650,30372.63867,48870.49805,10662.75,0,6930.452148
9651,0,25205.14,0,6905.977,0
9652,20706.42,12557.52,0,12942.21,0
9653,38936.51,58708.05,10775.8,19804.45,13880.19
9654,12701.59,16348.08,0,7635.13,0
9655,27516.36,33697.77,9880.448,12736.74,7332.631
9656,26554.28345,59325.67383,10177.39648,12594.56689,6391.067261
9657,17216.9541,21798.23291,0,0,0
9658,36483.65,44917,6151.781,12002.92,7991.26
9659,65363.23,51258.62,0,17709.41,10433.37
9660,7800.052,13607.74,0,10287.84,0
9661,8412.888,28378.72,0,6117.035,8883.977
9662,14631.23,34940.38,8214.1,13291.77,16868.2
9663,16873.19,30052.09,10220.11,6900.48,6137.003
9664,27811.6,12797.12,8357.907,15424.79,7108.177
9665,14298.54,18655.06,0,14325.03,8705.124
9666,12605.75,16315.12,6188.059,9787.775,0
9667,23360.7,47619.09,8075.052,16013.19,5140.308
9668,6705.436,10964.27,0,10704.62,7000.598
9669,31842.09,50071.41,9796.261,18776.65,19190.31
9670,43617.97,56149.15,7969.145,14258.52,10940.63
9671,12306.08,19155.58,0,6396.256,5383.838
9672,6236.917,19719.77,0,6745.343,0
9673,36289.53564,64970.04688,16483.0083,13604.51074,11185.89502
9674,0,26079.57,0,6017.608,0
9675,21626.75,27706.9,0,8546.379,4721.682
9676,0,29721.08,0,9595.708,0
9677,46332.14,27195.67,0,12968.2,8561.325
9678,45685.17,51818.77,6744.559,16591.14,6191.456
9679,10425.36,13683.87,0,13787.83,0
9680,25672.37,16038.84,0,11902.38,14574.55
9681,14939.5,17474.49,0,0,0
9682,7440.979,10353.6,0,0,0
9683,28121.54,53671.9,8913.164,14761.86,7335.311
9684,5654.328,14909.71,0,7690.845,6020.967
9685,8143.061,17490.75,0,7081.363,5085.045
9686,8300.009,12801.22,0,0,7091.27
9687,42460.49,34974.95,0,11128.87,11769.97
9688,0,15903.97,0,10204.33,0
9689,11566.84,14592.36,0,10001.44,7432.285
9690,6513.201,12266.14,0,9560.44,0
9691,0,13127.53,0,6578.199,0
9692,19673.38,6514.779,0,10646.36,0
9693,10684.21,7618.369,0,12020.97,0
9694,0,14541.68,0,5756.182,4580.109
9695,0,24653.68,0,8509.594,0
9696,12546,6162.131,0,0,0
9697,37242.61,63016.07,13465.43,19408,13705.09
9698,8495.927,13404.99,0,0,0
9699,41966.72,18424.11,5143.576,19291.05,4924.938
9700,7994.757,15181.76,0,16763.58,0
9701,9435.755127,52210.53516,14938.61377,7426.204102,0
9702,13904.62,10338.54,0,8198.309,9956.034
9703,5696.218,19495.78,0,5520.949,0
9704,14444.03,13883.56,0,9072.82,0
9705,25338.72461,47960.59863,14698.08838,9885.438232,6743.988403
9706,14554.94,24535.37,8253.451,10145.71,6932.75
9707,21969.92725,46724.64844,14792.65332,14496.72729,0
9708,20032.49194,31964.76563,13247.50391,10252.29199,7993.533691
9709,14500.92188,31210.26953,0,8919.675781,0
9710,23691.37,31862.42,6649.008,14021.35,9926.098
9711,10028.61,13498.4,0,12357.79,0
9712,34299.44,33161.37,0,19738.74,11021.71
9713,14245.38,15787.21,0,0,4427.124
9714,25147.10522,38062.91504,6033.85791,9380.653564,10579.47192
9715,0,15894.92,5761.245,8386.692,0
9716,19120.76,33385.92,0,11077.15,0
9717,23419.80811,44103.06934,7122.419434,8865.16748,8985.424316
9718,30538.39648,36940.24414,10445.56543,15446.72607,0
9719,12830.33,22614.88,0,10901.53,0
9720,22788.34,33503.67,5776.402,90219.77,9891.815
9721,37739.0166,45741.09961,15521.26514,12260.39185,9716.091064
9722,15345.18,14050.63,0,14911.85,7050.164
9723,42264.4,50516.85,7920.053,15895.99,11940.02
9724,7688.211,13489.09,0,11797.35,0
9725,19039.41797,32110.95801,0,15075.9895,0
9726,20302.87,35563.34,0,6648.122,6000.613
9727,25695.97241,41855.2041,6741.978149,9304.462891,9587.110352
9728,44337.09424,59957.92773,10034.64966,19311.71582,9639.178223
9729,24089.45,34624.36,7349.537,16434.85,10151.58
9730,0,6042.199,0,0,4862.219
9731,6995.972,6053.665,0,0,0
9732,0,17597.49951,0,8062.111328,0
9733,5302.96,11185.22,0,9155.09,0
9734,17055.59,17626.97,0,12757.84,9612.814
9735,16976.66943,39914.38184,7968.25708,8077.154297,8325.632324
9736,9586.306,8724.076,0,7824.214,5684.929
9737,8414.732,15406.55,0,6919.542,4577.775
9738,0,14594.97,0,18889.09,0
9739,59305.46,52554.91,10889.6,27701.29,21227.1
9740,18837.8,27111.39,0,15900.93,10934.07
9741,28905.08447,49555.91699,12722.30591,13595.07153,0
9742,22752.72,20670.27,0,14177.47,6023.054
9743,22322.11,24981.78,6836.648,17109.99,8652.99
9744,13236.39,16331.62,0,14774.59,6191.633
9745,10497.77,9864.073,0,0,0
9746,15568.81543,33645.74414,6678.300537,7922.592529,6714.085327
9747,50102.08,50077.35,11068.71,18466.71,6985.404
9748,20115.95,19586.25,6556.718,0,0
9749,22740.6311,58353.63477,9310.11377,17080.44727,15252.10547
9750,8033.521,14234.93,0,6098.101,0
9751,43564.99,51813.3,8012.871,29136.17,27685.76
9752,26864.82,49478.06,7044.834,25879.39,17381.04
9753,6623.618,16789.2,0,9489.966,8178.349
9754,21191.29,29618.23,0,21066.38,14848.32
9755,17916.28882,50565.28516,7333.0896,0,11435.4397
9756,25554.43,38949.49,8529.867,18154.86,21629.93
9757,17667.12,20459.47,0,7692.677,10785.25
9758,21568.57,31130.25,0,19150.09,15328.69
9759,22172.09,44998.78,13646.99,28328.83,20735.94
9760,35464.13,62861.83,8585.931,16015.29,10247.99
9761,9758.19,31715.52,0,15263.31,15745.51
9762,17389.63,30178.42,7553.051,12980.88,0
9763,0,15674.62,0,6322.944,0
9764,46065.99365,54552.96484,11291.91602,10538.75562,12743.63989
9765,23864.73145,40227.67969,7970.464844,0,7568.362549
9766,8592.466,28324.74,0,12380.23,6774.613
9767,15150.1,15909.1,6247.458,20069.7,9077.631
9768,21057.38,29144.22,6460.424,10344.47,12639.65
9769,17880.29,23660.77,0,0,0
9770,43311.60742,50479.5791,12488.20972,12127.61963,12184.69897
9771,24662.40039,48864.32715,11489.91577,7268.423218,6925.682129
9772,9461.198,10362.49,0,0,0
9773,17805.32,20063.57,0,0,5315.766
9774,0,6309.605,0,11593.96,4295.131
9775,13527.78,12751.84,0,5569.277,0
9776,20515.49,46421.38,0,16664.94,8213.124
9777,14797.93,14621.57,0,18502.31,0
9778,19380.59,29920.04,0,11407.66,9063.934
9779,22162.99219,55731.11133,0,8043.872803,0
9780,15116.34,21828.5,0,6257.434,4796.76
9781,19447.81,50210.19,9948.796,20600.16,17820.79
9782,14726.37,21642.9,6727.792,25091.87,8528.444
9783,21408.85,45695.85,9739.448,21699.99,16193.9
9784,19369.31,20195,0,11222.87,9191.577
9785,18376.92,19689.22,7736.529,7415.379,10475.59
9786,16778.22,17822.58,0,32057.24,8525.561
9787,14012.66,22062.08,0,7964.095,7299.028
9788,13835.02,18543.62,0,7156.379,6559.59
9789,18114.81,33664.07,6666.779,16471.11,11936.42
9790,21484.43,29489.73,0,15550.78,9776.95
9791,38281.57,46050.07,0,26512.05,24497.69
9792,13007.57,7912.297,5554.298,9835.579,4297.233
9793,28317.85,45639.4,5515.057,7845.057,9118.588
9794,9376.591,13976.47,0,12954.21,5391.699
9795,28823.96,35635.37,0,16791.21,9490.569
9796,15623.42,23586.48,4717.4,15370.7,5275.397
9797,14792.73,17238.31,0,0,6701.927
9798,11404.31,10671.17,0,10358.32,7077.246
9799,14085.99,13815.99,0,9192.95,0
9800,17167.98,24213.13,0,0,7724.231
9801,21454.79,15058.45,0,7498.319,0
9802,15271.27,29979.11,8168.553,8760.986,0
9803,44622.3,59029.86,9634.518,40067.18,26345.39
9804,5724.368,18806.9,0,12198.85,0
9805,15843.72,38632.79,9500.877,9076.931,7161.323
9806,15341.88,20509.01,0,26180.89,9701.585
9807,12127.71,7927.216,0,11809.53,0
9808,20505.46,30936.35,0,10050.89,14059.6
9809,26451.22,44835.28,0,13431.41,9638.839
9810,19393.89,41358.72,5607.773,15398.49,7597.331
9811,10714.84,17520.05,0,0,0
9812,18108.73,27205.44,0,15204.7,9572.762
9813,9211.375,13738.68,0,0,0
9814,14414.67,9150.76,0,0,0
9815,9492.579,14031.76,6737.495,6568.765,5670.936
9816,21970.3,28872.08,9200.7,6738.038,10029.69
9817,19412.68,28235.04,0,10339.36,8323.877
9818,26069.91,42654.22,10103.97,14770.04,14485.49
9819,28665.19,40056.9,0,19545.67,8604.839
9820,13003.52,13994.33,0,9185.861,0
9821,41795.66,51019.79,11432.72,12296.57,8325.805
9822,29691.87,28936.13,6772.163,10452.74,9282.762
9823,11201.52,13512.69,0,11138.66,5460.063
9824,17075.72,27660.02,0,17341.21,0
9825,18932.56,43925.21,5610.642,16220.15,14737.78
9826,33116.09,56836.43,14413.06,27977.43,32502.98
9827,0,8908.689,0,11149.15,0
9828,38477.43,45520.03,0,17610.18,15179.35
9829,19367.24,27130.07,0,12276.91,0
9830,7139.903,12428.79,0,0,0
9831,10763.26,11166.81,0,0,6250.87
9832,0,9105.249,0,8517.315,0
9833,10327.3,44464.97,0,15844.26,13388.33
9834,25692.88,51861.23,8408.978,14385.01,9815.695
9835,19101.15,30502.2,0,17682.6,7257.611
9836,19112.28,38822.89,8353.378,17743.83,11620.64
9837,16746.78,20762.51,0,12462.13,9055.327
9838,17898.16,27122.6,0,17470.26,16198.67
9839,19785.61,28870.81,0,13038.1,5251.274
9840,15873.99,20640.76,0,22704.55,6351.082
9841,7568.968,15246.39,0,0,6174.169
9842,15084.04,21418.31,0,10899.53,0
9843,19388.56,42624.06,7016.073,18157.12,8000.846
9844,36024.76,42741.34,6474.066,20432.97,10558.1
9845,0,8514.685,0,11712.1,0
9846,14800.19,17419.34,0,15538.29,8861.936
9847,17992.33,38866.53,6941.44,16563.05,6017.446
9848,40883.91,53429.91,11017.93,21595.69,17942.2
9849,30695.47,37533.99,6220.217,18876.28,13172.4
9850,26698.31,33095.43,12736.4,12256.54,14529
9851,21520.17,28743.88,7792.01,6708.862,5852.475
9852,19313.74,46530.21,9550.92,15292.44,13261.71
9853,20043.15,27616.05,0,15622.78,7100.701
9854,17637.83,21816.42,8585.413,14329.91,8582.03
9855,24360.73,23372.16,0,17034.69,5227.011
9856,36330.48,25699.87,5920.743,15208.74,12497.99
9857,40355.71,62398.42,8952.952,31779.85,18335.24
9858,11016.69,44900.05,13623.95,23408.19,10299.36
9859,16887.21,49626.83,0,6330.05,11067.55
9860,34541.08,45364.75,14688.3,7852.768,7932.036
9861,10917.04,11890.83,0,0,0
9862,34455.58,51038.73,12089.69,31670.7,16634.24
9863,14149.83,16675.4,0,0,4347.931
9864,16196.36,21242.98,5494.59,16552.79,5982.493
9865,33185.67,46801.3,7239.143,25848.13,17284.7
9866,11287.22,7464.016,0,7502.537,0
9867,14882.86,23261.07,0,13621.8,0
9868,13748.95,15443.21,0,8275.121,4823.363
9869,14893.86,23491.8,7721.891,12888.51,8332.638
9870,15237.23,43412.8,0,15688.14,19247.89
9871,33312.61,46328.24,10084.88,22107.64,9896.526
9872,20509.08,16484.13,0,8812.577,7057.687
9873,6797.575,12080.94,0,8210.689,0
9874,21609.23,36350.2,0,12826.89,0
9875,10423.26,28039.97,10375.44,7035.276,0
9876,12972.33,11018.58,0,13846.33,0
9877,8915.863,8024.757,0,0,4297.412
9878,48897.51,53859,7035.377,22981.23,14920.72
9879,24104.47,51214.65,8662.456,12524.35,8279.549
9880,38428.32,55976.08,9089.343,19747.77,15259.11
9881,15469.53,14496.45,0,18371.86,5847.038
9882,17238.38,24273.34,0,14143.65,8945.457
9883,32382.28,46658.19,16044.69,23501.05,12539.17
9884,0,6455.081,0,6011.83,0
9885,32752.28,61618.82,11990.64,23452.64,28381.02
9886,22965,43856.83,5552.869,21583.48,21525.07
9887,14448.57,24588.94,0,0,8014.97
9888,21113.52,29675.34,0,5708.467,0
9889,10171.7,9625.997,0,6987.72,8223.12
9890,32424.6,43397.7,7981.256,26222.13,16035.06
9891,38699.88,49137.58,10140.07,13641.65,12385.98
9892,21569.97,34538.35,11446.78,16130.06,23795.08
9893,9127.358,12328.91,0,0,0
9894,34928.81,52789.31,12576.95,22594.97,10430.28
9895,15374.9,12899.7,0,13800.22,0
9896,36326.19,51612.64,0,21157.73,21749.01
9897,10236.96,12674.85,0,8439.993,6072.066
9898,16244.46,27840.56,0,8882.338,6737.318
9899,20869.43,51609.11,0,27613.68,19439.01
9900,11345,14045.35,7156.391,10738.25,9935.159
9901,51343.86,45498.12,8348.438,10266.83,11260.58
9902,29565.03,25375.76,0,9142.465,5777.852
9903,30729.84,64640.74,8069.389,13853.29,8743.598
9904,17473.12,36996.67,0,13719.84,15626.57
9905,7477.341,17481.38,0,7029.473,5726.227
9906,21780.49,32365.58,0,17674.23,14681.25
9907,7411.844,12150.52,0,8949.685,0
9908,17223.22,17648.21,0,13000.22,6791.275
9909,14856.64,27152.36,0,12085.1,10398.22
9910,13674.81,17470.99,0,6991.59,0
9911,38017.5,42316.29,0,16177.83,8425.604
9912,23720.48,20933.32,0,18558.33,11832.98
9913,45822.55,53992.87,7302.36,20237.85,10099.57
9914,23467.9,44241.29,0,23917.29,23343.03
9915,20456.55,56903.88,9439.193,18314.55,14420.38
9916,19953.51,55454.72,9083.597,11054.83,11159.99
9917,19067.28,34207.49,0,15930.75,16053.01
9918,18518.76,12816.46,0,11692.42,5938.593
9919,10687.11,13419.48,0,10409.9,0
9920,51062.54,50807.98,8824.918,18397.35,15505.6
9921,23951.29,20248.72,0,13897.66,15237.52
9922,12764.04,21565.48,0,6570.735,0
9923,23519.41,28858.06,0,15182.57,6579.082
9924,35520.78,55490.58,0,30579.47,23553.7
9925,18883.3,37350.14,8279.076,20629.69,15007.75
9926,7786.63916,20122.21387,0,0,0
9927,23652.29,38752.17,11615.19,15805.16,13933.5
9928,22803.3,27999.85,0,10211.81,10231
9929,32785.9,37688.3,10947.71,18324.88,24939.39
9930,39476.11,61062.09,7764.189,29542.5,21985.35
9931,26907.6,45157.94,8316.953,12418.08,9849.673
9932,14142.17,15406.79,0,12655.14,5334.372
9933,12199.44,17921.44,0,9541.064,6030.106
9934,39445.85,56274.49,6494.571,30496.18,28965.78
9935,12808.34229,33191.44922,0,7915.809326,0
9936,11068.55,12736.25,0,8438.125,4625.614
9937,18596.53,39872.51,9777.816,10688.21,10827.11
9938,38677,37787.17,0,12304.61,16879.62
9939,22876.49,33583.17,0,13780.3,17408.33
9940,22086.58,46828.71,10887.33,16813.53,14768.26
9941,25763.79,39778.08,7408.42,25147.24,19975.09
9942,22165.5,32506.35,0,0,8487.532
9943,26448.88,61786.81,6231.353,33582.64,29466.69
9944,14790.61,7838.117,0,10405.37,0
9945,0,5195.649,0,7101.707,0
9946,36860.77,64464.64,13313.7,24474.01,21717.58
9947,18377.4,13860.8,0,8298.408,9134.962
9948,8522.768,27251.38,0,13554.86,10734.71
9949,21943.56,48633.37,9389.944,20237.21,21149.65
9950,26046.95,35340,0,22615.32,10940.31
9951,0,7229.252,0,7611.483,6856.672
9952,19607.87,34790.54,0,11372.67,7491.577
9953,17758.13,24387.3,0,12439.2,9626.186
9954,18550.36,26895.84,0,12940.77,6284.63
9955,24806.55,41773.03,7732.132,18030.21,14736.25
9956,17966.62,30080.64,0,15459.35,8818.841
9957,9064.948,17600.18,0,0,7554.706
9958,16745.33,6762.403,0,7457.201,10340.72
9959,6134.58,17279.39,0,7490.137,7173.95
9960,34716.52,40272.04,9617.368,27254.65,15308.82
9961,17109.37,34481.59,6267.867,16085.65,10342.13
9962,16832.2,36384.41,0,14082.76,12299.41
9963,27994.52,32897.14,0,15959.64,9906.108
9964,16733.2,19451.11,0,14999.73,9415.782
9965,13337.12,27359.61,0,7556.064,0
9966,40373.6,52225.81,9480.132,14870.84,12870.32
9967,11933.96,20229.91,0,8269.002,0
9968,22800.25,39758.15,0,17251.28,7536.534
9969,27787.55,37673.38,0,22015.39,11774.84
9970,21074.53,31469.33,0,14726.5,8730.496
9971,27844.82,25157,0,0,0
9972,15691.3,25154.36,0,7956.127,8287.342
9973,29275.37,30312.11,8898.04,11393.22,9776.333
9974,19937.06,38987.18,0,24378.58,14277.65
9975,31320.13,39361.57,0,11654.34,5126.234
9976,13817.3,31599.31,0,15818.27,8477.438
9977,22429.98,36153.45,0,12499.34,16319.96
9978,33381.12,17020.06,5279.711,27490.95,0
9979,30913.96,40054.94,11335.76,13805.34,15290.34
9980,8773.418,15461.23,0,7990.694,6643.087
9981,23207.97,51143.59,6721.846,12152.85,15241.21
9982,47327.25,40855.02,6190.001,16285.67,14215.51
9983,13779.45,21124.3,0,9047.917,0
9984,29902.53,55593.98,14209.19,17831.66,18351.12
9985,14524.53,22195.04,0,8173.368,11091.98
9986,9602.261,22383.48,0,0,0
9987,12562.33,13158.47,0,7177.71,0
9988,0,15096.93,4894.871,0,0
9989,5711.925,9833.987,0,0,0
9990,7687.052,9179.106,0,0,0
9991,10338.24,20085.78,0,6341.267,0
9992,0,13459.79,0,6444.293,0
9993,14164.27,17413.18,0,14719.1,7040.761
9994,0,16892.69,0,6299.988,0
9995,10467.45,32081.27,0,0,0
9996,7603.273,30229.66,0,0,5029.516
9997,6706.813,22018.45,0,0,0
9998,6011.241,8088.203,0,0,0
9999,7275.562,13058.66,0,5990.61,0
10000,9236.068,38196.4,8239.851,16843.93,9980.855
